source	target	kind	discovery	blame_date	file_created	evidence
01	76	context	at-creation	2026-08-03	2026-08-03	Backfilled 2026-08-03 from the first day's history (M-76). This is a record of what the
01	2	context	at-creation	2026-08-03	2026-08-03	starts at `543d390` (M-2), so no commit names M-1. The boot commit and the plan
02	76	context	at-creation	2026-08-03	2026-08-03	Backfilled 2026-08-03 from history (M-76). Built in `543d390` (2026-07-13), the first
02	5	context	at-creation	2026-08-03	2026-08-03	and a syscall are the same mechanism, so this is also the plumbing for M-5 (the timer)
02	7	context	at-creation	2026-08-03	2026-08-03	and M-7 (`svc`), and those became "mostly a matter of adding arms to a match."
02	449	context	later	2026-09-20	2026-08-03	This refusal is M-449 (design/roadmap/449-the-el2-to-el1-drop.md), which carries it with
03	76	context	at-creation	2026-08-03	2026-08-03	Backfilled 2026-08-03 from history (M-76). Built in `ba47a27` (2026-07-13), written up in
03	4	context	at-creation	2026-08-03	2026-08-03	than a fix; the real fix, a guard page below the stack, waited for M-4's MMU.
03	5	context	at-creation	2026-08-03	2026-08-03	M-5. That arrived as `6974f6c` (IrqSafeMutex, handlers do not allocate) and was later
03	4	context	later	2026-09-03	2026-08-03	- **M-4.** The guard page below the kernel stack. The stack canary this milestone added is
03	4	context	later	2026-09-03	2026-08-03	M-4 turns on.
03	5	context	later	2026-09-03	2026-08-03	- **M-5.** The written-down locking discipline the commit demanded before a timer interrupt
03	5	context	later	2026-09-03	2026-08-03	M-5 is where it stopped being a hypothesis.
04	76	context	at-creation	2026-08-03	2026-08-03	Backfilled 2026-08-03 from history (M-76). The one early milestone that landed as named
04	3	context	at-creation	2026-08-03	2026-08-03	- `474ace4` "steps 2+3": the MMU is on, with W^X and the guard page M-3's stack overflow
04	14	context	at-creation	2026-08-03	2026-08-03	matches, with the heap later removed on purpose by M-14, which the record here should not
04	14	context	later	2026-09-03	2026-08-03	slab allocator, the `wfi` fix) or was undone on purpose by M-14, and the block leaves no
04	14	context	later	2026-09-14	2026-08-03	virtual memory with W^X and a guard page; the heap M-14 later removed on purpose
05	76	context	at-creation	2026-08-03	2026-08-03	Backfilled 2026-08-03 from history (M-76). Built in `809d856` (2026-07-13): a 100 Hz
06	76	context	at-creation	2026-08-03	2026-08-03	Backfilled 2026-08-03 from history (M-76). Built in `782d4bb` (2026-07-14): two threads
06	7	context	at-creation	2026-08-03	2026-08-03	`ret` that resumes a thread also start one. M-7a later pulled the identical trick to
07	76	context	at-creation	2026-08-03	2026-08-03	Backfilled 2026-08-03 from history (M-76). The densest citation target in the tree (79
08	76	context	at-creation	2026-08-03	2026-08-03	Backfilled 2026-08-03 from history (M-76). Built in `a5533cb` (2026-07-14). The revised
09	76	context	at-creation	2026-08-03	2026-08-03	Backfilled 2026-08-03 from history (M-76). Two commits on 2026-07-14:
09	32	context	at-creation	2026-08-03	2026-08-03	is M-32's work, eighteen days and a real filesystem later.
09	32	context	later	2026-09-03	2026-08-03	- **M-32.** The revised row promised "virtio-blk in userspace + a filesystem server" and the
09	32	context	later	2026-09-03	2026-08-03	server is M-32, eighteen days and a real filesystem later, and this block already says so.
10	76	context	at-creation	2026-08-03	2026-08-03	Backfilled 2026-08-03 from history (M-76). Built in `61ed8c2` (2026-07-14), the rung the
10	9	context	at-creation	2026-08-03	2026-08-03	absorbed the original M-9 ("Processes: spawn, exit, wait") when the ladder was rewritten
10	13	followon	at-creation	2026-08-03	2026-08-03	left for later (revocation is M-13's subject and reaping a whole process is milestone
10	13	context	later	2026-09-03	2026-08-03	- **M-13.** Teardown beyond `exit` was deliberately left out here, and revocation is where
10	9	context	later	2026-09-03	2026-08-03	half of the old M-9; taking one apart safely was not.
10	26	prerequisite	later	2026-09-03	2026-08-03	- **M-26.** Reaping a whole process, the other half of the teardown this block deferred. A
10	31	context	later	2026-09-03	2026-08-03	- **M-31.** The shell itself stopped at three commands (`help`, `echo`, `run <n>`), and the
10	47	context	later	2026-09-03	2026-08-03	- **M-47.** Navigation and naming, which is what the three-command shell had none of:
10	67	context	later	2026-09-03	2026-08-03	- **M-67.** The language the shell speaks, which this block leaves as the interactive
11	76	context	at-creation	2026-08-03	2026-08-03	Backfilled 2026-08-03 from history (M-76). The one early milestone that was not in the
11	14	context	at-creation	2026-08-03	2026-08-03	everything the roadmap now tracks came after, and M-14 finished what this one started by
11	14	context	later	2026-09-03	2026-08-03	- **M-14.** Finishing what this one started: the kernel heap goes away outright and every
13	14	context	later	2026-09-03	2026-08-03	- **M-14.** Reclamation itself, which this milestone was the blocking precondition for.
13	456	context	later	2026-09-20	2026-08-03	This refusal is M-456 (design/roadmap/456-the-capability-derivation-tree.md), which
14	11	context	at-creation	2026-08-03	2026-08-03	**Deliverable.** Retype TCBs, endpoints, and page tables out of untyped memory, the way M-11
14	11	context	at-creation	2026-08-03	2026-08-03	**Why.** This finishes S-10's deferred axis. M-11 stopped the kernel allocating for *user*
14	457	context	later	2026-09-20	2026-08-03	This refusal is M-457 (design/roadmap/457-sub-page-object-packing.md), which carries it
14	456	context	later	2026-09-20	2026-08-03	This refusal is M-456 (design/roadmap/456-the-capability-derivation-tree.md), which
14	11	context	later	2026-09-03	2026-08-03	- **Refused.** Any change to the user-facing map and retype semantics for frames. M-11's
15	14	prerequisite	later	2026-09-18	2026-08-03	**Why it matters.** perf the real-workload path needs on real silicon. **Built** (8-bit fixed bitmap, no rollover: M-14's bounds made generations ...
15	58	context	later	2026-09-03	2026-08-03	- **M-58.** The RISC-V half. `sfence.vma` is local, so discharging an ASID machine-wide
15	14	context	later	2026-09-03	2026-08-03	- **Refused.** The generation and rollover scheme this block sketched from Linux. M-14
15	458	context	later	2026-09-20	2026-08-03	This refusal is M-458 (design/roadmap/458-asid-generations-and-rollover.md), which carries
15	363	context	later	2026-09-19	2026-08-03	- **M-363.** `design/roadmap/363-what-asids-bought.md`, put a number on what ASIDs bought.
16	74	context	later	2026-09-03	2026-08-03	- **The real-cycle benches: the code landed 2026-09-03, the numbers have not.** M-74's
16	25	context	later	2026-09-03	2026-08-03	its aarch64 half, and that is M-25's `sel4bench` comparison rather than 16a's board.
16	247	context	later	2026-09-03	2026-08-03	day it was found.** M-247 swept every `BUILT` and `REMOVED` block for exactly this and cannot
16	143	context	later	2026-08-21	2026-08-03	is now M-143, split out 2026-08-20, because it waits on a board that ships the ratified
16	143	context	later	2026-08-21	2026-08-03	16b's riscv driver carries over when a board ships the ratified spec, which is M-143.
16	22	context	at-creation	2026-08-03	2026-08-03	**Also closes an integrity window (M-22's precondition).** Before DMA is confined in
16	74	context	later	2026-09-16	2026-08-03	- **M-74.** The real-cycle benches are all that is left of 16a, and **the riscv64 number was
16	143	prerequisite	later	2026-09-03	2026-08-03	- **M-143.** Carrying 16b's RISC-V IOMMU driver to silicon is that block, gated on hardware
16	25	context	later	2026-09-03	2026-08-03	- **M-241.** The aarch64 board this block deferred to when M-25's leftover
16	241	context	later	2026-09-03	2026-08-03	- **M-241.** The aarch64 board this block deferred to when M-25's leftover
16	252	context	later	2026-09-03	2026-08-03	- **M-252.** The gap this block found in itself, that a PARTIAL block goes unread while it
16	252	context	later	2026-09-03	2026-08-03	keeps claiming work, is M-252.
17	88	prerequisite	at-creation	2026-08-03	2026-08-03	starts from. This milestone is gated on evidence two others produce: **M-88** provides the
17	80	context	at-creation	2026-08-03	2026-08-03	run on exceeds ten), and **M-80** provides the method, because a design that replaces the
18	35	context	at-creation	2026-08-03	2026-08-03	**Status (2026-07-29), with M-35 done.** The proved set is now broad: 13 crates, ~60
18	35	context	at-creation	2026-08-03	2026-08-03	M-35. An audit against the TCB (prompted by asking "what should we prove that we haven't")
18	35	context	at-creation	2026-08-03	2026-08-03	attacker-tested, never proved.** M-35 closed it: the validator is extracted and proved for every
18	35	context	at-creation	2026-08-03	2026-08-03	declined BMC wall and on tests). What M-35 explicitly does **not** prove, and says so in three
18	35	context	later	2026-09-03	2026-08-03	- **M-35.** The TCB audit's one glaring exception, the DMA-confinement validator that was
18	193	context	later	2026-09-03	2026-08-03	- **M-193.** The frontier this block names past the logic crates: proving properties *of the
18	466	context	later	2026-09-20	2026-08-03	This refusal is M-466 (design/roadmap/466-verus-and-unbounded-proof.md), which carries it
20	161	context	later	2026-08-23	2026-08-03	below was never tracked as open work and is split out to M-161** (2026-08-23, checked
20	161	context	later	2026-08-23	2026-08-03	**In brief.** Make `arch/` a real HAL; bring up RISC-V (x86_64 tracked at M-161)
20	161	context	later	2026-08-23	2026-08-03	milestone's own scope; x86_64 is M-161's.
20	16	context	at-creation	2026-08-03	2026-08-03	M-16, not here.
20	161	context	later	2026-09-03	2026-08-03	- **M-161.** The x86_64 half of "Deliverable, in two parts". It was never tracked as open
20	176	context	later	2026-09-03	2026-08-03	- **M-176.** The device-discovery seam this block asked for ("here is the hardware", device
20	16	context	later	2026-09-03	2026-08-03	- **M-16.** Real-hardware aarch64, which this block names as the cheapest portability proof
21	15	context	at-creation	2026-08-03	2026-08-03	**Added 2026-07-23, prompted by M-15 shipping a performance win nothing measures.** The
21	15	context	at-creation	2026-08-03	2026-08-03	This is where M-15's flush removal finally gets measured (an A/B flag restoring the
21	16	context	at-creation	2026-08-03	2026-08-03	VMM), the PMU is not virtualized (cycle-exact counters wait for M-16's silicon, which
21	74	context	later	2026-09-03	2026-08-03	- **M-74.** Cycle-exact counters. HVF passes no PMU through, so `--real` reports the
21	74	context	later	2026-09-03	2026-08-03	architected virtual counter and derives cycles by arithmetic. M-74 is the SBI PMU half on
21	16	prerequisite	later	2026-09-03	2026-08-03	riscv64 and the `PMCCNTR_EL0` half on aarch64, raised from an audit of what M-16a needs,
22	36	context	at-creation	2026-08-03	2026-08-03	to reap is no longer needed. The measured limit: M-36's `c_confiner` still holds a
22	19	context	at-creation	2026-08-03	2026-08-03	evicted (M-19) plus *restart policy* (retries, backoff, escalation) into the trusted
22	23	context	later	2026-09-03	2026-08-03	- **M-23.** Restarting a **hung** child. `Endpoint::REAP` refuses a live thread on purpose,
22	36	context	later	2026-09-03	2026-08-03	- **Recorded.** `notes/supervision.md`: M-36's `c_confiner` still holds a full construction
23	39	context	later	2026-08-23	2026-08-03	notes/component-manifest.md), which is the piece M-39's packaging analysis leans on. **The
23	126	context	later	2026-08-17	2026-08-03	report a hang**: `abi::endpoint::SURVEY` (M-126) says `BLOCKED`, which is byte for byte what a
23	106	context	later	2026-08-17	2026-08-03	M-106's timed wait; and what may be done to a component that never cooperates, where the
23	7	context	at-creation	2026-08-03	2026-08-03	never a peer (the M-7-8 decision), so a component's identity is invisible to the code that
23	13	context	at-creation	2026-08-03	2026-08-03	registers (the interleaving hazard): M-13's revocation extended from frames to *device*
23	21	context	at-creation	2026-08-03	2026-08-03	- **Measure it, do not argue it.** M-21's benchmark harness is the instrument: add a
23	22	context	at-creation	2026-08-03	2026-08-03	M-22's authority-minimisation. It also connects directly to the parked competitor ambition
23	106	context	later	2026-09-03	2026-08-03	- **M-106.** How a supervisor notices a hang is the timed wait,
23	106	context	later	2026-09-03	2026-08-03	`design/roadmap/106-deadline-wait.md`, NOT-STARTED and itself a kernel-surface fork for calef.
23	177	context	later	2026-09-03	2026-08-03	`kernel/src/user/display_tests.rs`, `kernel/src/user/compositor_tests.rs`) and M-177
24	88	prerequisite	later	2026-08-25	2026-08-03	follows M-88's stage 1 while the Linux-boot-protocol path needs neither.
24	60	context	at-creation	2026-08-03	2026-08-03	protocol. Small delta: add the header, reuse the existing DTB front door (M-60), write
24	88	context	at-creation	2026-08-03	2026-08-03	- **`VZEFIBootLoader`** is generic UEFI, sharing M-88's boot stub. Bigger alone, but if
25	127	context	later	2026-08-14	2026-08-03	longer 16a's board: M-127 bought the machine under the only published aarch64 seL4 numbers
25	74	context	later	2026-08-14	2026-08-03	days rather than waiting on a decision. M-74 is the driver that reads that counter, and 74's block states the
25	168	context	later	2026-08-24	2026-08-03	means by "micro-benchmark."** [M-168](168-multitasking-benchmark.md) was minted from S-96's
25	127	context	later	2026-09-03	2026-08-03	hand as of 2026-09-01 and named argon (`design/roadmap/127-the-sel4-machine.md`,
25	74	context	later	2026-09-03	2026-08-03	- **Outstanding.** M-74, the driver that reads `PMCCNTR_EL0` and the SBI PMU, is still
25	168	context	later	2026-09-03	2026-08-03	- **M-168.** The multi-tasking workload this block's own suite cannot supply, minted from
26	456	context	later	2026-09-20	2026-08-03	This refusal is M-456 (design/roadmap/456-the-capability-derivation-tree.md), which
27	23	context	later	2026-08-15	2026-08-03	**Why it matters.** **widens "runs real workloads" by orders of magnitude**: the pool of programs that build for nife becomes "most Rust code that doesn't ...
27	23	prerequisite	at-creation	2026-08-03	2026-08-03	why-not-general-purpose.md names it), and M-23's vendor-component ambition needs
27	31	context	later	2026-09-03	2026-08-03	- **M-31.** Creating and truncating a file, listed here among the operations no contract
27	122	context	later	2026-09-03	2026-08-03	- **M-122.** Directory iteration, the other named gap. `OPENDIR` reaches the PAL there, so a
27	64	context	later	2026-09-03	2026-08-03	- **M-64.** The claim this block makes about scope, "most of crates.io that stays off fs and
27	184	context	later	2026-09-03	2026-08-03	- **M-184.** The x86_64 leg. This block shipped and re-shipped on aarch64 and riscv64, which
28	23	context	at-creation	2026-08-03	2026-08-03	**Why it matters.** a terminal with real behavior is a far better "instance one" for M-23's live component replacement than the raw echo loop, and 27's ...
28	23	context	at-creation	2026-08-03	2026-08-03	**Why.** M-23's flagship line ("the console hot-swap is instance one") deserves a
28	29	context	later	2026-09-03	2026-08-03	- **M-29.** The display terminal. This block is serial on purpose and says the two must not
29	23	context	at-creation	2026-08-03	2026-08-03	for the full form of M-23's claim: **libghostty-vt** (Ghostty's extracted core:
29	142	context	later	2026-09-03	2026-08-03	- **M-142.** The scanout growth and the font itself. 142's increment one grew the surface
29	142	context	later	2026-09-03	2026-08-03	- **M-142.** The deferred terminal behaviour: scrollback, UTF-8, arrow keys and line
30	23	context	at-creation	2026-08-03	2026-08-03	**Why it matters.** **the canonical microkernel component**, the one people ask about first when a minimal kernel claims to stand next to Linux; and milestone ...
30	27	context	at-creation	2026-08-03	2026-08-03	The contract is what `std::net`'s PAL (M-27) binds to, replacing its honest
30	23	context	at-creation	2026-08-03	2026-08-03	Linux. M-23 gets its most convincing instance: live-replacing a network stack under
30	107	context	later	2026-09-03	2026-08-03	- **M-107.** The socket contract shipped with no listen verb, so everything this milestone
30	23	context	later	2026-09-03	2026-08-03	- **M-23.** Live-replacing the network stack under open connections, which this block names
30	27	context	later	2026-09-03	2026-08-03	- **M-27.** Binding `std::net`'s PAL to the socket contract, replacing the honest
31	47	context	later	2026-08-17	2026-08-03	**In brief.** The command line becomes a **grant expression**: naming a resource in a command IS the capability grant (`wc report.txt` passes one readable file ...
31	50	context	later	2026-08-17	2026-08-03	**In brief.** The command line becomes a **grant expression**: naming a resource in a command IS the capability grant (`wc report.txt` passes one readable file ...
31	23	context	at-creation	2026-08-03	2026-08-03	**Why it matters.** **no-ambient-authority made user-visible**: the inversion of Unix's model at the one interface a human touches. M-23's component ...
31	47	context	at-creation	2026-08-03	2026-08-03	is M-47's: it shipped as `run --mem N budgeter` and `file:PATH`.) One kernel change: `Untyped::SPLIT` grants the
31	50	context	later	2026-08-17	2026-08-03	defect class arriving sideways rather than by neglect: the work landed under **M-50**, whose
31	50	context	later	2026-08-17	2026-08-03	interactive boot and flip holdings()', and M-50 did both. Nothing read the result." A
31	23	context	at-creation	2026-08-03	2026-08-03	mismatch is a refusal at the prompt rather than a mystery hang; this is M-23's
31	32	context	at-creation	2026-08-03	2026-08-03	arrive with M-32's FS server, whose handles must be capability-shaped from birth partly
31	50	context	later	2026-08-17	2026-08-03	phase 3's larger half landing free under M-50; then init building the caretaker per grant,
31	47	context	later	2026-09-03	2026-08-03	- **M-47.** A grant of more than one name. This block could only build one subtree caretaker
31	50	context	later	2026-09-03	2026-08-03	half landed under M-50 and nothing read the result. A milestone's status is maintained by
31	328	context	later	2026-09-19	2026-08-03	- **M-328.** Narrowing a grant on
32	27	prerequisite	at-creation	2026-08-03	2026-08-03	cost is a `GlobalAlloc` for the FS-server process, which M-27's PAL needs anyway;
32	31	context	later	2026-09-03	2026-08-03	- **M-31.** The contract gap this block ends on: no `CREATE` and no `TRUNCATE` verb, so
32	31	context	later	2026-09-03	2026-08-03	`File::create` and `std::fs::write` were honestly Unsupported. M-31's phase 2 landed both.
32	37	context	later	2026-09-03	2026-08-03	- **M-37.** Risk 2's kill-mid-write tests, which grew into proving RedoxFS's crash
32	203	context	later	2026-09-03	2026-08-03	- **M-203.** Risk 3, upstream coupling. Pinning a version and carrying patches was done
32	57	context	later	2026-09-03	2026-08-03	- **M-57.** Item 4's "only operate on-device, never create" held until the write half needed
32	347	context	later	2026-09-19	2026-08-03	- **M-347.** Offer the two RedoxFS
33	151	context	later	2026-09-03	2026-08-03	- **M-151.** The kernel's one missing primitive this milestone found: a component that must
35	30	context	at-creation	2026-08-03	2026-08-03	the M-30 addition), **indirect descriptors** (the escape the attacker suite already
35	30	context	at-creation	2026-08-03	2026-08-03	probes), and **multi-queue** (per-queue block isolation, also M-30). The kernel keeps
35	31	context	at-creation	2026-08-03	2026-08-03	does not reach it. It is currently pinned by one kernel test (added with M-31's
35	16	context	at-creation	2026-08-03	2026-08-03	builder (`build_identity_domain`, M-16b) has a harness for the *maps-exactly-the-grant*
35	16	context	at-creation	2026-08-03	2026-08-03	**Why it is load-bearing now, not later.** M-16a's board, the VisionFive 2, **has no
36	27	prerequisite	at-creation	2026-08-03	2026-08-03	**In brief.** Prove the FFI seam end to end with a *minimal* C component before committing to a large one: bare-metal clang for both bare targets in the build, ...
36	27	context	at-creation	2026-08-03	2026-08-03	problem at any stack size. `malloc` is M-27's untyped heap on the instance's own region, so
36	22	context	at-creation	2026-08-03	2026-08-03	M-22 phase B.2's IPC proxy is the workaround that exists today; this spike deliberately did
36	35	context	at-creation	2026-08-03	2026-08-03	the DMA validator (proved, M-35), and the IOMMU. A C component in a confined process can
36	22	context	at-creation	2026-08-03	2026-08-03	its supervisor, which restarts it (the tree M-22 phase B built). That inverts the usual
36	27	context	at-creation	2026-08-03	2026-08-03	(`memcpy`, `memset`, `strlen`, `malloc`/`free`), with `malloc` backed by M-27's
36	29	context	later	2026-09-03	2026-08-03	- **M-29.** The large foreign component this spike was built to de-risk. libghostty-vt is
36	23	context	later	2026-09-03	2026-08-03	- **M-23.** The vendor-component claim, which is the other thing the seam de-risks: a
36	478	context	later	2026-09-20	2026-08-03	This refusal is M-478 (design/roadmap/478-tier-three-full-posix.md), which carries it with
36	16	context	later	2026-09-03	2026-08-03	nothing, and its real value is host interoperability, which is a M-16a story to do in Rust
38	25	prerequisite	at-creation	2026-08-03	2026-08-03	**In brief.** Sequential and random read/write throughput through the confined FS server, against ext4 on Linux and APFS on macOS at a matched virtualization ...
38	21	context	at-creation	2026-08-03	2026-08-03	**Why it matters.** **"primary filesystem" invites a comparison we cannot currently make.** We have the per-request numbers and the isolation tax, and no MB/s ...
38	138	context	later	2026-09-03	2026-08-03	- **M-138.** The 32x write amplification this milestone measured, where every 4 KiB file
39	23	context	later	2026-09-14	2026-08-03	*timing* still is, and it still inherits M-23. The recommendation on the page held up: option
39	120	context	later	2026-09-14	2026-08-03	M-120) later, and the split itself not before the strain justifies trading the
39	31	context	at-creation	2026-08-03	2026-08-03	**In brief.** **Analysis recorded, no decision taken.** The tree is a monorepo for a deliberately loosely-coupled system, and it is straining in measurable ...
39	36	context	at-creation	2026-08-03	2026-08-03	macOS) and its core wants `std` under test. M-36 did the same to the toolchain by requiring
39	23	context	at-creation	2026-08-03	2026-08-03	contract, and contracts are exactly what M-23's live replacement makes into a compatibility
39	23	context	at-creation	2026-08-03	2026-08-03	The project's own word already carries the thesis: M-23 is "a capability-routed **component**
39	23	context	at-creation	2026-08-03	2026-08-03	**Recommendation: D, executed as B, and not before M-23 forces it.**
39	31	context	at-creation	2026-08-03	2026-08-03	Most of a package format already exists and is not called one. M-31's per-program **manifest**
39	93	context	later	2026-08-16	2026-08-03	**Corrected 2026-08-16 by M-93's first documentation sweep: half of that move already
40	117	context	later	2026-08-18	2026-08-03	**`script/apropos`, and it is M-117's finding rather than a nicety.** Three stranger runs
40	50	context	later	2026-08-22	2026-08-03	want, and notes/pipes.md had been holding it open since M-50: *"a shell that wanted a
40	151	context	later	2026-08-22	2026-08-03	documented, accepted interim rather than fixed here; see this block's `BUGS` and M-151.
40	29	context	later	2026-08-26	2026-08-03	(M-29's font rendering, M-33's compositor), was still named as the phase's other
40	33	context	later	2026-08-26	2026-08-03	(M-29's font rendering, M-33's compositor), was still named as the phase's other
40	29	context	later	2026-08-26	2026-08-03	**In brief.** Markdown authored, **rendered** for display rather than shown raw, searchable locally, and installed by the package that owns it. Reuse ...
40	31	prerequisite	at-creation	2026-08-03	2026-08-03	**Why it matters.** **the OS explains itself, on itself.** The project's whole argument is already markdown (DECISIONS, thirty-plus notes, this roadmap), so a ...
40	23	context	at-creation	2026-08-03	2026-08-03	demonstration of M-23's component story than another synthetic test, and it costs the
40	29	context	at-creation	2026-08-03	2026-08-03	2. ~~**There is no font rendering yet.**~~ **There is now** (M-29, 2026-07-30): a bitmap
40	32	prerequisite	at-creation	2026-08-03	2026-08-03	That split is the reuse judgment, and it is the same one M-32 made about RedoxFS.
40	27	context	at-creation	2026-08-03	2026-08-03	| Parse | **`pulldown-cmark`** (pure Rust, CommonMark, event-stream API, few dependencies) | **Take it.** The event stream is the right shape for a renderer ...
40	39	context	at-creation	2026-08-03	2026-08-03	into a documentation store when the component is installed. This is where M-39's packaging
40	31	context	later	2026-08-16	2026-08-03	word would make the parse ambiguous.) M-31's grant expression makes this a demonstration
40	31	context	at-creation	2026-08-03	2026-08-03	**Sequencing.** Phase 1 wants M-31 phase 2 finished (per-file grants make `doc <file>` the
40	151	context	later	2026-08-22	2026-08-03	Tracked at M-151 (notification objects), DECISIONS S-101's kernel build, which lets the
40	151	context	later	2026-09-03	2026-08-03	- **M-151.** The caretaker-hop display race: with the `terminal_sink_caretaker` narrowing
40	334	context	later	2026-09-19	2026-08-03	- **M-334.** The other two thirds of
40	117	context	later	2026-09-14	2026-08-03	described a system which no longer existed, and pointed the same index at the repository as `script/apropos`, which is M-117's finding rather than a ...
40	151	context	later	2026-09-14	2026-08-03	front of it. M-151 tracks the one known cost (the caretaker-hop display race) as a
41	5	context	at-creation	2026-08-03	2026-08-03	**In brief.** Triage all **79** `allow(dead_code)`/`allow(unused)` suppressions in the tree, delete what is dead, and replace the module-wide ones with ...
41	8	context	at-creation	2026-08-03	2026-08-03	**In brief.** Triage all **79** `allow(dead_code)`/`allow(unused)` suppressions in the tree, delete what is dead, and replace the module-wide ones with ...
41	20	context	at-creation	2026-08-03	2026-08-03	its device capability, and M-20's kernel-side reader had outlived its own design.
41	5	context	at-creation	2026-08-03	2026-08-03	- `kernel/src/arch/aarch64/interrupts.rs:63`: "M-5's first non-test caller".
41	8	context	at-creation	2026-08-03	2026-08-03	- `kernel/src/arch/aarch64/mmu.rs:647` and `:660`: both point at M-8's *in-kernel* console, which S-21 moved into userspace and retired.
42	39	context	later	2026-08-15	2026-08-03	**In brief.** Three things CI does not do. **Advisories and licences**: no `cargo-audit`/`cargo-deny`, so a published advisory against a dependency is ...
42	32	prerequisite	at-creation	2026-08-03	2026-08-03	**Why it matters.** **the thesis is confining code we did not write, so not knowing when that code has a published advisory is an odd blind spot**, and ...
43	92	context	later	2026-09-03	2026-08-03	- **M-92.** The two candidate lenses this block named and did not run, capability-lifetime
43	134	context	later	2026-09-03	2026-08-03	- **M-134.** The `unsafe` census specifically. It stopped being an audit lens and became an
43	139	context	later	2026-09-03	2026-08-03	instrument: the census and the ceiling relation live in `script/lint`, and M-139 spends
44	42	context	at-creation	2026-08-03	2026-08-03	**In brief.** Four items, and they split into files we can commit and settings someone with admin has to toggle. **Files:** a `SECURITY.md` policy stating what ...
44	42	context	at-creation	2026-08-04	2026-08-03	M-42's `cargo-audit`/`cargo-deny` work rather than a code-quality one. Say that plainly, or
44	78	context	later	2026-09-03	2026-08-03	- **M-78.** The `cpu matrix` check is one of the five that deliberately does not block, and
44	78	context	later	2026-09-03	2026-08-03	the reason is that it is load-sensitive. M-78 is where that family of assertions was
45	44	context	at-creation	2026-08-03	2026-08-03	**Why it matters.** **the alerts land exactly where this project's most-used unsafe abstraction lives**, so the answer is worth having either way: either the ...
46	39	context	at-creation	2026-08-03	2026-08-03	**Execution discipline, because this is the change M-39 warns about.** One commit, nothing
46	63	context	later	2026-09-03	2026-08-03	- **M-63.** The word-separation split this milestone measured and did not settle. It found
47	64	context	later	2026-08-18	2026-08-03	sequencing was to let M-64 measure first so a real crate's demands could size the remaining
47	154	context	later	2026-08-26	2026-08-03	"blocked on a second grant" section named: M-154 supplied the second grant, and this lane
47	154	context	later	2026-08-26	2026-08-03	guest-provable, because M-154's own gap is still open: nothing tells a real, live `swish`
47	39	context	later	2026-08-26	2026-08-03	and it is the same question M-39's own line already points at ("installing a program
47	31	context	later	2026-08-24	2026-08-03	M-31 phase 2) through the same shell-builtin shape `mkdir` already has. The mtime half
47	122	context	later	2026-08-18	2026-08-03	**One sequencing question is open and deliberately not made a gate.** M-122 (`OPENDIR`
47	64	context	later	2026-08-17	2026-08-03	and M-64 bound all three on 2026-08-04 (pull request #113,
47	55	context	at-creation	2026-08-03	2026-08-03	costs, and the inert-stored-path escape hatch if M-55 turns out to need on-disk fidelity.
47	31	context	later	2026-08-22	2026-08-03	nothing this milestone had not already built (`fs_proto::fs::CREATE`, M-31 phase 2). This
47	51	context	later	2026-08-24	2026-08-03	M-51 landed the clock (S-43, RTC drivers on both ISAs, `date`). Same shape as S-43's own
47	55	context	later	2026-08-24	2026-08-03	required fixing to stay contiguous: `SYNC` (M-55) had never been given a row, so every
47	109	context	later	2026-08-17	2026-08-03	refusal; M-109 built it on 2026-08-04, as a shell prefix word rather than a program, and the
47	50	context	later	2026-08-26	2026-08-03	capability table has sixteen slots, and this file's own comment ("M-50 added two more
47	49	context	later	2026-08-26	2026-08-03	endpoints an admin tool hands out, versus folding it into M-49's login/session work since
47	154	context	later	2026-08-26	2026-08-03	got built once M-154 supplied the second grant, checked rather than assumed. What changed
47	154	context	later	2026-08-22	2026-08-03	**Minted as M-154** (2026-08-23): a process that holds two directory capabilities. The
47	64	context	at-creation	2026-08-03	2026-08-03	## M-64 is what forces the namespace half of this milestone
47	64	context	at-creation	2026-08-03	2026-08-03	**M-64 supplies the missing demand.** `std::fs::File::open` takes a **path**, and a `std`
47	49	context	at-creation	2026-08-03	2026-08-03	**Two milestones this reaches into.** M-49 (users, login, and attribution) is what *hands* a
47	39	context	at-creation	2026-08-03	2026-08-03	And M-39 (repository structure and the road to a distribution) inherits the sharper
47	39	context	later	2026-08-26	2026-08-03	manager's shape by accident**, one wire message at a time, before M-39 decides what
47	39	context	later	2026-08-26	2026-08-03	| **Build both halves** (the wire change too) | Real decoupling of "add a program" from "recompile grant_plan" | A new wire message two programs must agree on ...
47	39	context	later	2026-08-26	2026-08-03	for M-39 to at least sketch what "installing a program" means, since building the spawn
47	151	context	later	2026-08-26	2026-08-03	**First, the question this lane was asked to check: is M-151 (notification objects,
47	151	context	later	2026-08-26	2026-08-03	M-151 is a red herring for this specific gap, whatever it turns out to be needed for
47	50	context	at-creation	2026-08-03	2026-08-03	precisely the arbitrary divergence this milestone exists to refuse. M-50 (pipes and
47	31	context	at-creation	2026-08-03	2026-08-03	by design (M-31, a capability shell, took the SHILL shape deliberately), so the prefix marks
47	31	context	at-creation	2026-08-03	2026-08-03	grammar in M-31, which is **built and host-tested**, so the refusal wording changes from
47	50	context	at-creation	2026-08-03	2026-08-03	OCaml. But a method implies an object with a type, and M-50 currently carries **bytes**; over
47	50	context	at-creation	2026-08-03	2026-08-03	pipelines are a separate and larger fork** and should be decided in M-50 on their own merits,
47	37	prerequisite	at-creation	2026-08-03	2026-08-03	**Sequencing.** After M-37, which owns the FS server's block path. **Effort: 2 lanes
47	122	context	later	2026-09-03	2026-08-03	- **Done.** The sequencing question this block leaves open, that M-122 (`OPENDIR` reaches
47	154	context	later	2026-09-03	2026-08-03	- **M-154.** `bind` in a two-grant shell stays host-tested only. Both real entry points
47	109	context	later	2026-09-03	2026-08-03	per-batch caretaker, so `xargs` stops after batch one. M-109's block names this as this
48	47	prerequisite	at-creation	2026-08-04	2026-08-03	**Sequencing.** Phase one after M-47 (navigation and naming), because it wants `jobs` alongside
49	56	context	later	2026-08-27	2026-08-03	authenticates against the credential service M-56 already built. **It is now wired into the
49	155	context	later	2026-08-25	2026-08-03	M-155's `identity_provisioner`.
49	159	context	later	2026-08-25	2026-08-03	real hardware entropy is sorted, M-159); this update does not move the status line, and says
49	153	prerequisite	later	2026-08-26	2026-08-03	one code (M-153) is what made it expensive to find: four separate memory hypotheses were
49	152	context	later	2026-08-22	2026-08-03	**A named prerequisite for M-152 (durable delegation)**, minted 2026-08-22: a scheduled job
49	129	prerequisite	later	2026-08-22	2026-08-03	registered by a specific user (M-129's #387) needs a durable principal to be supervised by,
49	47	context	at-creation	2026-08-03	2026-08-03	| **Isolation between humans** | M-47's per-shell root. Two people's shells hold different directory capabilities and neither can *name* the other's ...
49	22	context	at-creation	2026-08-03	2026-08-03	M-22 did something Unix structurally cannot: `root_supervisor` **gives its authority away**, deleting
49	56	context	later	2026-08-22	2026-08-03	(provisional).** It holds the credential service's verify endpoint (M-56, unmodified: neither
49	155	context	later	2026-08-23	2026-08-03	lookup table, matching exactly what M-155's `identity_provisioner` creates at provisioning
49	152	context	later	2026-08-22	2026-08-03	also composes for free with M-152's durable per-user sessions: once a user's session exists,
49	152	context	later	2026-08-27	2026-08-03	boot-wiring and terminal work this update closes out. **M-152 (durable delegation) gates on
49	155	context	later	2026-08-23	2026-08-03	at provisioning time by M-155's `identity_provisioner` rather than auto-vivified at login.
49	155	context	later	2026-08-27	2026-08-03	(M-155), run once per boot against the generated password below. `design/roadmap/155-*`
49	159	context	later	2026-08-26	2026-08-03	M-159, a real hardware entropy source (the JH7110's TRNG, minted alongside S-120), remains
49	104	context	later	2026-08-24	2026-08-03	inconsistent with M-104's discipline (init refuses to load a program whose bytes do not
49	152	context	later	2026-09-03	2026-08-03	- **M-152.** Durable delegation, which gates on this milestone reaching BUILT so that a
49	153	context	later	2026-09-03	2026-08-03	- **M-153.** `OutOfMemory` collapsing a spent budget, a full capability table and
49	159	context	later	2026-09-03	2026-08-03	- **M-159.** A real hardware entropy source, the JH7110's TRNG. The boot wiring here runs on
49	153	context	later	2026-09-03	2026-08-03	`design/roadmap/153-out-of-memory-causes.md` carries the account.
49	480	context	later	2026-09-20	2026-08-03	M-480 (design/roadmap/480-a-server-that-logs-which-channel-a-request-arrived-on.md), which
49	481	context	later	2026-09-20	2026-08-03	This refusal is M-481 (design/roadmap/481-terminal-multiplexing.md), which carries it with
50	48	context	at-creation	2026-08-03	2026-08-03	the same grounds M-48 retired `SIGTTIN` and `SIGTSTP`: the question the signal answered is
50	31	context	at-creation	2026-08-03	2026-08-03	grants the *program* a file its manifest declared it wanted (M-31, a capability shell; the
50	482	context	later	2026-09-20	2026-08-03	This refusal is M-482 (design/roadmap/482-a-buffering-stage-between-pipe-ends.md), which
50	483	context	later	2026-09-20	2026-08-03	This refusal is M-483 (design/roadmap/483-the-console-server-on-the-sink-protocol.md),
50	48	context	later	2026-09-03	2026-08-03	- **M-48.** Revisiting `fg` with pipelines in hand, which this block's sequencing paragraph
51	47	context	at-creation	2026-08-03	2026-08-03	anyway". M-47's `mkdir`/`create` work will want them, so this unblocks that.
51	16	context	at-creation	2026-08-03	2026-08-03	| VisionFive 2 | its own RTC (board bring-up, M-16a) | via DTB |
51	31	context	at-creation	2026-08-03	2026-08-03	"M-31's manifest machinery", which is a defensible scope call that nonetheless leaves the
51	47	context	at-creation	2026-08-03	2026-08-03	and the status said otherwise until he checked. Being folded into the M-47 grammar lane, which
51	30	context	at-creation	2026-08-03	2026-08-03	the NIC are M-30's to prove, and nothing in slirp answers UDP 123, so there is no offline
51	106	context	later	2026-09-03	2026-08-03	- **M-106.** The timed-wait fork, which is bigger than this milestone and which the block
51	106	context	later	2026-09-03	2026-08-03	- **M-106.** The NTP client is a one-shot synchroniser rather than a polling service,
51	47	context	later	2026-09-03	2026-08-03	- **M-47.** `date` was reachable from a test and not from the prompt, because
51	47	context	later	2026-09-03	2026-08-03	`grant_plan::Prog` knew only four programs. Folded into the M-47 grammar lane, which owns
51	30	context	later	2026-09-03	2026-08-03	- **M-30.** smoltcp, UDP and the NIC are unproven on this path, and nothing in slirp answers
51	265	context	later	2026-09-14	2026-08-03	written; M-265 renamed it) is unauthenticated NTPv4 and says so in its
51	484	context	later	2026-09-20	2026-08-03	This refusal is M-484 (design/roadmap/484-iana-zone-rules-and-strftime.md), which carries
52	50	prerequisite	later	2026-08-14	2026-08-03	after M-50, which is BUILT as of 2026-08-14's status catch-up, so that half of the gate is
52	435	context	later	2026-09-19	2026-08-03	2026-09-19 by M-435's lane because this gate had named no decision since the block was
52	50	context	at-creation	2026-08-03	2026-08-03	## Most of what subshells are used for, M-50 already answers
52	50	context	at-creation	2026-08-03	2026-08-03	| Each side of `a \| b` | M-50: the shell spawns two children and grants an endpoint. No subshell needed |
52	50	context	at-creation	2026-08-03	2026-08-03	| `$( ... )` command substitution | M-50: a pipe whose reader is the shell |
52	48	context	at-creation	2026-08-03	2026-08-03	| `( ... ) &` backgrounding a group | M-48: a job is what the shell holds capabilities for |
52	47	context	at-creation	2026-08-03	2026-08-03	unlink with revoke (M-47). Separating them has been the right answer twice.
52	47	context	at-creation	2026-08-03	2026-08-03	M-47's rule only if it genuinely covers the uses; it does not cover isolation.
52	50	prerequisite	at-creation	2026-08-03	2026-08-03	**Sequencing.** After M-50 (pipes and redirection), because 50 removes most of the
53	55	context	later	2026-08-14	2026-08-03	workload (M-55) measures sustained sequential write and endurance, which SD media fails,
53	87	context	later	2026-08-14	2026-08-03	and because a real PCIe root-complex driver compounds into M-87's x86 machine where an
53	16	context	at-creation	2026-08-03	2026-08-03	**In brief.** M-16a boots a VisionFive 2 (firmware contract, NS16550, PLIC, Sv39). It does not
53	163	context	later	2026-09-03	2026-08-03	- **M-163.** The board-side PLDA XpressRICH root complex that would carry the NVMe driver
53	224	context	later	2026-09-03	2026-08-03	power-cycle the board: M-224 is NOT-STARTED on a DECISION gate, and its own measurements
53	55	context	later	2026-09-03	2026-08-03	- **Recorded.** Half the reason NVMe was picked over SD is gone: M-55 is REMOVED as of
54	55	context	later	2026-08-30	2026-08-03	retired and M-55's premise went with it. The status word says BUILT because it was built,
54	65	context	later	2026-08-17	2026-08-03	with three verdicts, and `smb_server::CredentialAuthenticator` over M-65's verify endpoint.
54	107	context	later	2026-08-17	2026-08-03	RECLASSIFIED-NEGATION: Nothing gated this after M-107 merged on 2026-08-04, and the block nevertheless sat behind a
54	65	context	later	2026-08-17	2026-08-03	kernel suite has asserted a sentence by that name since M-65 against a stand-in. It now
54	56	context	later	2026-08-17	2026-08-03	which is M-56's subject rather than this one's, and it is now the head of the customer path.
54	55	context	later	2026-08-17	2026-08-03	- **M-55 is unblocked, and takes over from here.** Its remaining SMB-side gap was identity;
54	55	context	at-creation	2026-08-03	2026-08-03	| **SMB3** | Built in | **Large** | **The one that is actually required**: the only path to Time Machine (M-55) |
54	32	context	at-creation	2026-08-03	2026-08-03	`fs_proto` over RedoxFS, M-32. A network protocol is therefore an **adapter** that speaks the
54	55	prerequisite	at-creation	2026-08-03	2026-08-03	endpoint**. So this milestone is the adapter *pattern* plus whatever protocol M-55 needs, and
54	47	context	at-creation	2026-08-03	2026-08-03	M-47's `enumerate`/`open`/`create`/`remove` split is what expresses "this client may write
54	56	context	later	2026-09-03	2026-08-03	- **M-56.** The demo boot still admits guests, because there is no way to tell a running
54	56	context	later	2026-09-03	2026-08-03	[MS-NLMP] S-4.2.1's published fixture. What closes it is a provisioning path, which M-56
54	56	context	later	2026-09-03	2026-08-03	- **M-56.** The server challenge is the adapter's `now()`, a clock rather than entropy, so
54	55	context	later	2026-09-03	2026-08-03	- **M-55.** Apple's own surface, deliberately kept out of this milestone: the `AAPL` create
54	55	context	later	2026-09-03	2026-08-03	context, Time Machine flags, Apple metadata, `posix_rename` and durability. M-55's premise
54	327	context	later	2026-09-19	2026-08-03	- **M-327.** Replace the SMB
54	65	context	later	2026-09-14	2026-08-03	subdirectories, and proved who it was against M-65's store while the adapter held no key.
55	57	context	later	2026-08-17	2026-08-03	attributes at all" was true when it was written and is not now: M-57 built xattrs into
55	138	context	later	2026-08-19	2026-08-03	block that made a backup *faster* rather than possible. M-138 step 3 grew the file
55	54	context	later	2026-08-17	2026-08-03	**The identity substrate arrived 2026-08-17** (M-54, pull request #274), which was this
55	56	context	later	2026-08-17	2026-08-03	that is M-56's shape rather than either of these two blocks'. See notes/smb.md's BUGS.
55	54	context	later	2026-08-22	2026-08-03	4. **Identity**, inherited from M-54, pull request #274, 2026-08-17: NTLMv2 while the adapter
55	53	context	later	2026-08-22	2026-08-03	this scoping pass found by reading M-53 rather than assuming a board and a cable would do.
55	53	context	later	2026-08-22	2026-08-03	only exists under QEMU; real silicon has none. M-53 ("The board's own peripherals: network and
55	163	context	later	2026-08-24	2026-08-03	root-complex work that carries the NVMe driver to the real M.2 slot (M-163, NOT-STARTED). **aarch64 has no board at all
55	53	context	later	2026-08-22	2026-08-03	"tested by actually cutting power" (M-53's storage half), which a QEMU flush count cannot
55	53	prerequisite	later	2026-08-22	2026-08-03	stand in for. That needs M-53's NVMe path on real silicon, not just the network half, so a
55	131	context	later	2026-08-22	2026-08-03	**Adjacent, not blocking: M-131.** The share this milestone builds still admits guests, and a
55	131	context	later	2026-08-22	2026-08-03	family backup target that admits guests is not one calef would trust with the only copy. M-131
55	57	context	later	2026-08-17	2026-08-03	M-57 built xattrs into `fs_proto` (`GETXATTR`/`SETXATTR`/`LISTXATTR`/`REMOVEXATTR`, ops
55	47	context	later	2026-08-14	2026-08-03	offers and must be truthful) and M-47's `mv` section.
55	56	context	at-creation	2026-08-03	2026-08-03	It also means M-56's credential service holds **three identities**, not one, from the start.
55	52	context	at-creation	2026-08-03	2026-08-03	M-52 records that we have no `fork` and that getting one is not cheap. Worth stating, because
55	137	context	later	2026-08-22	2026-08-03	block: the subset. The general server is M-137's question to reopen if it ever wants one, not
55	53	context	later	2026-08-22	2026-08-03	BUILT is now bounded rather than open: it is M-53's hardware gate (Steps A through C above),
55	137	context	later	2026-09-03	2026-08-03	- **M-137.** The Mac file-server workload this block split out on 2026-08-18. Its subject
55	52	context	later	2026-09-03	2026-08-03	surface, and M-52 records that we have no `fork` and that getting one is not cheap.
55	54	context	later	2026-09-14	2026-08-03	SMB half was removed with M-54. The mDNS discovery half is built and stays. What the
56	55	prerequisite	at-creation	2026-08-03	2026-08-03	**In brief.** M-55 needs the Mac to authenticate, so it needs an identity, a secret, and
56	49	context	later	2026-08-14	2026-08-03	a gap. **Prerequisite for 55; feeds M-49 (users, login, and attribution).** calef's existing setup
56	55	context	at-creation	2026-08-03	2026-08-03	page means one client; there is no rate limit or lockout. And the one that matters for M-55,
56	49	prerequisite	at-creation	2026-08-03	2026-08-03	M-49 records that identity is not authority here. SMB requires an identity, and the two
56	51	context	at-creation	2026-08-03	2026-08-03	rediscovered a fourth time: the NTP client that may *propose* a time but not *set* it (M-51),
56	44	context	at-creation	2026-08-04	2026-08-03	supply-chain tooling from M-44, namely `deny.toml`, `script/supply-chain` and
56	51	context	at-creation	2026-08-03	2026-08-03	reboots, and encrypted under what key? That is the same chicken-and-egg as M-51's NTS
56	55	context	at-creation	2026-08-03	2026-08-03	**Sequencing.** Before M-55. **Both halves are done** as of 2026-07-31: entropy on 07-30, the
56	55	context	at-creation	2026-08-03	2026-08-03	M-55's critical path, because provisioning at boot is enough to authenticate a Mac.
56	65	context	later	2026-09-03	2026-08-03	- **M-65.** The SMB-facing derivation this block names as what is left: the NT hash,
56	159	context	later	2026-09-03	2026-08-03	- **M-159.** Verifying the StarFive JH7110's TRNG before anything relies on it. Under QEMU
56	65	context	later	2026-09-14	2026-08-03	reference*, is **M-65's** subject: hold the key, expose the operation
57	55	context	at-creation	2026-08-03	2026-08-03	the xattr gap M-55 surfaced. **Nearly all of this is testable in QEMU against virtio-blk with
57	37	context	at-creation	2026-08-03	2026-08-03	crash atomicity is measured rather than inherited: M-37's sweep now carries each name's
57	37	context	at-creation	2026-08-03	2026-08-03	delete removes both or neither. M-37's crash sweep then measured it rather than inheriting
57	55	context	later	2026-08-15	2026-08-03	randomness in a `no_std` build.** nife does: M-55's entropy service. The shape of the
57	47	context	at-creation	2026-08-03	2026-08-03	That also makes it a natural place for M-47's `enumerate` right to earn itself: listing
57	55	context	at-creation	2026-08-03	2026-08-03	M-55's claim: a compromised SMB adapter leaks ciphertext.
57	53	context	at-creation	2026-08-03	2026-08-03	(2026-08-03) are all done. Real drives arrive with M-53; the board arrives around
57	61	context	later	2026-09-03	2026-08-03	- **M-61.** The caretakers (`fs_file_caretaker`, `fs_subtree_caretaker`,
57	110	context	later	2026-09-03	2026-08-03	- **M-110.** `tools/redoxfs_host` reads a whole-device image and a real drive has a
57	485	context	later	2026-09-20	2026-08-03	This refusal is M-485 (design/roadmap/485-xattrs-in-the-redoxfs-on-disk-format.md), which
57	486	context	later	2026-09-20	2026-08-03	This refusal is M-486 (design/roadmap/486-an-indexed-typed-attribute-store.md), which
58	19	context	at-creation	2026-08-03	2026-08-03	**proven, not argued**, and it is why M-19's test lane correctly left this alone rather than
58	24	context	later	2026-09-03	2026-08-03	only a hardware TLB settles it. This block points that measurement at M-24, which is an
58	335	context	later	2026-09-19	2026-08-03	- **M-335.** Take the `ctx_switch`
58	24	context	later	2026-09-03	2026-08-03	this milestone exists for has never been measured, and the block's citation of M-24 is
59	60	context	at-creation	2026-08-03	2026-08-03	## Why this comes BEFORE discovery (M-60)
59	60	context	later	2026-09-03	2026-08-03	- **M-60.** ISA discovery, which this block deliberately runs after itself so the matrix
60	59	context	at-creation	2026-08-03	2026-08-03	**Status: BUILT, both ISAs.** The gap found while answering M-59's question was that
60	59	context	at-creation	2026-08-03	2026-08-03	and M-59 is what answers it.
60	58	context	later	2026-09-03	2026-08-03	- **M-58.** Removing the unconditional `sfence.vma`, which this block named as its own
61	31	context	at-creation	2026-08-04	2026-08-03	and `DECISIONS` S-31 has cited Miller's term correctly since M-31 while the code said
61	23	context	at-creation	2026-08-03	2026-08-03	`notes/live-replacement.md`, not the commit that introduced it. These are M-23's swappable
61	36	context	at-creation	2026-08-03	2026-08-03	C" across two unrelated milestones: `c_shim`, `c_seam` and `c_confiner` are M-36's
61	23	context	at-creation	2026-08-03	2026-08-03	foreign-language seam (S-31), while `c_swappable` is M-23's replacement demo. The prefix
61	57	context	at-creation	2026-08-03	2026-08-03	(M-57). A program behind a per-file grant cannot read its own file's attributes. That is
61	57	context	at-creation	2026-08-03	2026-08-03	**Each warden is a hand-written `match` over the verb.** M-57 added four verbs, so closing
62	50	context	later	2026-08-22	2026-08-03	**by other lanes**, chiefly M-78's four rounds and M-50's shell work, and nobody came
62	78	context	later	2026-08-22	2026-08-03	**by other lanes**, chiefly M-78's four rounds and M-50's shell work, and nobody came
62	40	context	later	2026-08-22	2026-08-03	than BUILT for a time; the precedent is M-40, whose status said `NOT-STARTED` with two phases
62	78	context	later	2026-08-22	2026-08-03	saying plainly rather than rounding up. The icount instrument landed with M-78 (the
62	59	context	at-creation	2026-08-03	2026-08-03	**M-59 multiplies it fivefold.** The CPU matrix runs the same suite five times, so every
62	32	context	at-creation	2026-08-04	2026-08-03	**This has already cost a diagnosis.** M-32's FS-server test tripped the watchdog as a false
62	124	context	later	2026-08-22	2026-08-03	runner, and nothing about the assertions that simply did not get unlucky. M-124's lane took
62	50	context	later	2026-09-14	2026-08-03	exposure fivefold. The prescribed fixes shipped via M-78's rounds and M-50's shell
62	78	context	later	2026-09-14	2026-08-03	exposure fivefold. The prescribed fixes shipped via M-78's rounds and M-50's shell
63	29	context	at-creation	2026-08-03	2026-08-03	| `vterm` | **`display_terminal`** | the tree's own phrase for it, verbatim from its header: "The display terminal (M-29, the display ladder's text)." ...
63	49	context	at-creation	2026-08-03	2026-08-03	| `sysinit` | **`system_initializer`** | `system_builder` is unavailable and the collision is the real defect: `builder` already calls itself "a minimal init: ...
63	27	context	at-creation	2026-08-03	2026-08-03	| `user-std/` + package `hellostd` | **`std_exerciser`** (directory and package) | the worst mismatch in the tree: directory and package disagreed and neither ...
63	27	context	at-creation	2026-08-03	2026-08-03	in it: `user-std/src/main.rs` is "the std proof (M-27): an ordinary Rust program, no
63	61	context	at-creation	2026-08-03	2026-08-03	M-61 is already moving about 532 tokens plus eight programs, and a directory rename touches
63	55	prerequisite	at-creation	2026-08-03	2026-08-03	and the real things are coming: M-55 needs an actual credentialer client for SMB
63	54	prerequisite	at-creation	2026-08-03	2026-08-03	authentication, M-54 needs actual socket clients, and any program that wants files is an FS
64	107	context	later	2026-08-18	2026-08-03	stopped being one at M-107; `sys/net/connection/nife.rs`'s own doc comment has said so
64	47	context	later	2026-08-18	2026-08-03	a design fork inside it, to be raised before code and answered jointly with M-47's namespace
64	47	context	later	2026-09-19	2026-08-03	wrong now: M-47's `touch` added the verbs on 2026-08-24, and both ranks were bound by path
64	107	context	later	2026-08-22	2026-08-03	at M-107, and what was left was a PAL binding (`bind` -> `OP_LISTEN` on a socket id this PAL
64	55	context	later	2026-08-22	2026-08-03	what it took. It was also on the customer path: M-55 wants Samba-shaped code, and nothing
64	154	context	later	2026-08-22	2026-08-03	`File::open` fork, now M-154's tier two, and the third pass drew the line at exactly that
64	27	context	later	2026-08-17	2026-08-03	from a question with a number behind it: does M-27 mean ordinary Rust programs run here?
64	27	context	at-creation	2026-08-03	2026-08-03	(S-42: declare what you offer), and it is exactly what M-27's own text claims: it widens real
64	55	context	at-creation	2026-08-03	2026-08-03	And it is on the critical path in a way the roadmap does not currently say: **M-55 wants
64	47	context	at-creation	2026-08-03	2026-08-03	question one layer up. It may be that the honest answer is a program namespace (M-47's `PATH`
64	47	context	at-creation	2026-08-03	2026-08-03	## The relationship with M-47, in both directions
64	154	context	later	2026-08-22	2026-08-03	directories all land here. **Minted as M-154** (2026-08-23): a process that holds two
64	107	context	later	2026-08-18	2026-08-03	`std::net::TcpListener` was `Unsupported`, and it had stopped being a contract gap at M-107:
64	55	context	later	2026-08-18	2026-08-03	**What this unblocks** is M-55, and it is not a small step: nothing that serves a share
64	47	context	later	2026-09-19	2026-08-03	decisions until M-47's `touch` lane added `GETMTIME`, `SETMTIME` and `SETMTIME_AT` on
64	504	context	later	2026-09-20	2026-08-03	`design/roadmap/504-an-mtime-for-an-open-file.md` rather than decided here.
64	149	context	later	2026-08-22	2026-08-03	`Unsupported` permanently rather than pending, and M-149's Rayon-parallel NPB-Rust variants
64	47	context	later	2026-08-17	2026-08-03	because there is no endowment to carry it. That is M-47's namespace, and until it lands
64	154	context	later	2026-08-22	2026-08-03	M-154, or a wire-format change wanting a `DECISIONS` section (rank 2, rank 19, and now
64	497	context	later	2026-09-20	2026-08-03	not change its time at all. Proposed as `design/roadmap/497-a-filesystem-server-that-knows-the-time.md`; the
64	47	context	later	2026-09-03	2026-08-03	- **Done.** Ranks 19 and 28 no longer want a decision: M-47's mtime lane landed the get,
64	504	context	later	2026-09-20	2026-08-03	- **M-504.** The open-`File` forms (`File::metadata().modified()`, `File::set_times`) still refuse,
64	504	context	later	2026-09-20	2026-08-03	M-504 (an mtime for an open file), `design/roadmap/504-an-mtime-for-an-open-file.md`.
64	497	context	later	2026-09-20	2026-08-03	- **M-497.** A file written on nife reads as early 1970, because the FS server stamps its own
64	497	context	later	2026-09-20	2026-08-03	M-497 (a filesystem server that knows what time), `design/roadmap/497-a-filesystem-server-that-knows-the-time.md`.
64	154	context	later	2026-09-03	2026-08-03	- **M-154.** Tier-two `File::open`, anything that joins or traverses, still waits on a
65	107	context	later	2026-08-15	2026-08-03	**Status: BUILT.** Merged 2026-08-04 (pull request #125; the `cred` crates and credentialer are on main). The status said IN-PROGRESS for eleven days after the ...
65	49	context	at-creation	2026-08-03	2026-08-03	depend on M-49's identity model**. Secrets are keyed by what they authenticate *to*, not by
65	49	prerequisite	at-creation	2026-08-04	2026-08-03	M-55, where SMB needs `ntlm_response` and is **blocked on this**; M-49, where
65	55	prerequisite	at-creation	2026-08-04	2026-08-03	M-55, where SMB needs `ntlm_response` and is **blocked on this**; M-49, where
65	55	prerequisite	later	2026-09-03	2026-08-03	- **M-55.** The consumer this service was built for, where SMB needs the NTLMv2 response
65	49	context	later	2026-09-03	2026-08-03	- **M-49.** The other named consumer, login's use of `verify`. Built, and it authenticates
65	55	context	later	2026-09-14	2026-08-03	does not fit it. Generalises the credentialer into a software HSM. Blocks M-55
66	435	context	later	2026-09-19	2026-08-03	as running Vaultwarden), written up 2026-09-19 by M-435's lane: which subset counts has to
66	64	context	later	2026-09-05	2026-08-03	| **TCP listen and accept** | **built, and this row said otherwise until 2026-09-05.** `OP_LISTEN` and `OP_ACCEPT` have been on the wire since M-107 ...
66	107	context	later	2026-09-05	2026-08-03	| **TCP listen and accept** | **built, and this row said otherwise until 2026-09-05.** `OP_LISTEN` and `OP_ACCEPT` have been on the wire since M-107 ...
66	64	context	at-creation	2026-08-03	2026-08-03	| `std::fs` | 32 of 54 answer `Unsupported` (M-64) |
66	198	prerequisite	later	2026-09-19	2026-08-03	| TLS | none, and there is still no crypto stack beyond `argon2`, `subtle` and `aes`. `rustls` needs entropy (have it) and a large crypto surface. The fork ...
66	387	prerequisite	later	2026-09-19	2026-08-03	| TLS | none, and there is still no crypto stack beyond `argon2`, `subtle` and `aes`. `rustls` needs entropy (have it) and a large crypto surface. The fork ...
66	107	context	later	2026-09-05	2026-08-03	mints a new capability per connection, and M-107 settled the shape: `bind` is `OP_LISTEN`,
66	64	context	at-creation	2026-08-03	2026-08-03	- **M-64** is the prerequisite and this is its extreme case. 64 measures with small probe
66	65	context	at-creation	2026-08-03	2026-08-03	- **M-65** is a different thing wearing a similar word, and conflating them would be a
67	50	context	later	2026-08-16	2026-08-03	| `>>` and `2>` | already built with M-50's later work, 2026-08-03. See notes/pipes.md |
67	47	context	later	2026-08-16	2026-08-03	M-47's variables need anyway.
67	52	context	later	2026-08-16	2026-08-03	should arrive with M-52's subshells.
67	172	prerequisite	later	2026-09-03	2026-08-03	- **M-172.** A per-program exit status. This block says correctly that it needs a
67	172	context	later	2026-09-03	2026-08-03	a field; M-172 names exit-status delivery as one of the things a capability-native
67	47	context	later	2026-09-03	2026-08-03	- **M-47.** `$?` readable anywhere but `echo`. Substituting a word in an arbitrary position
67	47	prerequisite	later	2026-09-03	2026-08-03	needs the machinery M-47's variables need anyway, and building half of it here would have
67	52	context	later	2026-09-03	2026-08-03	- **M-52.** Grouping. `a && b || c` is left to right with no precedence between `&&` and
68	345	context	later	2026-09-19	2026-08-03	- **M-345.** Split the pure
70	69	context	at-creation	2026-08-03	2026-08-03	M-69's **table row said `NOT-STARTED` while its own detail block said `BUILT`** on `main`,
70	69	context	at-creation	2026-08-03	2026-08-03	in prose resolves to a file that exists (M-69 fixed 49 stale ones by hand). Each is a few
70	76	context	later	2026-09-03	2026-08-03	- **M-76.** The gate blind spot this block found: a table row saying `NOT-STARTED` while the
70	114	context	later	2026-09-03	2026-08-03	- **M-114.** `script/decisions --check` reporting "numbering clean" for a section filed in
70	97	context	later	2026-09-03	2026-08-03	- **M-97.** Nothing checking that a path cited in prose resolves to a file that exists,
70	69	prerequisite	later	2026-09-03	2026-08-03	after M-69 fixed 49 stale ones by hand. `script/citations` now treats a repo path as an
71	72	context	later	2026-09-03	2026-08-03	- **M-72.** The hang on `reclaim_frees_a_started_then_exited_childs_regions` is not this
72	71	context	at-creation	2026-08-03	2026-08-03	Widening the window rather than waiting for it, the method M-71 used on the frame fault: a
73	77	context	at-creation	2026-08-03	2026-08-03	format. It is real, but it is not a rename, and M-77 carries it now. The short reason is that
73	1	context	at-creation	2026-08-03	2026-08-03	used since M-1, and `kernel/build.rs`'s own table shows why it is tempting, because the second
73	69	context	at-creation	2026-08-03	2026-08-03	**Renames only. No behaviour, no content edits.** The proof obligation is the one M-69 met:
73	77	context	later	2026-09-03	2026-08-03	- **M-77.** `crates/paging/src/aarch64.rs`, which left this milestone the day it was raised.
73	77	context	later	2026-09-14	2026-08-03	M-77
74	16	prerequisite	later	2026-09-03	2026-08-03	**Status: PARTIAL.** Raised 2026-08-03, from an audit of what M-16a actually needs. Its
74	353	context	later	2026-09-19	2026-08-03	(`design/roadmap/353-the-aarch64-half-of-74.md`).
74	75	context	later	2026-09-03	2026-08-03	M-75's index row reads `NOT-STARTED` and that is false: its mechanism is built.
74	353	context	later	2026-09-19	2026-08-03	leaves open is two decisions, `design/roadmap/353-the-aarch64-half-of-74.md`.
74	101	prerequisite	later	2026-08-16	2026-08-03	after M-101 had re-measured it and found three errors. The replacement written on 2026-08-04
74	97	context	later	2026-08-16	2026-08-03	resolves, and `script/citations` (M-97) checks one **only when it carries a `-- path`
74	25	context	at-creation	2026-08-03	2026-08-03	- **M-25's `sel4bench`** is built and booting but was deferred to real hardware precisely
74	309	context	later	2026-09-17	2026-08-03	`#[cfg(target_arch = "riscv64")]`; M-309 added the x86_64 arm. **The ratio is the thing
74	25	prerequisite	later	2026-09-17	2026-08-03	cross-machine comparison needs**, which is this milestone's whole purpose and M-25's and
74	309	context	later	2026-09-17	2026-08-03	divides one counter by itself and prints an exact `1.00` on every part. M-309 built it on
74	309	context	later	2026-09-19	2026-08-03	and x86_64 (M-309, `design/roadmap/309-x86-64-core-cycles.md`), so `bench::cycles_per_tick`
74	353	context	later	2026-09-19	2026-08-03	(`design/roadmap/353-the-aarch64-half-of-74.md`, decision A). The aarch64 meaning line says
74	75	context	later	2026-09-19	2026-08-03	Register writes, no firmware call. **Whether that EL0 opening happens at all was M-75's
74	229	context	later	2026-09-19	2026-08-03	authority): a per-thread grant, which M-229 built. The counter is ~160x finer than the one S-10 already excepted, so it does not
74	229	context	later	2026-09-03	2026-08-03	M-229's grant and 237's measurement build, which already exist), and no firmware-counter
74	16	context	later	2026-09-16	2026-08-03	**A round number is exactly what M-16a warned would be an artifact, so the reason it is real
74	228	prerequisite	later	2026-09-19	2026-08-03	core, from `timer::init`, gated on `ID_AA64DFR0_EL1.PMUVer` exactly as M-228's
74	127	context	later	2026-09-19	2026-08-03	- **A defect found on the way, in M-127's EL2 drop, fixed.** `boot.s` wrote `MDCR_EL2 = 0`,
74	228	context	later	2026-09-19	2026-08-03	- **The first PMU access on a board is still M-228's `PMUSERENR_EL0` write in `timer::init`,
74	353	context	later	2026-09-19	2026-08-03	(design/roadmap/353-the-aarch64-half-of-74.md, decision A). So this reading closes milestone
74	353	context	later	2026-09-19	2026-08-03	- **M-353.** The aarch64 half, rewritten 2026-09-19 now that the counter runs: decision A
74	433	context	later	2026-09-19	2026-08-03	options and no winner. It was an unnumbered proposal when that lane rewrote it and M-433
74	353	context	later	2026-09-19	2026-08-03	(design/roadmap/353-the-aarch64-half-of-74.md)
75	74	context	later	2026-08-14	2026-08-03	**Status: NOT-STARTED.** Carved out of M-74 on 2026-08-03, at calef's direction, because it
75	435	context	later	2026-09-19	2026-08-03	**Found by M-435's first slice**, which was sweeping the forty-five blocks whose `DECISION`
75	435	context	later	2026-09-19	2026-08-03	gate, and answering it wants the reading M-435's method prescribes rather than an
75	74	prerequisite	at-creation	2026-08-03	2026-08-03	M-74 needs EL0 to read a cycle counter. On aarch64 the mechanism is `PMUSERENR_EL0`, and
76	69	context	at-creation	2026-08-03	2026-08-03	2. M-69's table row said `NOT-STARTED` while its own detail block said `BUILT`.
76	74	context	at-creation	2026-08-03	2026-08-03	block under, the filename is the identity, and `cat >>` into `design/roadmap/74-cycle-counters.md`
76	74	context	at-creation	2026-08-03	2026-08-03	can only add text to M-74.
76	74	context	at-creation	2026-08-03	2026-08-03	- `design/roadmap/74-cycle-counters.md` per milestone. Hyphenated, per CLAUDE.md's rule for ordinary
76	16	context	at-creation	2026-08-03	2026-08-03	`M-16a` as 16, since sub-lettered blocks exist (`20a`).
76	2	context	at-creation	2026-08-03	2026-08-03	- "M-2: exception vectors, and a fault that tells you what it was"
76	3	context	at-creation	2026-08-03	2026-08-03	- "M-3: hand out physical memory, and detect a smashed stack"
76	5	context	at-creation	2026-08-03	2026-08-03	- "M-5: the GIC and the timer. The kernel is preemptible."
76	11	context	at-creation	2026-08-03	2026-08-03	- "M-11: untyped memory, and the number that proves the kernel stops allocating"
76	8	context	at-creation	2026-08-03	2026-08-03	Where plan and outcome disagree, the disagreement is the history worth keeping. **M-8 was
76	1	context	at-creation	2026-08-03	2026-08-03	Two need reconstruction rather than copying, because no commit titles them: **M-1** (the
76	7	context	at-creation	2026-08-03	2026-08-03	UART" is the commit and matches the plan exactly) and **M-7**, the capability decision point,
76	69	context	at-creation	2026-08-03	2026-08-03	**File moves, no content edits**, with M-69's proof obligation: reassembling the files must
77	73	context	at-creation	2026-08-03	2026-08-03	**Status: NOT-STARTED**, and deliberately **waiting for a trigger**. Split out of M-73 on
77	24	context	at-creation	2026-08-04	2026-08-03	granule change and a VA-width change. M-24's Virtualization.framework board is the named
77	88	context	at-creation	2026-08-04	2026-08-03	candidate (Apple Silicon's 16 KiB granule); M-88's server shapes could supply it instead.
77	1	context	at-creation	2026-08-03	2026-08-03	A module per ISA, which is rule 1's shape and what `kernel/src/arch/<isa>/` has done since M-1:
77	60	context	at-creation	2026-08-03	2026-08-03	riscv64/mod.rs pub struct Sv39; (and Sv48, M-60)
77	24	context	at-creation	2026-08-03	2026-08-03	best guess (M-24's Virtualization.framework board would meet it), but a VA-width change
77	60	context	at-creation	2026-08-03	2026-08-03	CLAUDE.md's rule applies directly, and M-60's entry states it for this exact situation: **do
77	69	context	at-creation	2026-08-03	2026-08-03	`crates/paging/tests/mapping.rs`. No behaviour change, and M-69's proof obligation applies.
78	72	context	later	2026-08-17	2026-08-03	failed on pull requests that changed no executable code, two of them documentation only. M-72
78	62	context	later	2026-08-18	2026-08-03	**A fourth claim was added on 2026-08-18** by M-62, and it corrects this block rather than
78	72	context	at-creation	2026-08-03	2026-08-03	M-72's own postscript is the clearest instance: removing a destructive probe changed which
78	72	context	at-creation	2026-08-03	2026-08-03	**Not deleting the assertion**, either. M-72's lane declined to delete
78	62	context	later	2026-09-03	2026-08-03	- **M-62.** The fourth claim, added 2026-08-18, which corrects this block rather than
80	81	context	at-creation	2026-08-03	2026-08-03	litmus-level confidence would need herd7-style tooling and is not this milestone. M-81 is
80	487	context	later	2026-09-20	2026-08-03	This refusal is M-487 (design/roadmap/487-interleaving-check-as-a-gate.md), which carries
80	81	context	later	2026-09-03	2026-08-03	- **M-81.** The complementary leg. Loom searches the orderings a model permits; the HVF leg
81	78	context	at-creation	2026-08-03	2026-08-03	part of the milestone is learning which tests that perturbs, which feeds M-78's per-assertion
81	78	context	later	2026-09-03	2026-08-03	- **M-78.** The load-sensitive assertions. Every failure the physical core produced belonged
81	488	context	later	2026-09-20	2026-08-03	This refusal is M-488 (design/roadmap/488-a-self-hosted-ci-runner.md), which carries it
82	68	context	at-creation	2026-08-03	2026-08-03	operations carries three distinct invariants under a single signature, and M-68's
83	489	context	later	2026-09-20	2026-08-03	This refusal is M-489 (design/roadmap/489-the-rule-1-lint-past-the-kernel.md), which
84	78	context	at-creation	2026-08-03	2026-08-03	become load-bearing the way M-78's assertions did: depth is a property of the code and the
84	124	context	later	2026-09-03	2026-08-03	- **M-124.** The static complement this block priced as "an advisory report if it lands at
85	238	context	later	2026-09-03	2026-08-03	- **M-238.** The weekly workflow this milestone shipped never once succeeded: four scheduled
86	93	context	at-creation	2026-08-04	2026-08-03	is corrected here**, which is the drift M-93 exists to catch: the work landed, the roadmap
86	490	context	later	2026-09-20	2026-08-03	This refusal is M-490 (design/roadmap/490-cpu-time-in-time.md), which carries it with the
86	93	context	later	2026-09-03	2026-08-03	- **M-93.** The status row still said the work had not started after it merged, which is the
87	309	context	later	2026-09-17	2026-08-03	- **`IA32_PERF_FIXED_CTR1`, 48 bits, perfmon v4.** M-309's probe, merged hours earlier,
87	74	context	later	2026-09-17	2026-08-03	M-74's scope note names.
87	267	context	later	2026-09-17	2026-08-03	sharper than it looked. "The tour completing" was proposed first and withdrawn: M-267
87	161	context	later	2026-09-17	2026-08-03	**M-161's** scope rather than this block's. This block's own text already says the x86_64
87	165	context	later	2026-08-30	2026-08-03	distinguishable from "used the constant", which M-165 could not show), and the memory map is
87	161	context	later	2026-08-23	2026-08-03	RECLASSIFIED-NEGATION: printed a byte over serial; the x86_64 port itself is M-161's scope and is not gated on
87	16	context	later	2026-08-23	2026-08-03	DECISIONS S-19 names x86_64 as the third ISA target, and the second ISA's lesson (M-16, the
87	16	context	at-creation	2026-08-03	2026-08-03	- **VT-d**, because IOMMU-backed driver isolation (M-16) is a parity theme (S-19), and the
87	25	context	at-creation	2026-08-03	2026-08-03	- **Four real cores** for the per-CPU scheduler, and any Intel core has the PMU that M-25's
87	161	context	later	2026-08-23	2026-08-03	RECLASSIFIED-NEGATION: M-161's scope and is not gated on this purchase, because the port starts under
87	195	context	later	2026-09-03	2026-08-03	- **Done.** The kernel suite runs under real firmware. M-195 added a UEFI test task, run by
87	224	context	later	2026-09-17	2026-08-03	belongs to, M-224, where calef ruled on 2026-09-04 that board power stays manual.
87	161	context	later	2026-09-03	2026-08-03	- **M-161.** The `igc` driver deltas QEMU cannot emulate belong to the x86_64 port rather
87	16	prerequisite	later	2026-09-14	2026-08-03	M-161's third ISA needs what M-16's second needed: a dedicated, brickable board,
87	161	prerequisite	later	2026-09-14	2026-08-03	M-161's third ISA needs what M-16's second needed: a dedicated, brickable board,
91	256	context	later	2026-09-05	2026-08-03	boot path, which is why M-256 had to distinguish an absent answer from a disagreeing one.
91	40	context	later	2026-09-05	2026-08-03	[M-40](40-documentation-service.md), documentation as a system service,
91	259	context	later	2026-09-05	2026-08-03	list of articles, and M-259's sweep found index entries go stale independently of what
91	40	context	later	2026-09-05	2026-08-03	same conflict reason the roadmap split cited. M-40 inherits these notes the way it inherits every other one.
92	93	context	later	2026-08-16	2026-08-03	M-93 reuses all of it by adding one row per kind, which is why the thresholds live in the
92	43	context	at-creation	2026-08-03	2026-08-03	M-43 asks for a second with a different lens; this milestone is the machine that makes
92	43	context	at-creation	2026-08-03	2026-08-03	2. **Each audit is a lane with a lens.** M-43's insight generalized: the value of the
92	84	context	at-creation	2026-08-03	2026-08-03	the block, exactly how M-90 was born from M-84's finding), or
92	90	context	at-creation	2026-08-03	2026-08-03	the block, exactly how M-90 was born from M-84's finding), or
92	43	context	at-creation	2026-08-03	2026-08-03	M-43 is unchanged and becomes the first audit run *under* this mechanism, inheriting its
92	43	context	later	2026-09-03	2026-08-03	- **M-43.** The second security audit, which becomes the first run *under* this mechanism
92	93	context	later	2026-09-03	2026-08-03	- **M-93.** The same machine for documentation audits, which reuses the index, the tripwire
92	43	context	later	2026-09-14	2026-08-03	One audit happened and M-43 asks for a second; this is the machine that makes them
93	92	context	later	2026-08-16	2026-08-03	**Status: BUILT** 2026-08-16. The mechanism is one row in M-92's cadence table, not a second
93	92	context	later	2026-08-16	2026-08-03	Raised 2026-08-03 by calef, as M-92's sibling: 92 keeps the
93	47	context	at-creation	2026-08-03	2026-08-03	status rows claimed more remained than their own blocks said; M-47's in-brief listed work
93	68	context	at-creation	2026-08-03	2026-08-03	This audits prose against reality; it does not write missing docs (M-68's remainder owns
93	40	context	at-creation	2026-08-03	2026-08-03	doc examples and item docs) and does not restructure them (M-40 owns docs as a service,
93	91	context	at-creation	2026-08-03	2026-08-03	M-91 owns the glossary; 91's every-use links add surface this mechanism then keeps true).
94	90	context	at-creation	2026-08-03	2026-08-03	message, a "follow-up, not built" aside in a decision block. M-90 exists only because
94	84	context	later	2026-08-14	2026-08-03	calef happened to catch M-84's guard-page finding in a report and said "add a milestone";
94	90	context	later	2026-08-16	2026-08-03	> them, which is what makes this the failure that recurs: M-90 exists only because calef
94	93	context	later	2026-08-16	2026-08-03	the block, never either against the tree. M-93's audits are the mechanism for this class.
94	93	context	later	2026-09-03	2026-08-03	- **M-93.** The recurring duty this milestone deliberately did not take. The sweep clears
95	22	context	at-creation	2026-08-03	2026-08-03	**Status: NOT-STARTED.** Raised 2026-08-04 from M-22's closing lane, which named it as the
95	435	context	later	2026-09-19	2026-08-03	up 2026-09-19 by M-435's lane, which found this gate naming no decision though the block had
95	22	context	at-creation	2026-08-03	2026-08-03	That is a real hole in the story M-22 otherwise tells. Init drops its construction budget,
95	22	context	at-creation	2026-08-03	2026-08-03	The proof, when it happens, is the shape M-22 already used: init writes to a boot server's
95	22	context	later	2026-09-14	2026-08-03	M-22's largest residual: `build_child` maps every page it writes for a child and nothing
96	50	context	at-creation	2026-08-04	2026-08-03	**Status: BUILT** 2026-08-04 (PR #93). Raised 2026-08-04 by M-50's closure lane, which found it the
96	22	context	at-creation	2026-08-03	2026-08-03	duplicated construction logic moves. M-22's lane also noted the loader now exists in three
96	231	context	later	2026-09-03	2026-08-03	- **M-231.** The sizing half of the failure mode this block names. A boot that reaches
96	231	prerequisite	later	2026-09-03	2026-08-03	once through init's sixteen-slot capability table overflowing. M-231 made the table count
97	24	context	at-creation	2026-08-03	2026-08-03	foreground process: two-tier, shell-held, no new kernel surface". M-24 is "A second aarch64
97	24	context	at-creation	2026-08-03	2026-08-03	`user/Cargo.toml` credit the `^C` work to "M-24". The first was written on 2026-07-28, and
97	24	context	at-creation	2026-08-03	2026-08-03	the roadmap on that date **already** said M-24 was Virtualization.framework, so this was
97	24	context	at-creation	2026-08-03	2026-08-03	"M-24, DECISIONS S-24", citing one thing twice under two schemes, which is the tell.
97	24	context	at-creation	2026-08-03	2026-08-03	number. `DECISIONS S-24 (interrupting the foreground process)` and `M-24
97	91	context	at-creation	2026-08-03	2026-08-03	here. Everything else is a sweep and a grep. Related but distinct: M-91 links acronyms to a
97	93	context	at-creation	2026-08-03	2026-08-03	glossary, M-93 audits claims for rot; this one is about a reference resolving to the thing
97	24	context	later	2026-09-14	2026-08-03	28 sites cited "M-24" meaning DECISIONS S-24, wrong at birth (the roadmap said
98	69	context	later	2026-08-23	2026-08-03	remembers it. Verified as a pure rename per M-69's proof obligation: every changed `.rs`
98	69	context	at-creation	2026-08-03	2026-08-03	Pure rename, no behaviour change, M-69's proof obligation applies, and the lock rank keeps
99	66	context	later	2026-08-03	2026-08-15	target beside M-66's Vaultwarden, chosen for a different reason: not the hardest workload,
99	258	context	later	2026-09-14	2026-08-15	either has or is building. Nothing in the tree compresses, and M-258 (archive and compression)
99	57	context	later	2026-09-14	2026-08-15	filesystem half is precisely what M-57's write-half just finished. Where
99	27	context	later	2026-08-03	2026-08-15	- **`gitoxide` (Rust)** rides the `std` PAL M-27 built and M-64 will widen, so the
99	64	context	later	2026-08-03	2026-08-15	- **`gitoxide` (Rust)** rides the `std` PAL M-27 built and M-64 will widen, so the
99	64	context	later	2026-08-04	2026-08-15	than a compatibility project, so every `Unsupported` it hits is PAL surface M-64 wants
99	64	prerequisite	later	2026-08-03	2026-08-15	functions today (M-64's table). Git's floor needs, at minimum: create and open with the
99	47	context	later	2026-08-03	2026-08-15	`unlink`, `mkdir` recursive, `stat` with sizes and mtimes, and directory iteration. M-47
99	57	context	later	2026-08-03	2026-08-15	over the same disk image, which is M-57's proof shape reused: the host is the referee.
99	57	prerequisite	later	2026-08-03	2026-08-15	under `patches/`, the same road M-57 took with RedoxFS. Sequenced after M-64
99	64	prerequisite	later	2026-08-03	2026-08-15	under `patches/`, the same road M-57 took with RedoxFS. Sequenced after M-64
99	91	prerequisite	later	2026-08-03	2026-08-15	milestone's first week, and after M-91's glossary if it lands, since a reader meeting
99	57	context	later	2026-09-14	2026-08-15	which is what M-57 just finished building. First fork **decided 2026-08-04: gitoxide**
99	64	context	later	2026-09-14	2026-08-15	(Rust, rides the std PAL), so its gaps are M-64's surface with known owners; C git is a
100	60	context	later	2026-09-18	2026-08-04	Everywhere else the machine describes itself. `crates/device_tree_blob` already parses the tree, M-60
100	24	prerequisite	at-creation	2026-08-04	2026-08-04	**What it costs, and who needs it.** M-24 (a second aarch64 board, Virtualization.framework)
100	88	context	later	2026-08-15	2026-08-04	and M-88 (nife on rented silicon) both boot a machine that is not QEMU `virt`. A
100	24	context	at-creation	2026-08-04	2026-08-04	**Reading the device tree is necessary for M-24 and not sufficient for M-88.** An
100	88	context	at-creation	2026-08-04	2026-08-04	**Reading the device tree is necessary for M-24 and not sufficient for M-88.** An
100	88	context	at-creation	2026-08-04	2026-08-04	ACPI machine has no device tree at all and states PSCI in the FADT, which is why M-88's row
100	90	context	at-creation	2026-08-04	2026-08-04	`MISSED_TICKS`, `RAN_ON`), and M-90 is moving the stacks over a guard page. Reading `/cpus`
100	88	context	later	2026-09-03	2026-08-04	- **M-88.** The ACPI front door. An ACPI machine has no device tree at all and states PSCI
100	88	context	later	2026-09-03	2026-08-04	M-88 (nife on rented silicon) already budgets the UEFI boot path and the ACPI reader.
101	74	context	later	2026-08-16	2026-08-04	deriving them from nanoseconds and an assumed clock. That is M-74's deliverable by name, and
101	16	context	later	2026-08-16	2026-08-04	it rides M-16's silicon. This line read `NONE` until 2026-08-16, which was true while a
101	21	context	later	2026-08-16	2026-08-04	> | `ipc_rtt` (kernel-side, M-21) | ~951 | the rendezvous, no trap |
101	74	context	later	2026-08-16	2026-08-04	wrong twice (design/roadmap/74-cycle-counters.md).
101	19	context	later	2026-08-16	2026-08-04	**One caveat on the RISC-V twin, because "it was opened by M-19e" is too clean.** The
101	74	context	later	2026-08-16	2026-08-04	thread ran on. That is M-74's job, and it is why this milestone is not BUILT.
101	74	context	later	2026-08-16	2026-08-04	**The remaining step is M-74's, not a second lane on this one.** Folding it into
101	25	context	later	2026-08-16	2026-08-04	M-25 was the alternative this block named, and the reason for keeping it separate is now on
101	74	context	later	2026-09-03	2026-08-04	- **M-74.** The one remaining step, reading cycles from a PMU rather than deriving them
101	16	context	later	2026-09-03	2026-08-04	- **M-16.** The silicon that makes a PMU readable at all is 16a, which has booted the full
101	132	context	later	2026-09-03	2026-08-04	is on and this kernel has none, recorded in `notes/benchmarks.md`. M-132 measured the
101	228	prerequisite	later	2026-09-03	2026-08-04	rather than because this project set it, until 2026-07-30. M-228 has since made it a
101	25	context	later	2026-09-03	2026-08-04	- **Refused.** Folding the remaining step into M-25 was considered and declined: the
101	229	context	later	2026-09-03	2026-08-04	decided, M-229 is BUILT and M-237 is BUILT, so a per-thread counter grant already
101	237	context	later	2026-09-03	2026-08-04	decided, M-229 is BUILT and M-237 is BUILT, so a per-thread counter grant already
101	16	context	later	2026-09-14	2026-08-04	fixed. Cycles are still arithmetic on an assumed clock; the PMU reading waits on M-16's
102	29	prerequisite	later	2026-09-19	2026-08-04	overflow bit on drain, needs no decision and has a witness in M-29's flood, and should not
102	435	context	later	2026-09-19	2026-08-04	is delivered), written up 2026-09-19 by M-435's lane; this gate had named no decision since
102	16	context	at-creation	2026-08-04	2026-08-04	fault queue. M-16b built both drivers and proved the stop happens on both ISAs. Nothing
102	29	context	at-creation	2026-08-04	2026-08-04	test: `kernel/src/user/display_tests.rs` (three, M-29's framebuffer work) and
102	29	context	at-creation	2026-08-04	2026-08-04	**The overflow bit is the small half, and it has a witness.** M-29's escape test first
102	22	context	at-creation	2026-08-04	2026-08-04	message its supervisor holds (S-26, M-22), so a device escaping its grant could arrive as
102	16	context	at-creation	2026-08-04	2026-08-04	**The proof shape is M-16b's, reused.** Point a confined device at a frame outside its
102	29	context	at-creation	2026-08-04	2026-08-04	entry exists. M-29's flood is the reason to keep the provocation to a single translation.
103	106	context	at-creation	2026-08-04	2026-08-04	**The work.** Convert the shell's watch loop to whatever M-106 (a wait that ends on either
103	106	context	at-creation	2026-08-04	2026-08-04	**Strictly downstream of M-106.** There is no timed wait anywhere in the kernel (S-51 records
103	48	context	at-creation	2026-08-04	2026-08-04	**Not `Tcb::SUSPEND`.** Pausing a job resumably is S-24's deliberate deferral and M-48's
104	22	context	at-creation	2026-08-04	2026-08-04	**Status: BUILT** 2026-08-05 (PR #138). Raised 2026-08-04. M-22 (trusted init) is BUILT, so the sentence it
104	22	prerequisite	at-creation	2026-08-04	2026-08-04	M-22 phase B.1). Everything after that entry is unchecked bytes, loaded by a program whose
104	22	context	at-creation	2026-08-04	2026-08-04	userspace, carrying its own table. That works precisely because M-22 already measured init:
104	22	context	at-creation	2026-08-04	2026-08-04	phase B's record, and M-22's own block. None of them names an owner.
104	22	context	at-creation	2026-08-04	2026-08-04	whose shell is unrecognised is the fail-closed floor M-22 argues for everywhere else, and it
104	96	context	at-creation	2026-08-04	2026-08-04	init role (aarch64) each carry their own copy of `build_child`, which is M-96's finding.
104	96	context	later	2026-09-03	2026-08-04	- **M-96.** The two copies of `build_child`, one in `system_initializer` and one in
104	450	context	later	2026-09-20	2026-08-04	This refusal is M-450 (design/roadmap/450-a-signature-over-the-init-image.md), which
105	22	context	at-creation	2026-08-04	2026-08-04	# 105. The two forks M-22 named and left
105	22	context	at-creation	2026-08-04	2026-08-04	**Status: NOT-STARTED.** Raised 2026-08-04. M-22 (trusted init) built the supervision tree
105	435	context	later	2026-09-19	2026-08-04	already sent), written up 2026-09-19 by M-435's lane. Both were recorded in
105	22	context	at-creation	2026-08-04	2026-08-04	supervisor able to build processes, which is precisely the authority M-22 set out to give
105	23	prerequisite	at-creation	2026-08-04	2026-08-04	M-23 (the component OS with live replacement) is. Neither depends on the other, so a
106	30	context	at-creation	2026-08-04	2026-08-04	**Status: NOT-STARTED.** Raised 2026-08-04 from `notes/net.md:307`, where M-30's network
106	51	context	later	2026-08-17	2026-08-04	for calef before it is a task**, and it is the same fork **M-51** already records.
106	263	context	later	2026-09-05	2026-08-04	M-263 settles that and prices a fourth shape (`Timer::ARM(deadline, notification)`) that
106	51	context	later	2026-09-05	2026-08-04	neither this block nor M-51 lists.
106	51	context	later	2026-09-05	2026-08-04	**Original gate: DECISION.** A timed wait is a kernel-surface addition and **M-51's block**
106	51	context	later	2026-08-17	2026-08-04	(`design/roadmap/51-wall-clock-time.md`, "The fork this exposes, which is bigger than the milestone")
106	103	context	later	2026-08-17	2026-08-04	it (`design/roadmap/103-interrupt-watch-stops-spinning.md:50`, `notes/pipes.md:656`) and belong to
106	51	context	later	2026-08-17	2026-08-04	on purpose: shipping it would have settled the fork by accident, which this block and M-51's
106	51	context	at-creation	2026-08-04	2026-08-04	**This is M-51's fork, and it should be decided once.** M-51 (wall-clock time) records three
106	103	context	at-creation	2026-08-04	2026-08-04	deadline, and M-103 (the shell's interrupt watch) is the consumer that turns the third
106	103	context	later	2026-09-13	2026-08-04	| `swish`'s interrupt watch | the `^C` poll, M-103's owner | M-103 |
106	19	context	later	2026-08-17	2026-08-04	cost argument assumed **has not existed since M-19c.2**: TCBs are page-resident, so this
106	124	context	later	2026-08-17	2026-08-04	- **M-124's proof holds, measured, on both ISAs.** A prototype expiry was wired into `on_tick`
106	51	context	at-creation	2026-08-04	2026-08-04	**M-51 is BUILT and this fork is explicitly tracked outside it.** 51's block says the
106	23	context	later	2026-08-17	2026-08-04	103), and a **liveness watch over a supervision domain** (M-23's hung-component residual,
106	62	context	later	2026-08-17	2026-08-04	rather than duration** (M-62's argument, one level out), which softens what an inaccurate
106	23	context	later	2026-08-17	2026-08-04	**Two citations corrected 2026-08-17**, by M-23's hung-component lane, which needed this fork
106	51	context	later	2026-08-17	2026-08-04	S-51 is *the sink protocol*; they live in **M-51's** roadmap block, in its rejected-alternatives
106	263	context	later	2026-09-14	2026-08-04	four consumers are userspace; this stays owed against a kernel-side one appearing. M-263
107	54	context	later	2026-08-15	2026-08-04	**Status: BUILT.** Merged 2026-08-04 (pull request #117; `socket_proto`'s listen verbs are on main). The status said IN-PROGRESS for eleven days after the ...
107	54	context	at-creation	2026-08-04	2026-08-04	**Why it is not a detail.** M-54 (a network file service a Mac can actually mount) and
107	55	context	at-creation	2026-08-04	2026-08-04	M-55 (Time Machine over SMB3 with Apple's extensions) are both **servers**. The mount is a
107	30	context	at-creation	2026-08-04	2026-08-04	M-30 earned, a network gate with zero developer setup that runs in CI.
107	30	context	at-creation	2026-08-04	2026-08-04	surface M-30 kept deliberately narrow ("TCP, UDP, DHCP, no sockets-API mimicry beyond what
107	27	context	at-creation	2026-08-04	2026-08-04	**This also binds M-27's `std::net` PAL.** `TcpListener` is currently unreachable for the
107	30	context	at-creation	2026-08-04	2026-08-04	same reason `TcpStream` was before M-30; whether the PAL binding lands here or in 27's
107	99	context	at-creation	2026-08-04	2026-08-04	gitoxide-style real workload (M-99) can serve anything.
107	64	context	later	2026-09-03	2026-08-04	- **M-64.** The `std::net` PAL binding this block flagged as a scoping question. It landed
107	64	context	later	2026-09-03	2026-08-04	in M-64 rather than here or in 27: `TcpListener::bind` and `accept` map onto `OP_LISTEN`
108	95	context	at-creation	2026-08-04	2026-08-04	**Related, and distinct: M-95 (an unmap primitive).** 95 is about a holder giving a mapping
108	107	context	later	2026-09-03	2026-08-04	M-107 already found at the edge.
109	47	context	at-creation	2026-08-04	2026-08-04	**Status: BUILT** 2026-08-04 (PR #111). Built as a shell prefix word rather than a program, deliberately: a batching program would have to hold the union of ...
109	47	context	at-creation	2026-08-04	2026-08-04	states it first, `notes/glob.md` repeats it, and M-47's own block says "`xargs` is still not
109	47	context	at-creation	2026-08-04	2026-08-04	**Why `xargs` here is a better idea than `xargs` in Unix**, in M-47's words, which are worth
109	47	context	at-creation	2026-08-04	2026-08-04	M-47 and both notes call it, and it is a standard term a reader already knows from outside,
109	47	context	later	2026-09-03	2026-08-04	- **M-47.** `xargs <program>` still stops after planning batch one, because the shell cannot
109	47	context	later	2026-09-03	2026-08-04	yet ask init to mint a per-batch caretaker. That missing delegation chain is M-47's, and
109	451	context	later	2026-09-20	2026-08-04	This refusal is M-451 (design/roadmap/451-more-than-eight-names-in-a-grant.md), which
109	47	context	later	2026-09-03	2026-08-04	calef's call, like every name a lane ships. It is what M-47 and both glob notes call it,
110	57	context	at-creation	2026-08-04	2026-08-04	**Status: BUILT** 2026-08-04 (PR #103). Raised 2026-08-04 from `notes/host-recovery.md:263`. M-57
110	57	context	at-creation	2026-08-04	2026-08-04	**The gap has a witness, which is the argument for closing it.** M-57's post-run check
110	452	context	later	2026-09-20	2026-08-04	This refusal is M-452 (design/roadmap/452-a-salvage-tool-for-a-broken-superblock.md),
110	57	context	later	2026-09-14	2026-08-04	the wrong place. M-57's residual, and small
111	31	context	later	2026-09-05	2026-08-04	this block's own recommendation, which was to fold it into M-65 or M-31's phase two.
111	65	context	later	2026-09-05	2026-08-04	this block's own recommendation, which was to fold it into M-65 or M-31's phase two.
111	56	context	at-creation	2026-08-04	2026-08-04	**The finding.** M-56 built the entropy service and the grant that reaches it. Nothing at
111	56	context	at-creation	2026-08-04	2026-08-04	form of the property M-56 built the service to have.
111	230	context	later	2026-09-05	2026-08-04	M-230, but which is one gate rather than the suite. This is the same gap `xtask`'s own
111	230	context	later	2026-09-05	2026-08-04	of the three M-230 left. The next thing that holds a capability across init's login block
111	390	context	later	2026-09-19	2026-08-04	- **M-390.** Give the kernel's `Spawn` a `placed` list the way
111	433	context	later	2026-09-19	2026-08-04	2026-09-19 by M-433's drain of the pile; the crate was `supervision_proto` when this
111	265	context	later	2026-09-19	2026-08-04	bullet was written and is `supervision_protocol` since M-265.
111	31	context	later	2026-09-05	2026-08-04	- **Done.** M-65 (a secrets service) and M-31 phase two are unaffected by this
111	65	context	later	2026-09-05	2026-08-04	- **Done.** M-65 (a secrets service) and M-31 phase two are unaffected by this
111	65	context	at-creation	2026-08-04	2026-08-04	- **Fold into M-65 (a secrets service).** 65 holds keys and exposes operations, so it will
111	31	context	at-creation	2026-08-04	2026-08-04	- **Fold into M-31 (a capability shell), phase two.** 31 owns per-file grants pointing at FS
112	78	context	at-creation	2026-08-04	2026-08-04	judgement. Decide per site with an argument, the way M-78 decides per assertion, rather than
112	453	context	later	2026-09-20	2026-08-04	This refusal is M-453 (design/roadmap/453-a-lint-for-a-safety-comment-on-a-safe-fn.md),
113	82	context	at-creation	2026-08-04	2026-08-04	**Status: BUILT** 2026-08-04 (PR #109). Raised 2026-08-04 by M-82's lane, recorded in
113	112	context	at-creation	2026-08-04	2026-08-04	**Related and distinct: M-112 (the SAFETY comments that bind nobody).** 112 is about
113	82	context	at-creation	2026-08-04	2026-08-04	origin (M-82's survey) and nothing else, and neither blocks the other.
113	82	context	at-creation	2026-08-04	2026-08-04	one of `script/lint`'s thirteen configurations, and M-82's survey already found the
113	82	context	later	2026-09-14	2026-08-04	fire there; 14 blocks live under it and eleven of `ipc`'s twelve are undocumented. M-82's
114	76	context	at-creation	2026-08-04	2026-08-04	**Measured against the case that justified M-76**, because the argument is the same argument
114	94	context	at-creation	2026-08-04	2026-08-04	or BUILT; a decision says nothing about whether it still holds. M-94's sweep found S-11
114	96	context	at-creation	2026-08-04	2026-08-04	the duplication M-96 spent a day removing from the inits. One directory, one index, one
114	76	context	at-creation	2026-08-04	2026-08-04	the diff reviewable as a move rather than an edit; M-76's lane proved its split byte-for-byte
114	97	context	at-creation	2026-08-04	2026-08-04	**Sequence it with M-97**, which is already about citations naming what they cite. The two
114	76	context	at-creation	2026-08-04	2026-08-04	Three of this entry's numbers were taken from the M-76 comparison rather than from the
114	76	context	at-creation	2026-08-04	2026-08-04	**The move was proved the way M-76 proved its own.** A reassembly script inverts every
114	22	context	at-creation	2026-08-04	2026-08-04	"not yet built" while three blocks below it recorded M-22 building it in two phases.
114	97	context	at-creation	2026-08-04	2026-08-04	M-97. The interaction this entry's scope note predicted holds: 97's check is now a
114	97	context	later	2026-09-03	2026-08-04	- **M-97.** The check this split makes cheap and could not build itself: a citation that is
114	76	prerequisite	later	2026-09-14	2026-08-04	The same case M-76 made, with nearly the same numbers: 5,320 lines, 71 sections, 2,017 `§N` citations, 126 commits in ten days, and three ...
115	96	context	at-creation	2026-08-04	2026-08-04	**The incident.** A lane proposed `system_builder` for the crate M-96 extracted; the
115	63	context	at-creation	2026-08-04	2026-08-04	maintainer find that **M-63 had already refused `system_builder`**, for a reason neither had
115	88	context	at-creation	2026-08-04	2026-08-04	sequence it does not occupy, and M-88 will need the real one), `script/sanitize` (reads as
115	63	context	later	2026-08-14	2026-08-04	| **recorded** | the history explains it (M-63's table, a commit, a header) but calef never ruled |
115	97	context	at-creation	2026-08-04	2026-08-04	citations, and M-97 is the neighbouring case.
115	97	context	later	2026-09-03	2026-08-04	- **M-97.** The neighbouring case this block's scope note names: the same blind spot in the
115	63	context	later	2026-09-14	2026-08-04	maintainer endorsed it, and M-63 turned out to have refused it months earlier for a
116	43	context	later	2026-08-14	2026-08-04	**Status: BUILT** 2026-08-14 (PR #131). Minted 2026-08-04 by the integrator, from M-43's audit proposal C,
116	80	context	at-creation	2026-08-04	2026-08-04	- **M-80's loom harness** found the clock page's seqlock writer claiming the sequence with
116	43	context	at-creation	2026-08-04	2026-08-04	- **M-43's audit** found three release-side fences in the compositor's subsystem **whose
116	80	context	at-creation	2026-08-04	2026-08-04	that, record it as a limitation, and make the inventory itself the deliverable. M-80's
116	43	context	later	2026-09-03	2026-08-04	- **M-43.** The three unpaired release fences in the compositor that half raised this
116	80	context	later	2026-09-03	2026-08-04	- **M-80.** The output this block guessed at and got right: the useful answer is a list of
117	130	context	later	2026-08-18	2026-08-04	- **`notes/adding-a-program.md` is stale again**, two days after run 2 corrected it. M-130
117	97	context	at-creation	2026-08-04	2026-08-04	costs more than one that is silent. M-97 found six citations pointing at the wrong record;
117	118	context	later	2026-08-18	2026-08-04	restating it, because the two have different readers and M-118 is shrinking `AGENTS.md`;
117	62	context	later	2026-08-18	2026-08-04	claim something the code cannot support. ***Done by M-62, which deleted the assertion
117	62	context	later	2026-08-18	2026-08-04	- **Stop `timer.rs`'s panic message asserting a false dichotomy: already done by M-62**, in
117	129	context	later	2026-08-18	2026-08-04	wrong and are worth correcting rather than deleting. M-129 is **not** the machinery: it
117	150	context	later	2026-08-22	2026-08-04	M-150**, "Adding a program should not need eight hand-maintained lists"
117	150	context	later	2026-08-22	2026-08-04	(`design/roadmap/150-program-declaration-data.md`, provisional number; 147, 148 and 149 were
117	495	context	later	2026-09-20	2026-08-04	proposal (`design/roadmap/495-a-due-cadence-reaches-nobody.md`) rather than this block,
117	150	context	later	2026-09-19	2026-08-04	- **M-150 worked on first contact.** The stranger added a program through the one-place
117	516	context	later	2026-09-20	2026-08-04	and in `design/roadmap/516-uefi-test-exits-one-after-a-passing-suite.md`.
117	495	context	later	2026-09-20	2026-08-04	- **M-495.** A due cadence reaches nobody, and the watcher cannot tell due from dead:
117	495	context	later	2026-09-20	2026-08-04	M-495 (a cadence that says "due" reaches nobody), `design/roadmap/495-a-due-cadence-reaches-nobody.md`.
117	516	context	later	2026-09-20	2026-08-04	- **M-516.** `uefi-test` can exit 1 after its own suite passed:
117	516	context	later	2026-09-20	2026-08-04	M-516 (uefi-test can exit 1 after its own), `design/roadmap/516-uefi-test-exits-one-after-a-passing-suite.md`.
117	150	context	later	2026-09-03	2026-08-04	- **M-150.** The eight hand-maintained lists, nominated by three successive strangers, have
117	252	context	later	2026-09-03	2026-08-04	behind `rust-toolchain.toml`. M-252's sweep found both and fixed them by deleting the
117	150	context	later	2026-09-19	2026-08-04	per calef (2026-08-18). Run 6 found M-150's one-place program declaration working on first
118	117	context	later	2026-08-17	2026-08-04	this project is a document of this length addressed to an agent. M-117 found that
118	78	context	later	2026-08-18	2026-08-04	| benchmarks are first-class; measure, do not argue | the icount tripwire, and `script/icount` since M-78 |
118	97	context	later	2026-08-18	2026-08-04	never the right one. **M-97 built that gate.** `script/citations` opens by naming exactly that
118	96	context	later	2026-08-18	2026-08-04	keeping either way: M-96's lane put the loader unification in its own commit *ahead of* the
118	120	context	later	2026-08-18	2026-08-04	| 2026-08-15 | 4f215acb, 5d00b8e9, 9d1d49fc, 6f71615f | 787 | M-120, the two-directional leak check, S-71, plural maintainers |
118	94	context	later	2026-08-18	2026-08-04	| 2026-08-17 | 77017f71 | **955** | M-94's convention (+87) |
118	96	context	later	2026-08-18	2026-08-04	two purposes into one commit locally, and M-96's loader-ahead-of-migration structure is
118	96	context	later	2026-08-18	2026-08-04	exactly what that would destroy. The M-96 reasoning (879-883) stays either way.
118	114	context	at-creation	2026-08-04	2026-08-04	`DECISIONS.md` became `design/decisions/` (M-114), the roadmap became `design/roadmap/`, and
118	115	context	later	2026-08-18	2026-08-04	three, and it is M-115's shape exactly: the record beside the thing rather than in a registry.
118	134	context	later	2026-08-22	2026-08-04	`script/lint`'s existing `count-at-most` relation (built for M-134's unsafe-density ceiling)
118	262	context	later	2026-09-19	2026-08-04	moved the naming conventions to `design/naming.md` and the file fell to 922; M-262 had asked
118	262	context	later	2026-09-14	2026-08-04	**Raised 1001 to 1009 on 2026-09-14**, net of a consolidation, and the eleven added lines are a third lane-count ceiling: disk. The considered act: the file ...
118	262	context	later	2026-09-05	2026-08-04	**Lowered from 1048 to 988 on 2026-09-05 by M-262, and a lowering deserves the sentence as
118	262	context	later	2026-09-05	2026-08-04	were each already written out in full in both files. That is the defect M-262 was minted for,
118	51	context	later	2026-09-05	2026-08-04	it. calef asked for it as a standing question after it had gone unasked for a month on M-51's
118	262	context	later	2026-09-05	2026-08-04	**Three raises in one day is the argument for M-262, not against the raises.** Each was a
118	55	context	later	2026-08-30	2026-08-04	ecosystem while nife was not ready. A ranking function that still named M-55 would have been
118	160	context	later	2026-08-23	2026-08-04	**Raised from 942 to 947, 2026-08-23**: M-160's naming-tenet extension (three lines
118	161	context	later	2026-08-25	2026-08-04	M-161 two-core-crash lane's `git stash` collided with another session's stash, since the
118	47	context	later	2026-08-26	2026-08-04	(calef, launching M-47's and 49's second-round lanes the same day) moved from a per-brief
119	488	context	later	2026-09-20	2026-08-04	This refusal is M-488 (design/roadmap/488-a-self-hosted-ci-runner.md), which carries it
119	359	context	later	2026-09-19	2026-08-04	- **M-359.** `design/roadmap/359-three-blind-spots-in-the-proof-scope.md`, fix the three
120	119	context	later	2026-08-15	2026-08-13	repository under the organization. Step 5, the merge queue, is M-119's and remains open.
120	115	context	at-creation	2026-08-13	2026-08-13	M-115's point is that the refusals are the valuable half.
120	119	context	at-creation	2026-08-13	2026-08-13	**The concrete unblock is M-119.** GitHub's merge queue is available only in repositories
120	119	prerequisite	at-creation	2026-08-13	2026-08-13	5. **Enable the merge queue**, which M-119 owns. The `merge_group` triggers it needs are
120	119	prerequisite	later	2026-09-03	2026-08-13	- **M-119.** Step 5 of the ordering, enabling the merge queue, which this milestone made
120	128	context	later	2026-09-03	2026-08-13	- **M-128.** The `TOOLCHAIN_BUMP_PAT` secret, which does not survive a transfer and was
120	128	context	later	2026-09-03	2026-08-13	calef's to re-mint. M-128 goes further than a re-mint: it gives the automation a GitHub
121	184	context	later	2026-09-14	2026-08-13	and both run. x86_64 had no `std` until M-184 built `x86_64-unknown-nife` and its farm on
121	66	context	later	2026-08-31	2026-08-13	target beside M-66's Vaultwarden and M-99's git, chosen for a reason neither of those
121	99	context	later	2026-08-31	2026-08-13	target beside M-66's Vaultwarden and M-99's git, chosen for a reason neither of those
121	40	context	at-creation	2026-08-13	2026-08-13	**Enumeration is authority, and nothing in the tree currently walks.** M-40 met this a week
121	42	context	at-creation	2026-08-13	2026-08-13	is M-42's truthfulness rule applied to the one refusal most easily faked. `rm -r` already
121	122	context	later	2026-08-17	2026-08-13	is reachable from a `std` program, because the PAL retains no directory handle. That is M-122,
121	64	context	at-creation	2026-08-13	2026-08-13	| `read_dir` bound in the `std` PAL, **one level only** | built, see the correction below | M-64 |
121	64	context	at-creation	2026-08-13	2026-08-13	| `regex`, `walkdir`, `ignore`, `crossbeam-channel`, `memchr` | **built with no change** | M-64's probe of 50 crates |
121	122	prerequisite	at-creation	2026-08-13	2026-08-13	That work is M-122, and this milestone is gated on it.
121	48	context	at-creation	2026-08-13	2026-08-13	M-48's shell already rebinds what it holds, so the grant is the shell's ordinary act rather
121	108	context	at-creation	2026-08-13	2026-08-13	The negative half is the load-bearing one and should be a test, in the shape M-108 used: the
121	64	context	at-creation	2026-08-13	2026-08-13	- **`ReadDir` reads a listing whole rather than streaming it**, which M-64's PAL documents as
121	99	context	at-creation	2026-08-13	2026-08-13	- **ripgrep memory-maps large files by default** and this system has no `mmap`, which M-99's
121	122	context	at-creation	2026-08-13	2026-08-13	- **A walker's cost is per component and invisible.** Whatever M-122 chooses, descending a
121	205	context	later	2026-09-03	2026-08-13	- **M-205.** The ABI has no argument vector, which is what stops `rg` after it loads and
121	205	context	later	2026-09-03	2026-08-13	resolves its own directory. `design/roadmap/205-foreign-program-arguments.md` was minted from
121	206	context	later	2026-09-03	2026-08-13	- **M-206.** The 896 KiB image ceiling this lane found became
121	206	context	later	2026-09-03	2026-08-13	`design/roadmap/206-user-image-ceiling.md`, which also owns the mapping error that names an
121	184	context	later	2026-09-16	2026-08-13	- **M-303.** The x86_64 run, done 2026-09-16. M-184 closed the `std` half of this
121	303	context	later	2026-09-16	2026-08-13	- **M-303.** The x86_64 run, done 2026-09-16. M-184 closed the `std` half of this
121	64	context	later	2026-09-14	2026-08-13	dependency (`regex`, `walkdir`, `ignore`, `crossbeam-channel`) is already in M-64's
121	184	context	later	2026-09-14	2026-08-13	foreign program what to do. x86_64 builds `ripgrep` since M-184 and does not run it yet, for want of a disk the FS service can find
122	121	context	at-creation	2026-08-13	2026-08-13	The consequence is the sharp one M-121 records: `read_dir(".")` yields `./name` and feeding it
122	121	context	at-creation	2026-08-13	2026-08-13	M-121's benchmark is what prices A, and if per-component IPC turns out to dominate, that is
122	64	context	at-creation	2026-08-13	2026-08-13	directory object exists. M-64's "35 of 50 crates built with no change" means *compiles*, and
122	64	prerequisite	later	2026-08-18	2026-08-13	the fourth refusal in this PAL found to have outlived its own reason, after M-64's three.
122	47	context	later	2026-08-18	2026-08-13	vocabulary. It has been since M-47. So the one answer meaning "this capability does not
122	121	context	later	2026-08-18	2026-08-13	milestone owes. M-121's benchmark is what prices it, and 121 has not started. Nothing here
122	108	context	at-creation	2026-08-13	2026-08-13	half is M-108's question one level up.
122	108	context	later	2026-08-18	2026-08-13	endpoint is M-108's open question. The clean fix is the contract's: a tag or an offset in
122	121	context	later	2026-09-03	2026-08-13	- **M-121.** The per-component IPC is still unmeasured, which is the half of this block's
122	108	context	later	2026-09-03	2026-08-13	- **M-108.** Lifetime and revocation of a retained directory handle: when it is closed, and
122	351	context	later	2026-09-19	2026-08-13	- **M-351.** Spawn a `std` program on an
123	108	context	at-creation	2026-08-13	2026-08-13	M-108's discipline applies: a claim is worth what its falsification is worth, and that
124	108	context	later	2026-08-16	2026-08-14	Minted by calef out of the riscv64 stack overflow M-108 was held on. The hold turned out to
124	454	context	later	2026-09-20	2026-08-14	This refusal is M-454 (design/roadmap/454-the-stack-sizes-nobody-has-sized.md), which
124	331	context	later	2026-09-19	2026-08-14	- **M-331.** Delete the
125	55	context	later	2026-08-16	2026-08-14	M-55 carrying three harnesses and was never added to that list, so nothing proved them and
125	1	context	at-creation	2026-08-14	2026-08-14	have that**" about guard pages, with a TODO for M-4, from M-1 until 2026-08-14.
125	4	context	at-creation	2026-08-14	2026-08-14	have that**" about guard pages, with a TODO for M-4, from M-1 until 2026-08-14.
125	4	context	at-creation	2026-08-14	2026-08-14	M-4 built them for the boot stack and M-90 finished the job. This class is real and
125	90	context	at-creation	2026-08-14	2026-08-14	M-4 built them for the boot stack and M-90 finished the job. This class is real and
125	117	prerequisite	at-creation	2026-08-14	2026-08-14	**not checkable**: it needs a reader who knows the system. **M-117, the stranger test, is the
125	3	context	at-creation	2026-08-14	2026-08-14	While `notes/stack.md` was being edited on 2026-08-14 it turned out to contain, from M-3:
125	117	context	later	2026-09-03	2026-08-14	- **M-117.** Prose that asserts the system lacks something it now has, the class this
125	4	prerequisite	later	2026-09-03	2026-08-14	carried "We don't have that" about guard pages for months after M-4 built them, and it
125	117	prerequisite	later	2026-09-14	2026-08-14	months), which needs a reader and is M-117's
126	123	context	at-creation	2026-08-14	2026-08-14	consistency with M-123's approach to popular packages: the corpus is chosen by an external
126	106	context	later	2026-09-13	2026-08-14	fifth named consumer of M-106's timed-wait fork (`components/src/timetable.rs`'s module docs name
126	47	context	later	2026-08-17	2026-08-14	`Prog::Date`'s deliberate under-declaration verbatim. It lifts when `ArgSpec` grows M-47's
126	121	context	at-creation	2026-08-14	2026-08-14	this system is built to refuse.** M-121 makes the same argument for directories: a program
126	108	context	at-creation	2026-08-14	2026-08-14	The negative control keeps M-108's shape: a viewer run against a domain it was not granted is
126	282	context	later	2026-09-13	2026-08-14	`design/decisions/150-per-thread-cpu-accounting.md`, built as M-282. Raised 2026-08-26 by
126	41	context	later	2026-08-26	2026-08-14	have alive, the same job S-28/M-41 moved to per-process untyped retyping (the budget *is*
126	54	context	later	2026-08-26	2026-08-14	**This is a fork rather than a recommendation-only decision** because unlike M-54's demo
126	106	context	later	2026-09-13	2026-08-14	It is M-106's fifth named consumer (`components/src/timetable.rs`'s module docs name the first
126	229	context	later	2026-09-03	2026-08-14	returns three words. M-229's per-thread cycle-counter grant is self-timing authority
126	47	context	later	2026-09-03	2026-08-14	- **M-47.** A pattern still cannot be typed at `pgrep`, because every manifest in
126	106	context	later	2026-09-03	2026-08-14	- **M-106.** `watch`'s half-second interval is still a yield-spin against the monotonic
126	455	context	later	2026-09-20	2026-08-14	This refusal is M-455 (design/roadmap/455-the-signalling-stratum.md), which carries it
126	281	context	later	2026-09-13	2026-08-14	with `^C`, citing a crate beside it. M-281 deleted that program and its crate, so both the
127	25	context	at-creation	2026-08-14	2026-08-14	M-25's, sequenced behind the customer path by the ranking function.
127	53	context	later	2026-09-01	2026-08-14	this gate no longer means "waiting for a delivery" and now means the sense M-53 uses: the
127	74	context	at-creation	2026-08-14	2026-08-14	never did), and M-74's aarch64 PMCCNTR half, which is what the PMU is for.
127	74	context	later	2026-09-19	2026-08-14	| `MDCR_EL2` | No debug or PMU traps to EL2, and `HPMN` = `PMCR_EL0.N` so every event counter is EL1's. **This one is on the other prerequisite's path**: ...
127	74	context	later	2026-09-19	2026-08-14	6. **Then M-74's half, which is now a line the boot prints rather than a step to perform.**
127	228	context	later	2026-09-19	2026-08-14	worth knowing: the kernel's **first** PMU access is M-228's `PMUSERENR_EL0` write in
127	25	context	later	2026-09-14	2026-08-14	work stays M-25's, behind the customer path
129	31	context	later	2026-09-14	2026-08-15	`clock_protocol`, the spawn machinery and program manifests (M-31's grant expressions), and
129	126	context	later	2026-08-18	2026-08-15	**The demonstration is the refusals**, which is M-126's shape rather than a coincidence.
129	126	context	later	2026-08-18	2026-08-15	M-126's process view. Neither ever runs, and the cross-ISA test asserts both the refusal and
129	106	context	later	2026-08-18	2026-08-15	## The finding: this is M-106's fifth consumer, and the first whose purpose is a deadline
129	106	context	later	2026-08-18	2026-08-15	M-106's block counts four consumers of that fork (`net_stack`'s retransmit window,
129	49	context	later	2026-08-28	2026-08-15	**Both are now on `main`.** M-49 (users, login, and attribution) reached `BUILT` on
129	152	context	later	2026-08-28	2026-08-15	2026-08-27. M-152 (durable delegation) cleared its own gate the same day, and its design is
129	31	context	at-creation	2026-08-15	2026-08-15	registration the way the shell checks a command line at the prompt (M-31). An entry
129	55	context	at-creation	2026-08-15	2026-08-15	is M-55's housekeeping, so scoping it before 54/55 take shape risks building the wrong
129	131	context	later	2026-08-18	2026-08-15	open-and-read at startup, M-131). It is load-bearing here in a way it is not there, because
129	152	context	later	2026-09-03	2026-08-15	- **Done.** Persistence is no longer unaddressed: M-152 built `crates/schedule_store`, the
129	51	context	later	2026-09-03	2026-08-15	- **Outstanding.** Calendar syntax has not started. `crates/calendar` is M-51's civil-date
129	131	context	later	2026-09-03	2026-08-15	also what answers who may register. The pointer this block gives to M-131 for the fix is
129	106	context	later	2026-09-03	2026-08-15	- **M-106.** The absence of a timed wait still costs a core's worth of yields and lazy
129	55	context	later	2026-09-14	2026-08-15	registration like a command line at the prompt. First customer is M-55's housekeeping, so
130	78	context	at-creation	2026-08-17	2026-08-17	nobody flipped it, so `main` went red on the check that M-78's sweep added days earlier:
130	365	context	later	2026-09-19	2026-08-17	- **M-365.** `design/roadmap/365-xtask-in-modules.md`, split `xtask/src/main.rs`, 6,785
130	344	context	later	2026-09-19	2026-08-17	- **M-344.** Whether to retire the branch-prefix taxonomy down to `milestone/N-`, the one
131	435	context	later	2026-09-19	2026-08-17	boot that is not a test), written up 2026-09-19 by M-435's lane: **where a secret physically
131	55	context	later	2026-09-14	2026-08-17	**M-55's mDNS responder already did the configuration half**, and it is the shape to follow
131	298	context	later	2026-09-14	2026-08-17	even though the code is gone (retired 2026-09-15 by M-298): a document described what the
131	56	context	at-creation	2026-08-17	2026-08-17	M-56 built the store and the entropy; it is `BUILT` and it is not this. What is missing is
131	22	context	at-creation	2026-08-17	2026-08-17	- **Bound by measured boot**, sealed to the measurement M-22 already takes. Strongest, and
131	54	context	at-creation	2026-08-17	2026-08-17	**It is the head of the customer path.** M-54 is `BUILT`: a real Mac mounts the share, reads
131	55	context	later	2026-09-14	2026-08-17	keep. Four deliverables: the document (M-55's retired `mdns_responder.conf` is the shape), the
132	127	context	at-creation	2026-08-18	2026-08-18	wanted, or the day M-127's TX1 puts a real PMU behind the estimate, the fastpath stops being
132	74	context	at-creation	2026-08-18	2026-08-18	proxy for one, and M-74's cycle counters on M-127's silicon are what turn a proxy
132	127	context	at-creation	2026-08-18	2026-08-18	proxy for one, and M-74's cycle counters on M-127's silicon are what turn a proxy
132	188	context	later	2026-09-03	2026-08-18	- **M-188.** The hand-written IPC fastpath this block deliberately refused to fold in, and
132	74	context	later	2026-09-03	2026-08-18	cache, an associativity or a line: this is a proxy, and M-74's counters on M-127's
132	127	context	later	2026-09-03	2026-08-18	cache, an associativity or a line: this is a proxy, and M-74's counters on M-127's
133	23	context	later	2026-09-04	2026-08-18	`roadmap/blocked-thread-teardown`, from the residual M-23's hung-component lane recorded and
133	254	context	later	2026-09-03	2026-08-18	handle, and nobody has asked to end a thread without owning its region. C is M-254, minted
133	55	context	at-creation	2026-08-18	2026-08-18	the wrong shape for M-55's unattended backup target.
133	106	prerequisite	at-creation	2026-08-18	2026-08-18	**What is not in scope.** Detection. Deciding that a component *is* hung needs M-106's timed
133	23	context	at-creation	2026-08-18	2026-08-18	wait and is M-23's residual, not this one's; this milestone is about what can be done to a
133	254	context	later	2026-09-04	2026-08-18	- **M-254.** The caller stranded by a server that merely *died*, which `abi::Error::Gone`
133	366	context	later	2026-09-19	2026-08-18	- **M-366.** `design/roadmap/366-a-block-site-that-writes-blocked-by-hand.md`. Nothing
133	254	context	later	2026-09-19	2026-08-18	- **M-371.** `design/roadmap/371-a-reply-capability-that-names-a-call.md`, M-254's,
133	371	context	later	2026-09-19	2026-08-18	- **M-371.** `design/roadmap/371-a-reply-capability-that-names-a-call.md`, M-254's,
133	368	context	later	2026-09-19	2026-08-18	- **M-368.** `design/roadmap/368-a-flat-entry-set-counts-bytes-no-syscall-fetches.md`.
133	23	context	later	2026-09-14	2026-08-18	M-23's case (c): `DESTROY` arms a kill that `schedule()` spends only for a `Running`
134	74	prerequisite	later	2026-09-04	2026-08-18	Tier B remains gated on M-74's counters and
134	127	context	later	2026-09-04	2026-08-18	M-127's silicon (see "What is built, and what is not" below for both). What landed
134	74	context	at-creation	2026-08-18	2026-08-18	this block: S-95 and S-96 both say to wait for M-74's counters on M-127's TX1, and both
134	127	context	at-creation	2026-08-18	2026-08-18	this block: S-95 and S-96 both say to wait for M-74's counters on M-127's TX1, and both
134	370	context	later	2026-09-19	2026-08-18	`design/roadmap/370-a-layout-control-for-the-perturbation-experiments.md`.
134	370	context	later	2026-09-19	2026-08-18	**2026-09-19: that control is built**, as M-370: `NIFE_FASTPATH_PAD` and
134	74	context	at-creation	2026-08-18	2026-08-18	**What this block is not.** It does not build the counters, which is M-74, nor decide who may
134	25	context	at-creation	2026-08-18	2026-08-18	read them, which is M-75, nor run the cross-OS comparison, which is M-25 on milestone
134	75	context	at-creation	2026-08-18	2026-08-18	read them, which is M-75, nor run the cross-OS comparison, which is M-25 on milestone
134	74	context	at-creation	2026-08-18	2026-08-18	are blocked on M-74 (the counters), M-75 (who may read the cycle counter, and by what authority) and M-127
134	75	context	at-creation	2026-08-18	2026-08-18	are blocked on M-74 (the counters), M-75 (who may read the cycle counter, and by what authority) and M-127
134	127	context	at-creation	2026-08-18	2026-08-18	are blocked on M-74 (the counters), M-75 (who may read the cycle counter, and by what authority) and M-127
134	101	context	at-creation	2026-08-18	2026-08-18	±1.5x uncertainty M-101 records, which comes from not knowing whether the vCPU thread ran on
134	132	context	at-creation	2026-08-18	2026-08-18	a measurement of. M-132 says so in its own BUGS. A footprint of 5.6 KiB against a 32 KB L1i
134	132	context	at-creation	2026-08-18	2026-08-18	effort should go, which nothing currently knows. M-132 found `syscall::dispatch` is the
134	25	context	at-creation	2026-08-18	2026-08-18	M-25's deliverable on M-127's TX1, cited rather than duplicated. What belongs **here**
134	127	context	at-creation	2026-08-18	2026-08-18	M-25's deliverable on M-127's TX1, cited rather than duplicated. What belongs **here**
134	101	context	at-creation	2026-08-18	2026-08-18	M-101 recorded, where three separate mistakes cancelled into a plausible-looking ratio.
134	74	context	at-creation	2026-08-18	2026-08-18	S-95 recommends holding the fastpath for "M-74's cycle counters on M-127's TX1", and
134	127	context	at-creation	2026-08-18	2026-08-18	S-95 recommends holding the fastpath for "M-74's cycle counters on M-127's TX1", and
134	229	context	later	2026-09-03	2026-08-18	- **M-229.** Tier B's authority blocker is gone.
134	229	context	later	2026-09-03	2026-08-18	grant in the spawn manifest) and `design/roadmap/229-the-counter-grant.md` is BUILT the same day;
134	74	context	later	2026-09-19	2026-08-18	- **Done.** Narrowed to what is still missing. This item said M-74's counter driver was
134	309	context	later	2026-09-19	2026-08-18	landed (riscv64 2026-09-03, aarch64 2026-09-19 as PR #972), and M-309 added x86_64.
134	503	context	later	2026-09-20	2026-08-18	- **M-503.** M-503 (an event-counter driver), `design/roadmap/503-an-event-counter-driver-for-m6-to-m8.md`: one
134	74	context	later	2026-09-19	2026-08-18	M-74's scope note held generic events back until a second consumer; M6 to M8 are that
134	127	context	later	2026-09-03	2026-08-18	this block names as M-127's alternative.
134	370	context	later	2026-09-19	2026-08-18	images boot and print and says nothing about timing. M-370 is the block, and it is BUILT.
134	168	context	later	2026-09-19	2026-08-18	with M-168's job-mix evening over `--tftp`, E3 first because it is the interleaved block:
134	188	context	later	2026-09-04	2026-08-18	was reachable only from `sched::ipc_send`. M-188 phase 1 (2026-09-04) split the footprint
134	506	context	later	2026-09-20	2026-08-18	- **M-506.** M-506 (colour the kernel stacks and take E1), `design/roadmap/506-colour-the-kernel-stacks-and-take-e1-again.md`: start
134	25	context	later	2026-09-03	2026-08-18	- **M-25.** M12, the same measures on seL4 on the same board, is that block, itself PARTIAL
134	74	prerequisite	later	2026-09-03	2026-08-18	and gated on hardware and M-74, which this one already cites.
134	74	prerequisite	later	2026-09-14	2026-08-18	displacement under IPC load. Tier B remains gated on M-74's counters and M-127's
134	127	prerequisite	later	2026-09-14	2026-08-18	displacement under IPC load. Tier B remains gated on M-74's counters and M-127's
135	80	context	at-creation	2026-08-18	2026-08-18	closes it the way M-80 closed the same class three times before: lift the protocol into a
135	80	context	at-creation	2026-08-18	2026-08-18	**And it extends M-80's method to the subsystem where it pays most.** The three protocols
135	80	context	at-creation	2026-08-18	2026-08-18	Loom itself is tokio's, and the retrofit pattern is M-80's, established over three crates.
135	80	context	at-creation	2026-08-18	2026-08-18	about the silicon. This is M-80's standing caveat and it applies unchanged; M-81's
135	81	context	at-creation	2026-08-18	2026-08-18	about the silicon. This is M-80's standing caveat and it applies unchanged; M-81's
135	136	context	at-creation	2026-08-18	2026-08-18	- **Nothing gates the crate against the kernel drifting back.** *Closed by M-136, on the
135	113	context	at-creation	2026-08-18	2026-08-18	same day, and the mechanism named here was the wrong one.* M-113's shim shape does not
135	136	context	at-creation	2026-08-18	2026-08-18	edit to this crate. See design/roadmap/136-one-decision-path.md.
135	136	context	later	2026-09-03	2026-08-18	- **M-136.** The gate against the kernel growing a second decision path back in
135	81	context	later	2026-09-03	2026-08-18	M-81's Hypervisor.framework leg is the complementary evidence and it samples rather than
136	135	context	at-creation	2026-08-18	2026-08-18	**Status: BUILT.** Raised and closed 2026-08-18, out of M-135's own `BUGS` section, which
136	135	context	at-creation	2026-08-18	2026-08-18	M-135's value is one sentence: **the thing loom searches is the thing the kernel runs.** It
136	113	context	at-creation	2026-08-18	2026-08-18	135 proposed the mechanism as *M-113's shim shape applied to loom crates*. **It does not
136	135	context	at-creation	2026-08-18	2026-08-18	M-135 is protected by something: the arithmetic by Kani, the interleavings by loom, the
136	62	context	at-creation	2026-08-18	2026-08-18	**A gate nobody has watched fail is the thing this tree keeps deleting** (M-62 removed two
136	113	context	at-creation	2026-08-18	2026-08-18	message that says what to do instead; this pins an API surface the same way. M-113's Kani
136	135	context	later	2026-09-03	2026-08-18	`untyped.rs`, its name before M-135), so a lane that frees region pages from another kernel module
136	355	context	later	2026-09-19	2026-08-18	- **M-355.** `design/roadmap/355-the-other-four-loom-surfaces.md`, gate the other four
136	135	context	later	2026-09-14	2026-08-18	M-135's value is that the thing loom searches is the thing the kernel runs, and nothing
136	113	context	later	2026-09-14	2026-08-18	green. 135 proposed M-113's Kani shim shape; **it does not transfer, because 135 already
176	161	context	at-creation	2026-08-25	2026-08-25	since M-165 and the interrupt controller since M-161 item 2, neither is `None`
137	131	context	later	2026-08-30	2026-08-18	is no SMB server. Nothing in it is buildable, and unlike M-131 no part of it generalizes:
137	55	context	at-creation	2026-08-18	2026-08-18	local disk. Distinct from M-55, which is a Time Machine target.
176	265	context	UNKNOWN	92	2026-08-25	  M-265 renamed it) carries the new `rtc` kind, shipped as a provisional
176	362	context	UNKNOWN	100	2026-08-25	- **M-362.** `design/roadmap/362-virtio-rng-on-the-x86-64-runner.md`, attach a virtio-rng
137	55	context	later	2026-09-14	2026-08-18	Split out of M-55 by calef on 2026-08-18, ruling on S-99. A Time Machine backup is a sparse
138	38	context	later	2026-08-22	2026-08-18	**Combined, all four steps against M-38's original baseline: 70.9x on sequential read
138	38	context	at-creation	2026-08-18	2026-08-18	Minted 2026-08-18 by calef, on M-38's measurement: *"Against
138	38	context	at-creation	2026-08-18	2026-08-18	what can be undone* tenet puts in the irreversible column, and M-38's own `BUGS` entry says
177	49	context	at-creation	2026-08-25	2026-08-25	found and named for the RNG case on M-49's boot-wiring fork: a deliberate, existing
138	38	context	at-creation	2026-08-18	2026-08-18	From M-38, all medians, ns per 4 KiB, at a matched virtualization tier:
177	49	context	at-creation	2026-08-26	2026-08-25	`spawn_init`/`riscv_shell_boot`. This is M-49's gap as much as this milestone's: neither
177	23	context	at-creation	2026-08-25	2026-08-25	   `display_terminal`/`compositor`/the virtio keyboard client, the same components M-23's
138	38	context	at-creation	2026-08-18	2026-08-18	**What it found**, all measured on M-38's own harness across twenty interleaved passes:
138	38	context	at-creation	2026-08-18	2026-08-18	pattern, on the harness M-38 already built. If a lower level closes most of the 32x, option 2
138	38	context	at-creation	2026-08-18	2026-08-18	**And it should re-ask which workload this milestone is optimising**, because M-38 measured
177	49	prerequisite	at-creation	2026-08-26	2026-08-25	  arbitration, before this journey needs it (M-49's login wiring is still single-session
138	38	context	at-creation	2026-08-18	2026-08-18	**5.13x on a 4 KiB read and 3.01x on a 4 KiB write**, measured on M-38's harness over six
177	55	context	at-creation	2026-08-25	2026-08-25	runtime choice (both paths coexist, selected by a flag); which of M-55's storage or
177	49	context	at-creation	2026-08-25	2026-08-25	M-49's login pieces this should sequence before or after; and whether `line_editor` itself
177	29	context	at-creation	2026-08-25	2026-08-25	does (checked in M-29's own text as a client of the framebuffer contract, not re-verified
177	49	context	later	2026-08-27	2026-08-25	identically) and of M-49's login-boot-wiring piece (unblocked 2026-08-26, DECISIONS S-120
177	182	context	later	2026-08-27	2026-08-25	an interactive shell, split off as [M-182](182-x86-64-interactive-boot.md), still depends
138	37	context	at-creation	2026-08-18	2026-08-18	M-37's and the workload has grown since, so the table there was wrong before this lane
138	38	context	at-creation	2026-08-19	2026-08-18	**8.02x on a sequential write and 5.67x on a read**, measured on M-38's harness over six
138	32	context	at-creation	2026-08-19	2026-08-18	word changed**: `fs::req` has carried a 40-bit length since M-32, so the packing was never
177	55	context	later	2026-09-03	2026-08-25	- **Done.** The sequencing question against M-55's storage and M-49's login is
177	49	context	later	2026-09-03	2026-08-25	- **Done.** The sequencing question against M-55's storage and M-49's login is
177	182	context	later	2026-09-03	2026-08-25	  `design/roadmap/182-x86-64-interactive-boot.md`, which this block already names; the earlier
138	55	context	at-creation	2026-08-19	2026-08-18	which request size the workload uses: a third for M-55's backup, three times for a
177	182	context	UNKNOWN	264	2026-08-25	own entry point split off as M-182.
178	49	context	at-creation	2026-08-26	2026-08-26	demo credential is provisioned (S-120's amendment, M-49's login-boot-wiring piece): the boot
178	435	context	UNKNOWN	12	2026-08-26	verb lives), written up 2026-09-19 by M-435's lane, which found this gate naming no decision
178	49	context	at-creation	2026-08-26	2026-08-26	  (M-49's own remaining piece) already grants a logged-in session.
138	38	context	later	2026-08-22	2026-08-18	**`fs_read`'s 22.2x retires the "no cache anywhere" claim** M-38 demonstrated and both this
138	37	context	later	2026-08-22	2026-08-18	argued rather than merely re-run: M-37's recovery mount is a fresh process, so it builds a
179	178	context	at-creation	2026-08-26	2026-08-26	**Gate: NONE.** Nothing here is known to be blocked on a design fork the way M-178 is, but
179	180	context	at-creation	2026-08-26	2026-08-26	milestone's own scope) or hand to a client program (M-180's scope, if a clipboard exists to
179	29	context	at-creation	2026-08-26	2026-08-26	device class, not the keyboard") because M-29's driver had to know it to avoid attaching the
138	38	context	later	2026-08-22	2026-08-18	was wrong when M-38 corrected it and is right again now, for a different, stated reason: see
179	29	context	at-creation	2026-08-26	2026-08-26	- **A pointer capability and its confinement**: the identical shape M-29's keyboard driver
179	33	context	at-creation	2026-08-26	2026-08-26	- **Routing through the compositor**: M-33's own multiplexing model picks which window (or
138	38	context	at-creation	2026-08-18	2026-08-18	  the "in brief" and comparison sections still quote M-38's 46.2 us per block, which the
179	33	context	at-creation	2026-08-26	2026-08-26	piggyback on the existing window list, or does it need a coordinate-to-client index M-33
179	180	context	at-creation	2026-08-26	2026-08-26	Text selection in the terminal (drag to select, the mechanism M-180's clipboard would need a
179	142	context	at-creation	2026-08-26	2026-08-26	RECLASSIFIED-NEGATION: interaction. Independent of M-142's type-and-scanout work: a pointer needs no font decision
138	37	context	later	2026-08-22	2026-08-18	- **`CachedDisk`'s 64 slots were sized against a small test fixture and M-37's crash-test
179	29	context	UNKNOWN	83	2026-08-26	PCI device id as M-29's keyboard (`crates/pci::VIRTIO_INPUT_MODERN`), so device discovery
180	179	context	at-creation	2026-08-26	2026-08-26	named limitation the way mouse support is (see M-179). This file is that gap's first record.
180	179	context	at-creation	2026-08-26	2026-08-26	**Gate: DECISION.** Not a driver or a wiring question like M-179's: a clipboard is shared,
138	37	context	later	2026-09-03	2026-08-18	  sized against a small test fixture and M-37's crash-test heap budget, not against a real
180	126	context	at-creation	2026-08-26	2026-08-26	against exactly that shape (`AGENTS.md`, M-126: "enumeration is itself authority," the same
180	435	context	UNKNOWN	15	2026-08-26	is scoped to), written up 2026-09-19 by M-435's lane; before that this gate named no
180	142	context	at-creation	2026-08-26	2026-08-26	(M-142) and a pointer (M-179, for drag-to-select) are the two obvious sources; a
180	179	context	at-creation	2026-08-26	2026-08-26	(M-142) and a pointer (M-179, for drag-to-select) are the two obvious sources; a
180	169	context	at-creation	2026-08-26	2026-08-26	paste target is anything a shell or an editor (M-169's `kilo`) accepts text into.
180	49	context	UNKNOWN	30	2026-08-26	endpoint is minted per connection (M-49's login front door, `login_protocol::CONNECT`); even
138	38	context	later	2026-09-14	2026-08-18	Minted by calef on 2026-08-18 from M-38's measurement. Every 4 KiB file request moved 128
138	38	context	later	2026-09-14	2026-08-18	phases). Combined against M-38's original baseline, measured head to head: 70.9x on
180	49	context	at-creation	2026-08-26	2026-08-26	- **Scoped to a login session** (M-49's identity model), so a clipboard exists per
139	134	context	at-creation	2026-08-18	2026-08-18	M-134: *"Can we also create a milestone to drive down the unsafe metrics and cinch up the
180	49	context	at-creation	2026-08-26	2026-08-26	  clipboard cannot exist at all until M-49's login-boot-wiring piece does, which today it
180	142	context	at-creation	2026-08-26	2026-08-26	someone live in this" axis M-142 already named for the display half.
180	126	context	UNKNOWN	79	2026-08-26	model exists to not have that shape (M-126, "enumeration is itself authority"). Three
180	49	context	UNKNOWN	81	2026-08-26	session under M-49's identity model, or a targeted transfer that never has an ambient slot
181	169	context	at-creation	2026-08-26	2026-08-26	**Status: NOT-STARTED.** Minted 2026-08-27, calef, on hearing that M-169's own C-seam goal
181	169	context	at-creation	2026-08-26	2026-08-26	**That is the sharper question, and this milestone is the answer to it, not M-169's.**
181	169	context	at-creation	2026-08-26	2026-08-26	(M-169 called `kilo` exactly that) does not fit the seam as built, nothing else realistic
181	169	context	at-creation	2026-08-26	2026-08-26	   see M-169), call into the C function with that iteration's input, act on its return value
181	169	prerequisite	at-creation	2026-08-26	2026-08-26	   speculatively here: a terminal program needs the raw-keystroke primitive M-169 already
181	169	context	at-creation	2026-08-26	2026-08-26	it as the direct answer to M-169's own original, unmet goal. At that point there is a real
181	36	context	at-creation	2026-08-26	2026-08-26	dependency surface (tier one or two of M-36's roadmap, DECISIONS S-31 rule 3) becomes
181	169	context	at-creation	2026-08-26	2026-08-26	Whether the eventual `kilo.c` port replaces or coexists with the Rust `kilo` M-169 already
182	177	context	later	2026-09-19	2026-08-27	**Status: BUILT.** 2026-09-19. Split off from [M-177](177-graphical-interactive-boot.md),
182	268	context	later	2026-09-14	2026-08-27	Built in part on 2026-09-14, inside [M-268](268-the-boot-ladder.md)'s lane, because 268's
182	299	context	later	2026-09-19	2026-08-27	[M-299](299-x86-port-capability.md) on 2026-09-15; the third `script/shell-check` leg,
139	43	context	later	2026-08-24	2026-08-18	  M-43, notes/shared-page-audit.md finding 4), and threaded through both call sites
182	161	context	later	2026-09-14	2026-08-27	`uart_put`). Both are the `x86_64` arms those programs have carried since M-161, which trap
182	177	context	later	2026-09-14	2026-08-27	  reads, because **the progenitor already has the shape**. Its graphical branch (M-177,
139	159	context	later	2026-08-24	2026-08-18	code for a board this tree has not yet run against, M-159, `NOT-STARTED`, gate HARDWARE):
139	175	context	later	2026-09-14	2026-08-18	*`jh7110_trng.rs` is `components/src/jh7110_entropy.rs` now (M-175's split, then calef's
182	198	context	later	2026-09-19	2026-08-27	a customer copies to a USB stick (DECISIONS S-157, M-198's rung 1), booted by
182	400	context	later	2026-09-19	2026-08-27	guessed: under firmware the kernel hands the screen to a userspace terminal (M-400), and
182	400	context	later	2026-09-19	2026-08-27	acknowledging the write (`components/src/console.rs`, M-400's BUGS). Under TCG that draw
139	176	context	later	2026-08-25	2026-08-18	growth in `user/` over the same five weeks (M-176's COM1 IRQ wiring, M-158's
139	158	context	later	2026-08-25	2026-08-18	growth in `user/` over the same five weeks (M-176's COM1 IRQ wiring, M-158's
182	400	context	later	2026-09-19	2026-08-27	overhead: they are what M-400's "the serial console now waits for the screen" costs, now
139	82	context	later	2026-09-13	2026-08-18	| everything else | 97 | `MappedWindow`/`RegisterBlock`-family constructors (new, mostly this round: see below), the C ABI shim (`c_shim.rs`, `malloc`/`free`, ...
182	400	context	later	2026-09-19	2026-08-27	cost is the screen path, M-400's console waiting for each write to be painted and copied
182	400	context	later	2026-09-19	2026-08-27	says so where the step is), or the flush cost comes down in M-400's code.
182	268	context	later	2026-09-19	2026-08-27	  boot runs the tour and then hands over (M-268), and `uefi_image` builds exactly that.
182	150	context	later	2026-09-19	2026-08-27	rule M-150 added. The reason: `uuid` draws from the entropy service, which the progenitor
139	134	context	later	2026-08-25	2026-08-18	whether the per-method obligation is real (as `MAP_INTO`'s is, per M-134's own reading) or
182	299	context	later	2026-09-19	2026-08-27	  yields rather than blocking (M-299), so it is always runnable, the run queue is never
139	112	context	later	2026-08-25	2026-08-18	18-plus obligations are real, the same reading M-112 already did for the four SAFETY
182	400	context	later	2026-09-19	2026-08-27	  M-400's BUGS entry, not a new one.
182	299	context	later	2026-09-19	2026-08-27	- **Answered by M-299, kept as the record:** "there is no prompt on x86_64" (there is), "slot
182	505	context	later	2026-09-20	2026-08-27	- **M-505.** M-505 (an x86_64 input driver that never lets), ...
182	400	context	later	2026-09-19	2026-08-27	  `cargo xtask uefi-boot`, which reads the shell off the firmware screen (M-400).
182	299	context	later	2026-09-19	2026-08-27	`boot_progenitor`, the console is a userspace driver on a port-range capability (M-299), and
139	193	context	later	2026-09-01	2026-08-18	**Round 8 was possible in a way earlier rounds were not**, because M-193 (put `kernel/src`
184	27	context	at-creation	2026-08-27	2026-08-27	# 184. Extend the `std` port (M-27) to x86_64
184	27	context	later	2026-09-14	2026-08-27	**Status: BUILT 2026-09-14.** Minted 2026-08-28, calef, discussed directly: M-27 (`std` on the
184	161	context	later	2026-09-14	2026-08-27	one clause in M-161's remaining-work tally and in `kernel/src/user/std_service.rs`'s
184	27	context	later	2026-09-14	2026-08-27	`NO_STD_EXERCISER` constant. It was built by one lane, following M-27's shape rather than
184	162	context	later	2026-09-14	2026-08-27	- **`std_service` serves `SystemRng` from `RDSEED` on x86_64** (M-162's instruction backend),
139	161	context	later	2026-09-01	2026-08-18	  text. The growth is M-161's `x86_64` port, which is a third architecture's worth of
139	193	context	later	2026-09-01	2026-08-18	kind of thing M-193's prover should be pointed at first. **calef's call**, not a lane's to
184	27	context	later	2026-09-14	2026-08-27	M-27's two targets and notes/std.md, copied rather than re-derived. Hermit, M-27's
139	134	context	later	2026-08-26	2026-08-18	  exception M-134's census flagged `MAP_INTO` as possibly being. 122 of the 123 call sites
185	78	context	at-creation	2026-08-27	2026-08-27	**Status: NOT-STARTED.** Minted 2026-08-27, calef, from a finding M-78's own lane left
185	62	context	at-creation	2026-08-27	2026-08-27	preemption, which is a timer tick away (10 ms at 100 Hz, M-62's own unit). Five places in
185	62	context	at-creation	2026-08-27	2026-08-27	first time; M-62 (tests that assert on time) is where "wait on the property, bound with a
139	161	context	later	2026-09-03	2026-08-18	  It is 258 blocks today, up with M-161's x86_64 port, and driving it down means writing
140	190	context	later	2026-08-30	2026-08-18	| **ext4** | what a Linux drive is actually formatted as today | **M-190** (ext4, read and write) |
140	190	context	later	2026-08-30	2026-08-18	**The ext4 row was promoted on 2026-08-30** and is now M-190 (ext4, read and write),
140	138	context	at-creation	2026-08-19	2026-08-18	**It must wait for M-138's steps to settle, and that is the constraint that actually decides
140	138	context	later	2026-08-24	2026-08-18	**Increment zero is built** (2026-08-25, M-138 having settled). `fs_server` is
186	130	context	at-creation	2026-08-27	2026-08-27	handler left outside `user_rt` after M-130 swept forty-eight of them, and the fix was to use
140	138	context	at-creation	2026-08-19	2026-08-18	- **Measure after M-138's steps land, not before.** A young ext2 without the multi-page
187	43	context	at-creation	2026-08-27	2026-08-27	else; those became M-43's lenses precisely because this one did not take them. It closes by
187	20	context	at-creation	2026-08-27	2026-08-27	TCB and why M-20 (a portable HAL, proven on a second architecture) says the same. An audit
187	161	context	at-creation	2026-08-27	2026-08-27	landed 2026-08-23 (commit `797a20ac`, M-161 (the x86_64 kernel port), which is still
187	182	context	at-creation	2026-08-27	2026-08-27	with NVMe wired as the exception. x86_64 also has no interactive boot at all until M-182
141	29	context	at-creation	2026-08-19	2026-08-19	  a pretty screen and a bad test") and M-29 is moving the surface to 800x600. The argument
142	435	context	later	2026-09-19	2026-08-20	whether the glyph atlas ships one face or four), written up by M-435's lane: S-46 makes the
142	177	context	later	2026-08-26	2026-08-20	usable terminal"), added there once tracing the journey found step 3 (M-177) alone only
142	29	context	later	2026-08-26	2026-08-20	harness M-29 already uses, and needed neither the real-boot wiring 177 does nor anything
187	161	context	at-creation	2026-08-27	2026-08-27	it can ever move is `milestones built`, by one, when M-161's row flips from PARTIAL. Against
142	141	context	later	2026-08-27	2026-08-20	M-141). See "What is calef's, separated from what is blocking" below, unchanged by this
187	43	context	at-creation	2026-08-27	2026-08-27	  misconfigurations, or its ACPI parsing. Those are other audits, and M-43 (a second
142	29	prerequisite	at-creation	2026-08-20	2026-08-20	needs it.** S-102 was raised to unblock M-29's font increment at 800x608 for gohufont-14 at
187	182	context	at-creation	2026-08-27	2026-08-27	is the confidence attached to every x86_64 claim the project makes: M-182, M-184
187	184	context	at-creation	2026-08-27	2026-08-27	is the confidence attached to every x86_64 claim the project makes: M-182, M-184
187	161	context	at-creation	2026-08-27	2026-08-27	(extend the `std` port to x86_64) and the rest of M-161's remaining work all build on this
142	141	context	at-creation	2026-08-20	2026-08-20	## Solarized Dark Higher Contrast, against M-141's three properties
188	74	context	UNKNOWN	18	2026-08-28	measurement that would justify it, which is M-74 (cycle counters) on M-127 (the seL4
188	127	context	UNKNOWN	18	2026-08-28	measurement that would justify it, which is M-74 (cycle counters) on M-127 (the seL4
142	141	context	at-creation	2026-08-20	2026-08-20	**Now M-141's three properties, computed over both.** The check is over exactly the right
188	132	context	at-creation	2026-08-28	2026-08-28	M-132 (the fast path's footprint) owns.
142	141	context	at-creation	2026-08-20	2026-08-20	twelve. And **M-141's gate does not choose between them.** It says both are admissible. The
188	132	context	at-creation	2026-08-28	2026-08-28	above it before touching any of this; both `script/fastpath-footprint`'s header and M-132's
188	132	context	at-creation	2026-08-28	2026-08-28	`riscv64`'s `syscall_entry` is 1,870 and not 1,866. And M-132's "the largest single item is
188	23	context	at-creation	2026-08-28	2026-08-28	*"the one-endpoint shape real services use"*, and M-23's queue-broker note adds that the
188	132	context	at-creation	2026-08-28	2026-08-28	which is precisely the hole M-132 was built to close, and it is currently pointed at the
142	141	context	at-creation	2026-08-20	2026-08-20	**And one property that anti-aliasing quietly retires**, which M-141 could not have known
188	132	context	at-creation	2026-08-28	2026-08-28	  M-132 already had to classify as cold to keep the number honest.
142	29	context	later	2026-08-26	2026-08-20	   which changes the damage model and is why M-29 deferred it: `video_terminal`'s own
142	141	context	at-creation	2026-08-20	2026-08-20	6. **The palette**, once M-141's gate exists to say which are admissible.
142	141	context	at-creation	2026-08-20	2026-08-20	- **Which palette**, after M-141 lands its check. Solarized Dark Higher Contrast is his
142	141	context	at-creation	2026-08-20	2026-08-20	- Whether the terminal ever gains a configurable palette, which M-141 already flags as a
188	186	context	at-creation	2026-08-28	2026-08-28	While in that file, check it against M-186 (derive the architecture list). The script's
188	156	context	at-creation	2026-08-28	2026-08-28	**Phase 3: apply M-156's method to the closure.** The extraction that took 864 bytes out of
188	132	context	at-creation	2026-08-28	2026-08-28	capability-table-full path, the corpse reaping in `finish_switch` that M-132 already had to
188	127	context	at-creation	2026-08-28	2026-08-28	  number nobody can measure.** M-74 (cycle counters) on M-127 (the seL4 machine),
188	25	context	at-creation	2026-08-28	2026-08-28	  and M-25 (cross-OS performance comparison) is where the result would be published.
188	132	context	at-creation	2026-08-28	2026-08-28	target (under 1 KiB touched per IPC), which M-132 records as measured by nothing at all, can
188	161	context	at-creation	2026-08-28	2026-08-28	  there is no x86_64-specific work hiding here, and M-161 (the x86_64 kernel port) owns
143	241	context	later	2026-09-17	2026-08-21	because nobody has bought the board (M-241, `Gate: DECISION`, holds that call). The original
188	132	context	at-creation	2026-08-28	2026-08-28	`script/fastpath-footprint` and M-132 first: the root list measures a shape userspace does
143	16	context	at-creation	2026-08-21	2026-08-21	Split out of M-16 on 2026-08-20, because 16a (first silicon on the VisionFive 2) is PARTIAL
188	74	context	later	2026-09-04	2026-08-28	**M-74's riscv64 half landed the same day**, so radon can read real cycles through the SBI
188	127	context	later	2026-09-04	2026-08-28	PMU extension, which the block priced as waiting on M-127's silicon.
188	134	context	later	2026-09-04	2026-08-28	which is M-134's E3 experiment run on silicon rather than under icount and is a day of work
143	241	context	later	2026-09-17	2026-08-21	fourth board is a decision this survey does not make**: M-241 holds it, `Gate: DECISION`,
143	16	context	later	2026-09-14	2026-08-21	Split out of M-16 on 2026-08-20. 16b built IOMMU-backed DMA isolation in QEMU emulation on
188	370	context	UNKNOWN	562	2026-08-28	Written up as `design/roadmap/370-a-layout-control-for-the-perturbation-experiments.md`.
144	16	context	at-creation	2026-08-21	2026-08-21	**Gate: NONE.** Minted provisionally by calef on 2026-08-21, during M-16a's bench session;
188	74	context	later	2026-09-04	2026-08-28	resolve these differences at all: `bench: cycles_per_tick 250.00` from M-74's riscv64 PMU,
188	134	context	later	2026-09-04	2026-08-28	  It blocks running M-134's E3 on xenon and not on radon, which is the machine that matters
188	134	context	later	2026-09-04	2026-08-28	- **Done.** Run M-134's E3 (the footprint-perturbation experiment) on radon with
188	74	context	later	2026-09-04	2026-08-28	  M-74's cycle counters, which this block named as the measurement that decides phase 4.
188	370	context	UNKNOWN	589	2026-08-28	  `design/roadmap/370-a-layout-control-for-the-perturbation-experiments.md`. Until that control is
188	380	context	UNKNOWN	596	2026-08-28	  `design/roadmap/380-the-ceiling-applies-to-a-number-that-moved.md` for whoever holds S-144, and
188	467	context	later	2026-09-20	2026-08-28	  This refusal is M-467 (design/roadmap/467-replyrecv-fusion.md), which carries it with the
144	16	context	later	2026-09-14	2026-08-21	Minted provisionally on 2026-08-21 during M-16a's bench session. `cargo xtask test --arch
188	156	context	UNKNOWN	610	2026-08-28	found the premise had moved: M-156 already cut `dispatch` from 2,024 to 1,160 bytes on
145	16	context	at-creation	2026-08-21	2026-08-21	**Gate: NONE.** Minted provisionally by calef on 2026-08-21, during M-16a's bench session;
188	156	context	UNKNOWN	614	2026-08-28	(measure the right shape, make the entry figure honest, apply M-156's extraction to the
145	144	context	at-creation	2026-08-21	2026-08-21	M-16a's on-board test-suite exit (M-144's sibling finding, recorded in
188	74	context	UNKNOWN	615	2026-08-28	closure) before any hand-written second path, which cannot be justified until M-74's PMU
188	127	context	UNKNOWN	616	2026-08-28	on M-127's TX1 can observe the payoff. Gate: DECISION. **PARTIAL 2026-09-04**: phases 1 to
188	156	context	UNKNOWN	620	2026-08-28	M-156's extraction does **not** transfer to a closure, and the gate now reads `#[cold]`
145	16	context	at-creation	2026-08-21	2026-08-21	the way the six bugs M-16a's bench session found were wrong (a hardcoded fact about
145	16	context	at-creation	2026-08-21	2026-08-21	   - A `#[cfg(feature = "board")]` split, mirroring the exit-path split M-16a's test-exit
189	164	context	at-creation	2026-08-28	2026-08-28	unconditional `aes` dependency does not compile for `x86_64-unknown-none`, which M-164
189	184	context	at-creation	2026-08-28	2026-08-28	owns), `NO_STD_EXERCISER` (no `x86_64-unknown-nife` target yet, which M-184 owns), plus
189	184	context	later	2026-09-14	2026-08-28	measured.** M-164 made `redoxfs_server` build for x86_64 on 2026-09-01, and M-184 built
145	16	context	at-creation	2026-08-21	2026-08-21	- **Fixing any of the six bugs M-16a's bench session already found and fixed.** Those
145	16	context	later	2026-09-14	2026-08-21	Minted provisionally on 2026-08-21 during M-16a's bench session. After six real
146	54	context	at-creation	2026-08-21	2026-08-21	**Status: NOT-STARTED.** Minted 2026-08-21 by calef, as the other network file protocol M-54's
146	54	context	at-creation	2026-08-21	2026-08-21	options table left explicitly *possible* and neither M-54 nor 55 would build. NFS is the
146	54	context	at-creation	2026-08-21	2026-08-21	**Gate: NONE.** The adapter pattern is proven (M-54), `fs_proto` is stable, the network
146	123	context	at-creation	2026-08-21	2026-08-21	  which is the demonstration M-123 asks for.
190	140	context	at-creation	2026-08-30	2026-08-30	This is M-140's (mount a drive this system did not create) ext4 row, promoted from "some
146	54	context	at-creation	2026-08-21	2026-08-21	  capability-seam test M-54 ran applies: it cannot write outside the share, because no
146	54	context	at-creation	2026-08-21	2026-08-21	  and read, then write after the write path is tested, exactly the order M-54 used.
146	55	context	at-creation	2026-08-21	2026-08-21	- **Whether a second protocol is worth building before M-55 lands.** SMB serves the
190	36	context	at-creation	2026-08-30	2026-08-30	blockdev abstraction, `malloc` plus string functions, tier two of M-36's (the foreign
146	54	context	at-creation	2026-08-21	2026-08-21	  trusts by convention; there is no proof. This is the same limitation the M-54 table
146	54	context	later	2026-09-14	2026-08-21	The other network file protocol M-54 left as an optional later adapter. A Mac's `mount_nfs` or Linux `mount -t nfs` against this board's IP reads and ...
147	435	context	later	2026-09-19	2026-08-21	names), written up 2026-09-19 by M-435's lane. The `MILESTONE 75` half stays until that
190	140	context	at-creation	2026-08-30	2026-08-30	| **1** | **Read-only ext4**, one confined `ext4_server` holding one block-device capability | nothing new | satisfies M-140's (mount a drive this ...
190	37	context	at-creation	2026-08-30	2026-08-30	| **3** | **Write support**, `metadata_csum` mandatory from the first commit | phase 2 green, plus M-37's (RedoxFS crash consistency) injector | the ...
190	55	context	at-creation	2026-08-30	2026-08-30	barrier, so ordering is the device's job. A journal without a barrier is theatre; M-55's
147	126	context	at-creation	2026-08-21	2026-08-21	  processes it may read, the way M-126's `ps` prints exactly which subtree it may enumerate.
190	37	context	at-creation	2026-08-30	2026-08-30	**And the test cannot be faked.** Linux is the oracle: write from nife, cut power with M-37's
147	123	context	at-creation	2026-08-21	2026-08-21	same shape M-123's demonstration already asks every capability claim to carry.
190	140	context	at-creation	2026-08-30	2026-08-30	block server**. That is the `ext4_server` architecture M-140 (mount a drive this system did
147	43	context	at-creation	2026-08-21	2026-08-21	  this kernel leaves open (not just the PMU) is a claim M-43's audit lens should eventually
147	75	context	at-creation	2026-08-21	2026-08-21	  isolation (M-75 says as much for the single-counter case); the counter-set generalization
147	75	prerequisite	later	2026-09-14	2026-08-21	interface, gated only by a privilege level or a global sysctl. Once M-75 answers whether
148	147	context	at-creation	2026-08-21	2026-08-21	M-147. Every HPC center already measures operating-system noise with FTQ/FWQ-style
190	140	context	at-creation	2026-08-30	2026-08-30	- **FAT32 and ext2**, which keep M-140's ordering.
148	51	prerequisite	at-creation	2026-08-21	2026-08-21	**Gate: NONE.** The first increment needs nothing that does not exist: M-51's clock service
148	147	context	at-creation	2026-08-21	2026-08-21	counters and profilers, M-147's territory, not about scheduler/interrupt jitter), so it is
148	16	context	at-creation	2026-08-21	2026-08-21	JH7110, the same board calef has wired to his bench for M-16a**, appears in the paper's
191	275	context	later	2026-09-11	2026-08-30	**This block read `NOT-STARTED` for twelve days after that**, and it is M-275's first
148	149	context	at-creation	2026-08-22	2026-08-21	is a useful sanity check for M-149's NPB comparison, not for this milestone's noise claim;
148	51	context	at-creation	2026-08-21	2026-08-21	  against M-51's clock service. `notes/benchmarks.md` already has the discipline (matched
148	140	context	at-creation	2026-08-21	2026-08-21	  hardware, the same controlled-comparison shape M-140's ext2 stratum argues for filesystem
191	187	context	at-creation	2026-08-30	2026-08-30	M-187 (read the x86_64 arch tree through the lens the first arch audit used) is repeating:
148	132	context	at-creation	2026-08-22	2026-08-21	because the kernel is small enough to read completely (the same property that makes M-132's
148	84	context	at-creation	2026-08-22	2026-08-21	call-graph walk and M-84's stack high-water mark tractable at all):
148	101	context	at-creation	2026-08-21	2026-08-21	  known period), IPC delivery (M-101 already measures this path's cost), and device
148	108	context	at-creation	2026-08-21	2026-08-21	  interrupts routed to a confined driver (M-108's frame-capability drivers name exactly which
191	161	context	at-creation	2026-08-30	2026-08-30	  the two-core crash (M-161's lane), the `std-src` toolchain race, and the record-level
148	134	context	at-creation	2026-08-21	2026-08-21	- **A published bound**, in the same register-of-measures discipline M-134 already keeps:
191	94	context	at-creation	2026-08-30	2026-08-30	  worklist of harnesses worth writing; nothing stops that worklist from going the way M-94's
148	58	context	at-creation	2026-08-21	2026-08-21	  shootdown, M-58) may cost more than a tick's worth of budget once, which is a different
148	54	context	at-creation	2026-08-22	2026-08-21	  barrier-synchronized job at scale; nife has no cluster story yet (M-54's SMB and M-146's NFS are
148	146	context	at-creation	2026-08-22	2026-08-21	  barrier-synchronized job at scale; nife has no cluster story yet (M-54's SMB and M-146's NFS are
192	177	context	at-creation	2026-08-30	2026-08-30	real silicon) the way journey 1's trace discovered M-177 (wire the graphical terminal stack
148	140	context	at-creation	2026-08-21	2026-08-21	  gap M-140's ext2 stratum names for its own benchmark.
148	125	context	at-creation	2026-08-22	2026-08-21	  source is added without updating it.** This is the same defect class M-125's counted-claims ratchet
148	108	context	later	2026-09-14	2026-08-21	interrupt source (timer, IPC, M-108's confined drivers) with the fastpath-footprint gate's
192	177	context	later	2026-09-02	2026-08-30	**What existed already, checked rather than assumed.** Input has an owner and M-177 already
149	64	context	at-creation	2026-08-21	2026-08-21	(M-64's question, asked per-benchmark) and running them, not designing anything new.
192	28	context	UNKNOWN	62	2026-08-30	- `components/src/input.rs` is the UART receive driver, raw since M-28. It holds `WRITE` on one
192	177	context	UNKNOWN	65	2026-08-30	- `components/src/keyboard_driver.rs` gained `MODE_DIRECT` in M-177: a virtio-input driver
149	138	context	at-creation	2026-08-21	2026-08-21	is published), STREAM second (small enough to write clean, and it lines up with M-138's
149	64	context	at-creation	2026-08-21	2026-08-21	about Rust versus Fortran/C++ in HPC (M-64's "does `std` on the native ABI mean real crates
192	177	context	later	2026-09-02	2026-08-30	the reason the keyboard is spawned there too, recorded in full in M-177's finding 1).
149	64	prerequisite	at-creation	2026-08-21	2026-08-21	**What each kernel needs from nife's PAL, read off M-64's own gap list:**
192	159	context	later	2026-09-02	2026-08-30	Stated precisely, because M-159's lane established that precision is what makes a
149	64	context	at-creation	2026-08-21	2026-08-21	  threads for the sequential build, pure computation. This is M-64's own "candidate probe
149	138	context	at-creation	2026-08-21	2026-08-21	  memory subsystem and (per M-138) its still-open read-gap work, which makes them a second,
149	64	context	at-creation	2026-08-22	2026-08-21	- **The Rayon-parallel variants needed M-64's rank-3 fork resolved first, and it is now
149	64	context	at-creation	2026-08-22	2026-08-21	  enough** (which M-64 says EP-shaped code already is); the parallel variants are out of scope
192	182	context	later	2026-09-02	2026-08-30	sense**: x86_64 has no interactive boot at all yet (M-182), and DECISIONS S-121 closed the
149	74	context	at-creation	2026-08-21	2026-08-21	"1 shot at high resolution or a long loop at low resolution" tradeoff M-74 already
149	138	context	at-creation	2026-08-21	2026-08-21	**This also gives M-138's throughput work a standard unit.** 138's own numbers (5.13x faster
192	157	context	later	2026-09-02	2026-08-30	**It cannot be run yet, and the reason is M-157 rather than this milestone.** Option A is
149	74	context	at-creation	2026-08-21	2026-08-21	3. Report wall time and, where M-74/147 land, cycle counts, in `notes/benchmarks.md`'s
192	159	context	later	2026-09-02	2026-08-30	1. Follow M-159's steps 1 to 3 verbatim (`script/board-image`, copy all three files from
149	138	context	at-creation	2026-08-21	2026-08-21	filesystem stack and no vectorized math library predicts that, and M-138's own numbers show
192	177	context	later	2026-09-02	2026-08-30	   M-177's display blocker above would produce identically. A character echoing once and then nothing
149	64	prerequisite	at-creation	2026-08-22	2026-08-21	- **Whether NPB's parallel variants ever land on nife.** They were gated on M-64's
192	87	context	at-creation	2026-08-30	2026-08-30	is already wired: M-87 (the x86_64 bare-metal machine) bought a Dell C4PDJ serial module and
149	64	context	at-creation	2026-08-21	2026-08-21	  each one touches (M-64's own measurement method: build it, let the failures name the
149	64	context	later	2026-09-14	2026-08-21	kernels gate on nothing new; the Rayon-parallel variants gate on M-64's still-open `thread::spawn` fork.
150	117	context	later	2026-09-19	2026-08-22	Minted provisionally on 2026-08-22 by M-117's handoffs lane; the integrator
150	49	context	later	2026-08-27	2026-08-22	(`audit_sink`, M-49) before it was removed. The count this milestone was minted against is
192	157	context	at-creation	2026-08-30	2026-08-30	- **The framebuffer half is M-157** and is unaffected by this fork.
192	33	context	at-creation	2026-08-30	2026-08-30	- **It says nothing about a mouse**, which M-33's compositor will eventually want and which
192	157	context	later	2026-09-02	2026-08-30	  board's UART, and nobody can until M-157 lands.
192	177	context	later	2026-09-02	2026-08-30	  M-177's open display-driver bug. The gates are written and red, which is the honest
192	242	context	later	2026-09-03	2026-08-30	  this block asks for, is `design/roadmap/242-usb-host-and-a-keyboard-that-is-not-a-uart.md`,
192	230	context	later	2026-09-03	2026-08-30	  `design/roadmap/230-shell-check-is-red.md` is BUILT 2026-09-02, root-caused to slot exhaustion
192	157	context	later	2026-09-03	2026-08-30	- **Outstanding.** Option A has still never been run on a board and cannot be until M-157
192	177	context	later	2026-09-03	2026-08-30	  M-177's second-flush hang stops the boot before a prompt is drawn. Both graphical legs
192	179	context	later	2026-09-03	2026-08-30	- **M-179.** A mouse is `design/roadmap/179-mouse-pointer-input.md`, minted 2026-08-26,
192	242	context	later	2026-09-03	2026-08-30	  and the OptiPlex each expose for USB, and M-242 declines to price xHCI in hours as well,
192	177	context	UNKNOWN	291	2026-08-30	Discovered 2026-08-30 by tracing journey 3, the way journey 1's trace discovered M-177.
192	29	context	UNKNOWN	292	2026-08-30	Nothing in nife can read a keypress on real hardware: M-29's driver is virtio-input, a
192	177	context	UNKNOWN	302	2026-08-30	keystroke reaching the screen is still blocked by M-177's open display-driver bug, and the
192	157	context	UNKNOWN	303	2026-08-30	board half waits on M-157.
193	191	context	at-creation	2026-08-30	2026-08-30	**Status: BUILT 2026-08-30.** Minted the same day by calef, from M-191's (did the proofs
193	191	context	at-creation	2026-08-30	2026-08-30	**Both were falsified before they were believed**, which is the point given M-191's finding
150	117	context	at-creation	2026-08-22	2026-08-22	M-117's handoff."
193	142	context	at-creation	2026-08-30	2026-08-30	that no harness in this tree had ever caught a defect. Re-introducing M-142's real
150	498	context	later	2026-09-20	2026-08-22	- **M-498.** M-498 (whether a program may take an argument), `design/roadmap/498-a-program-that-takes-an-argument-and-an-input.md`: item ...
151	19	context	at-creation	2026-08-22	2026-08-22	estimated from the existing `Endpoint` and `signal()` work at the same scale as M-19a."*
151	40	context	at-creation	2026-08-22	2026-08-22	**A concrete, waiting bug forces it: M-40's `terminal_sink_caretaker` narrowing (S-101 step 1,
151	40	context	at-creation	2026-08-22	2026-08-22	being carried as a documented `BUGS` entry on M-40 until this milestone lands.
151	106	context	at-creation	2026-08-22	2026-08-22	(M-106's current interim).
193	191	context	at-creation	2026-08-30	2026-08-30	The candidate worth trying first is M-191's sharpest counterfactual: the M-6 timer
193	6	context	at-creation	2026-08-30	2026-08-30	The candidate worth trying first is M-191's sharpest counterfactual: the M-6 timer
151	106	context	at-creation	2026-08-22	2026-08-22	(M-106, orthogonal: `WAIT` blocks indefinitely here exactly as `RECV` does today).
151	40	context	at-creation	2026-08-22	2026-08-22	- **Closes M-40's caretaker-hop race** (its `BUGS` entry converts to: the shell binds a
151	19	context	at-creation	2026-08-22	2026-08-22	- **Not yet measured against `Endpoint`'s own proof effort or M-19a's actual size.** S-101's
193	6	context	later	2026-09-03	2026-08-30	- **M-197.** The timer re-arm seam. This block nominates the M-6 drift as the
151	40	context	later	2026-09-14	2026-08-22	bug: M-40's `terminal_sink_caretaker` narrowing (S-106) can race its own completion signal
152	129	context	later	2026-08-24	2026-08-22	**Status: PARTIAL**, updated 2026-08-24. Minted 2026-08-22, from a M-129 discussion: calef
193	191	context	UNKNOWN	165	2026-08-30	Minted by calef on 2026-08-30 from M-191's finding: no Kani harness has ever caught a
152	129	context	later	2026-08-24	2026-08-22	not needed to close before, and #387 (M-129's `--mem` grant, held pending this) is where it
152	49	context	later	2026-08-27	2026-08-22	**Gate: NONE.** Cleared 2026-08-27: M-49 (users, login, and attribution) reached BUILT, so
152	49	context	later	2026-08-27	2026-08-22	that is. Not attempted by this update: M-49's own lane was scoped to M-49 alone.
194	115	context	at-creation	2026-08-30	2026-08-30	   the shape M-115 established, with three states: `replayable <path>`, `attested <date>`, or
194	191	context	at-creation	2026-08-30	2026-08-30	   through it by value, starting where M-191 (did the proofs catch the bugs?) found chaff:
194	191	context	later	2026-09-03	2026-08-30	  them biggest package first. Where to start is recorded too, at the chaff M-191 found, with
152	126	context	at-creation	2026-08-22	2026-08-22	shape on principle (M-126: enumeration is itself authority). It has to be a targeted lookup:
152	56	context	at-creation	2026-08-22	2026-08-22	credential service (M-56's credentialer) or a login broker built beside it (M-49
152	49	context	at-creation	2026-08-22	2026-08-22	credential service (M-56's credentialer) or a login broker built beside it (M-49
195	87	context	later	2026-09-02	2026-08-30	**Status: BUILT** (2026-09-02). Minted 2026-08-30 from M-87's (the x86_64 bare-metal machine)
152	56	context	at-creation	2026-08-22	2026-08-22	49's three answered pillars) and the credential store's own existing persistence (M-56's
152	129	context	at-creation	2026-08-22	2026-08-22	**This belongs to 152, not to M-129's own "persistence" line.** 129's item is really about
152	129	context	at-creation	2026-08-22	2026-08-22	#387's runtime-registration question (M-129) can be answered once 49 exists: the registrar
195	161	context	later	2026-09-02	2026-08-30	It was grouped here as "may not be small" against M-161's two open `ap_boot` defects. It met
152	129	context	later	2026-08-24	2026-08-22	  (M-129/#387) would hold a job's authority against; this lane wires no real registrar.
195	215	context	later	2026-09-02	2026-08-30	  M-215's MSI-X tests pass afterwards);
152	126	context	later	2026-08-24	2026-08-22	  manifest by name (never `READDIR`, M-126's rule honored throughout), reads and parses each
195	215	context	UNKNOWN	112	2026-08-30	the three things M-215 recorded as answerable only at a bench.
152	129	context	later	2026-08-24	2026-08-22	(#387/M-129's own question, explicitly out of this lane's scope: the write path above is a
196	208	context	later	2026-09-02	2026-08-30	second reader did not go then**, for a reason nobody predicted, and M-208 (the x86_64 kernel
196	87	context	later	2026-09-02	2026-08-30	predicted is the useful half of this block. Minted 2026-08-30 from M-87's (the x86_64 bare-metal machine) lane.
152	129	context	later	2026-08-24	2026-08-22	- **#387 (M-129's `--mem` grant) is still not answerable.** This lane built what #387 was
196	200	context	at-creation	2026-08-31	2026-08-30	unrepresentable is M-200 (a virtual address and a physical address stop being the same
196	200	context	at-creation	2026-08-31	2026-08-30	comment, and M-200 makes the mistake unsayable everywhere at once.
152	129	context	later	2026-09-14	2026-08-22	(M-129's #387), which means the registrar has to be a user's session rather than a fixed
196	200	context	at-creation	2026-08-31	2026-08-30	  The doc comment has to carry that until M-200 lands, and a doc comment is rung three.
152	49	context	later	2026-09-14	2026-08-22	the manifest question neither S-122 nor S-123 fully specified. Its gate on M-49 cleared
153	49	context	at-creation	2026-08-22	2026-08-22	**Status: NOT-STARTED.** Found 2026-08-22 while costing M-49's attribution fork: `Untyped::SPLIT`'s
196	87	context	at-creation	2026-08-31	2026-08-30	  It belongs to whoever owns `kernel/link-x86_64.ld` (M-87's lane held it while this ran),
153	152	context	at-creation	2026-08-23	2026-08-22	is confused by this today, and it was found by pricing M-152's future cost rather than by
197	193	context	at-creation	2026-08-31	2026-08-30	seam below is untouched and still a fork. Minted 2026-08-30 from M-193's (put `kernel/src`
153	49	context	at-creation	2026-08-22	2026-08-22	Not found by auditing error codes. Found while pricing M-49's attribution fork (DECISIONS
153	152	prerequisite	at-creation	2026-08-22	2026-08-22	Nothing else is gated on this. It is named because a durable-session-heavy future (M-152)
197	193	context	at-creation	2026-08-31	2026-08-30	that did not exist, M-193 having established the mechanics. The line is gone because a BUILT
153	49	context	later	2026-09-14	2026-08-22	Found while pricing M-49's attribution fork: `Untyped::SPLIT` returns `OutOfMemory` for
197	193	context	at-creation	2026-08-30	2026-08-30	The mechanics should be M-193's, and cheaply: `#[cfg(not(kani))]` on what Kani duplicates,
154	47	context	at-creation	2026-08-22	2026-08-22	on the same gap: M-47's `bind` ("It is blocked on a second grant") and M-64's
154	64	context	at-creation	2026-08-22	2026-08-22	on the same gap: M-47's `bind` ("It is blocked on a second grant") and M-64's
197	6	context	at-creation	2026-08-30	2026-08-30	bugs?) named the M-6 timer drift as the sharpest counterfactual in the tree: its property is
197	193	context	at-creation	2026-08-31	2026-08-30	  live under `user/`, and `kernel`'s two harnesses from M-193 carry no record at all, so the
197	193	context	later	2026-09-03	2026-08-30	  `user/` was uncounted and M-193's kernel harnesses carried none at all, while the script
197	468	context	later	2026-09-20	2026-08-30	  This refusal is M-468 (design/roadmap/468-proving-xtask.md), which carries it with the
197	360	context	UNKNOWN	133	2026-08-30	- **M-360.** `design/roadmap/360-timer-rearm-seam.md`, lift the timer re-arm arithmetic out
197	6	context	later	2026-09-03	2026-08-30	  actually calls. Where the seam goes is calef's: too high and the arch layer keeps the M-6
154	47	context	later	2026-08-25	2026-08-22	  place: genuinely M-47 `bind` territory, not this milestone's three named items.
198	39	context	later	2026-09-19	2026-08-30	M-39, until then. That made a loop: this block waited on M-23, whose one residual
198	23	context	later	2026-09-19	2026-08-30	M-39, until then. That made a loop: this block waited on M-23, whose one residual
198	39	context	later	2026-09-19	2026-08-30	until this block exists. The scoping lane checked what a first slice would need from M-39's
198	47	context	at-creation	2026-08-30	2026-08-30	  directories. It arrived near M-47's conclusion from an entirely different motive, atomic
198	243	context	later	2026-09-19	2026-08-30	M-243's fleet (the family's other x86 machines) is what turns a claim about one Dell into a
198	421	context	later	2026-09-20	2026-08-30	| **2a. Installed onto a disk, under QEMU** | An installer; the boot mounting the nife partition off NVMe | OVMF boots the stick image with an empty NVMe ...
198	30	context	later	2026-09-20	2026-08-30	| **3b. The network card xenon has** | An Intel I219 (`e1000e` family) driver in 261's shape | Under QEMU `-device e1000e` behind `intel-iommu`, M-30 ...
155	49	context	later	2026-08-27	2026-08-22	~~Not wired into the interactive boot.~~ **Resolved, 2026-08-27, M-49's boot-wiring
198	384	context	later	2026-09-19	2026-08-30	| **3c. Over the internet** | Name resolution; the transport the ruling picks; a public repository | From xenon's installed system, a package fetched from the ...
155	49	context	later	2026-08-27	2026-08-22	`design/roadmap/49-users-and-attribution.md`'s own account of that wiring for the full design. An
198	242	context	later	2026-09-19	2026-08-30	- **Rung 1 is too large for "a milestone or two", and one piece is why**: 1c is M-242, which
198	192	context	later	2026-09-19	2026-08-30	  M-192 prices at *"months rather than weeks"* and 242 itself declines to price. It is split
198	261	context	later	2026-09-19	2026-08-30	  network card for 3b, and the `vt-d` line's DMAR scope, which M-261 names as its
198	442	context	later	2026-09-19	2026-08-30	| ~~**Transport** (new)~~ | **Decided 2026-09-19 (DECISIONS S-196): HTTPS, `rustls` for the protocol, and the crypto provider is M-442's work.** Under ...
198	261	context	later	2026-09-19	2026-08-30	Not a ruling but calef's hands: **the wipe of xenon's NVMe** (M-261), which blocks 2b.
198	242	context	later	2026-09-19	2026-08-30	- Rungs 1 to 3 pass on a machine that is not xenon, **with a USB keyboard**, so M-242 is
156	126	context	at-creation	2026-08-23	2026-08-23	**Status: BUILT.** 2026-08-23. Minted 2026-08-23, found while fixing M-126's `pmap` (`abi::aspace::LIST`
198	150	context	later	2026-09-19	2026-08-30	set, is off the path: M-150, in flight as PR #968, generates the program table from one
198	182	context	later	2026-09-19	2026-08-30	- ~~**No real board gives a stranger a prompt today.** x86-64 has no interactive boot (M-182)
198	242	context	later	2026-09-19	2026-08-30	  and no USB keyboard (M-242); radon's prompt input is unconfirmed on silicon. So the only
156	126	context	at-creation	2026-08-23	2026-08-23	`Endpoint::SURVEY` (M-126's first stratum) never tripped this by accident, not by design: it
198	299	context	later	2026-09-19	2026-08-30	  rung 1's. x86_64 has a prompt over serial since M-299, proven under QEMU and not yet on
198	242	context	later	2026-09-19	2026-08-30	  M-242.
198	242	context	later	2026-09-19	2026-08-30	- **Rung 1 cannot be finished in "a milestone or two"**, and the reason is M-242 (USB host
198	40	context	UNKNOWN	247	2026-08-30	package would install once (M-40 already ships "installed by the package that owns it",
156	126	context	at-creation	2026-08-23	2026-08-23	None needed outside this tree: `LIST`'s own fix (M-126, `kernel/src/syscall.rs`'s
198	242	prerequisite	later	2026-09-19	2026-08-30	needs nothing new; the screen and the USB keyboard, M-242, are the rest), that system
198	261	context	later	2026-09-19	2026-08-30	installed onto the disk (a new installer proposal plus M-261's bench step), growing by
156	126	context	later	2026-09-14	2026-08-23	method's bytes, not just the IPC round trip, since before M-126's `pmap` tripped it.
157	53	prerequisite	at-creation	2026-08-23	2026-08-23	**Gate: HARDWARE.** In M-53's sense: the board is on the desk and this needs hands on it.
157	34	context	at-creation	2026-08-23	2026-08-23	M-34) does not already prove in QEMU. `simple-framebuffer` sidesteps mode-setting entirely:
200	196	context	at-creation	2026-08-31	2026-08-31	**Status: NOT-STARTED.** Minted 2026-08-31 by calef, out of M-196's (a physical address on
157	142	prerequisite	at-creation	2026-08-23	2026-08-23	supports; a bigger, "worth living in" terminal (M-142) still needs that fork answered
157	142	context	at-creation	2026-08-23	2026-08-23	The first real-hardware display output this kernel has had. Sequenced before M-142 (a text
157	49	context	at-creation	2026-08-23	2026-08-23	before M-49's boot-wiring work can boot into a *display* rather than only a serial prompt.
200	191	context	at-creation	2026-08-31	2026-08-31	and M-191 (did the proofs catch the bugs?) have been circling all week: a defect no proof was
158	98	context	at-creation	2026-08-23	2026-08-23	M-98's `IpcTables` rename drew: informal lowercase prose that uses "endpoint" as a
200	143	context	at-creation	2026-08-31	2026-08-31	it anyway or leave it for M-143 (silicon IOMMU): this block does not decide, and the case for
158	69	context	at-creation	2026-08-23	2026-08-23	successfully post-rename, satisfying M-69's proof obligation. `notes/ipc-naming.md` updated
200	193	context	at-creation	2026-08-31	2026-08-31	probe crate stated M-193's own `run_end_va` property twice, once on bare `u64` and once
201	161	context	at-creation	2026-08-31	2026-08-31	rather than a test. x86_64 carries two unresolved `ap_boot` bugs (M-161), which is the same
158	161	context	at-creation	2026-08-24	2026-08-23	`x86_64-unknown-none` (the last is new since `Endpoint`'s rename: M-161 item 4 gave x86_64 a
202	194	context	at-creation	2026-08-31	2026-08-31	M-194's shape, up from six, and `script/falsifications --sweep` turns every one of them red
202	194	context	at-creation	2026-08-31	2026-08-31	4. **Store it replayably**, in whatever shape M-194 (build S-134) lands, so the two do not
202	198	context	at-creation	2026-08-31	2026-08-31	M-198 (a package manager, and the trivial install that makes a second customer possible).
202	194	context	at-creation	2026-08-31	2026-08-31	explicit `& GRANT == 0` beside it catches the defect. That is the shape M-194 measured in
202	194	context	at-creation	2026-08-31	2026-08-31	- **It duplicates M-194's machinery if the two are built separately**, which is why item 4
158	98	context	at-creation	2026-08-23	2026-08-23	**Pure rename, no behaviour change**, the same discipline M-98's `IpcTables` rename used
159	49	context	later	2026-09-04	2026-08-23	**Status: BUILT 2026-09-04.** Minted 2026-08-23, surfaced while investigating M-49's boot-wiring
159	56	context	at-creation	2026-08-23	2026-08-23	fork (DECISIONS S-120): the entropy service (M-56, `BUILT`) only has a virtio-rng backend,
159	16	context	at-creation	2026-08-23	2026-08-23	which exists in QEMU and not on the VisionFive 2 the tree already boots (M-16a). Checked
159	56	context	at-creation	2026-08-23	2026-08-23	places (`notes/entropy.md`, M-56's own doc) and tracked by no milestone in either.
203	37	context	at-creation	2026-08-31	2026-08-31	   `vendor/README.md`'s exhaustive list, and run the suite plus M-37's crash injector, since
159	217	context	later	2026-09-01	2026-08-23	   printed instructions say (that wording is M-217's, and a stale pair already cost a boot
159	218	context	later	2026-09-01	2026-08-23	   countdown (the extlinux path does not work; that is M-218) and type these five, which
203	469	context	later	2026-09-20	2026-08-31	  This refusal is M-469 (design/roadmap/469-automating-the-vendored-engine-rebase.md), which
203	37	context	later	2026-09-03	2026-08-31	  --write-patch`, and re-running the suite plus M-37's crash injector. Nobody owns it, and
159	306	context	later	2026-09-19	2026-08-23	   verbatim. `design/roadmap/306-time-the-hw-entropy-step.md` has what each one counts, the
159	56	context	at-creation	2026-08-23	2026-08-23	none. Entropy is the same story one subsystem over: `entropy_service` (M-56) speaks to a
159	157	context	at-creation	2026-08-23	2026-08-23	  change; this is a new backend behind the existing service, the same relationship M-157's
159	239	context	later	2026-09-04	2026-08-23	**Four things had to be true at once and each was fixed separately:** M-239 taught `discover`
159	220	context	later	2026-09-04	2026-08-23	the vendor U-Boot's `starfive,trng` spelling; M-220 clocked the block and released its reset;
159	306	context	later	2026-09-19	2026-08-23	  `design/roadmap/306-time-the-hw-entropy-step.md` has the numbers and the caveats.
205	121	context	at-creation	2026-08-31	2026-08-31	**Status: NOT-STARTED.** Minted 2026-08-31 from M-121's (`ripgrep`: enumeration as a
205	435	context	UNKNOWN	9	2026-08-31	foreign program is told what to do), written up 2026-09-19 by M-435's lane, which also
159	220	context	later	2026-09-04	2026-08-23	have consumed zeros believing them random. **That is this milestone's to fix, not M-220's**,
205	121	context	at-creation	2026-08-31	2026-08-31	Everything M-121 still owes is behind this: the confined `rg`, the loud `ENUMERATE` refusal,
205	123	prerequisite	at-creation	2026-08-31	2026-08-31	  M-123 (the demonstration: somebody else's software, running narrow) needs.
205	121	context	UNKNOWN	43	2026-08-31	Minted from M-121's lane. Unmodified `ripgrep` runs and stops at argument parsing: `std::env::args()` compiles std's `unsupported` backend and yields ...
206	121	context	at-creation	2026-08-31	2026-08-31	**Status: NOT-STARTED.** Minted 2026-08-31 from M-121's (`ripgrep`: enumeration as a
206	435	context	UNKNOWN	9	2026-08-31	the stack goes), written up 2026-09-19 by M-435's lane, which re-measured the spread: the
159	220	prerequisite	later	2026-09-04	2026-08-23	  that made it possible was M-220's.
206	123	context	at-creation	2026-08-31	2026-08-31	**896 KiB is small for anything with a dependency tree**, and the corpus M-123 (the
206	205	context	at-creation	2026-08-31	2026-08-31	is the second thing a foreign program meets, right after M-205 (how a foreign program is told
206	121	context	UNKNOWN	43	2026-08-31	Minted from M-121's lane, which hit it the hard way. `user/link.ld` links at `0x40_0000`, `USER_STACK_VA` is `0x50_0000`, and 32 std stack pages sit ...
159	306	context	later	2026-09-16	2026-08-23	  trip, bring-up 562 us. The proposal was promoted to M-306 at that point, because a
207	204	context	at-creation	2026-08-31	2026-08-31	already failed the neighbouring instruction twice this week** (M-204: two lanes pushed
159	56	context	at-creation	2026-08-23	2026-08-23	The real-hardware half of M-56's own claim: an entropy service this tree can trust on the
159	49	context	later	2026-09-14	2026-08-23	Surfaced while investigating M-49's boot-wiring fork (DECISIONS S-120): the entropy service
159	56	context	later	2026-09-14	2026-08-23	(M-56) only has a virtio-rng backend, which does not exist on real silicon. **A confined
207	203	context	at-creation	2026-08-31	2026-08-31	all?** Work lives in `design/roadmap/` and in pull requests, deliberately, and M-203's
160	115	context	at-creation	2026-08-23	2026-08-23	only a large amount of one-at-a-time review work, the same shape M-115's naming discipline
207	198	context	at-creation	2026-08-31	2026-08-31	The second becomes materially more attractive once M-198 (a package manager, and the trivial
161	315	context	later	2026-09-19	2026-08-23	two-core runner default belongs to M-315 (DECISIONS S-153), and whether to set `CR4.PGE`
161	20	context	later	2026-09-19	2026-08-23	*The status history, kept because the rest of the block cites it:* PARTIAL. Minted 2026-08-23, splitting real work out of M-20's stale text; ...
208	196	context	later	2026-09-02	2026-08-31	**Status: BUILT.** Minted 2026-08-31, found by M-196's (a physical address on
161	20	context	at-creation	2026-08-24	2026-08-23	working record. The scope note below (M-20's "enough of each ISA to boot, confine a ring-3/U
161	164	context	later	2026-08-25	2026-08-23	way item 4's `fs_server`/`aes` gap was split into M-164: two of the four device windows this
161	165	context	later	2026-08-25	2026-08-23	by item 2 below; PCI, by M-165's ACPI/MCFG work), so 176 tracks only what is actually left
161	20	context	at-creation	2026-08-23	2026-08-23	## What this carries forward from M-20's original scope
161	87	context	at-creation	2026-08-23	2026-08-23	## Sequencing against the physical machine (M-87)
161	16	context	at-creation	2026-08-23	2026-08-23	role the VisionFive 2 played for RISC-V (M-16). QEMU's `q35` machine emulates the same
161	87	context	at-creation	2026-08-23	2026-08-23	box. See M-87 for the machine's own status.
161	87	context	at-creation	2026-08-23	2026-08-23	   `in`/`out` half. One driver, two address spaces, which is also what M-87's real machine
161	20	context	at-creation	2026-08-23	2026-08-23	4. **The page-table format**, behind M-20's existing seam: `crates/paging/src/x86_64.rs`,
208	196	context	UNKNOWN	178	2026-08-31	Found by M-196's lane while trying to delete a duplicate ELF parser: `link-x86_64.ld`
161	71	context	at-creation	2026-08-24	2026-08-23	    M-71 established both other architectures need. Neither could have been caught before
210	202	context	at-creation	2026-08-31	2026-08-31	**Status: BUILT** (2026-08-31). Minted 2026-08-31 from M-202's (falsify the confinement claims)
161	71	context	at-creation	2026-08-24	2026-08-23	    frame's own address is the answer (`rsp  176` at the top of `isr_restore`, because M-71
210	202	context	at-creation	2026-08-31	2026-08-31	suite run of about four minutes, and M-202 measured 234 of those seconds as a single hung
210	202	context	at-creation	2026-08-31	2026-08-31	It also gates something specific. `kernel/falsifications/` exists on `main` as of M-202 and
210	202	context	at-creation	2026-08-31	2026-08-31	- **`kernel/falsifications/` is a provisional path** that M-202 created and nothing reads.
161	167	context	later	2026-08-25	2026-08-23	    [M-167](167-timebase-page-delegation.md)'s own, separately-scoped remaining piece, not
210	202	context	UNKNOWN	95	2026-08-31	Minted from M-202's lane, which paid the cost twenty-five times. `kernel/src/testing.rs`'s
161	20	context	at-creation	2026-08-23	2026-08-23	0. **The device-discovery seam**, M-20's other promised abstraction. Its **narrow half is
211	212	context	at-creation	2026-09-01	2026-08-31	**35 of 145**: M-212 (`script/falsifications` walks `crates/` only, so the ratio it prints is not the tree's) landed first and widened
161	165	context	later	2026-08-25	2026-08-23	   them. **PCI is wired**, and has been since M-165's ACPI/MCFG work: `main.rs` calls
161	176	context	later	2026-08-25	2026-08-23	   notes/x86-port.md has the table of which fact has which source. See M-176 for the current
161	78	context	later	2026-08-25	2026-08-23	   on `q35`). This is a leg of `cargo xtask bench`, not of `script/icount` itself: M-78's
211	193	context	at-creation	2026-08-31	2026-08-31	M-193's kernel harnesses state run arithmetic in `u128` so the harness cannot repeat the
211	212	context	at-creation	2026-09-01	2026-08-31	  `script/falsifications` walks `crates/` only (M-212 fixes that), so the two in
161	164	context	at-creation	2026-08-24	2026-08-23	     keeps SSE; both want their own milestone (now minted: M-164), and until one lands
211	470	context	later	2026-09-20	2026-08-31	  This refusal is M-470 (design/roadmap/470-a-gate-on-harness-quality.md), which carries it
161	176	context	later	2026-08-25	2026-08-23	   M-176 piece 2's job (decided, [S-130](../decisions/130-cmos-rtc-delegation.md); not S-121,
161	165	context	later	2026-08-25	2026-08-23	   which the discovery seam itself no longer blocks (item 0's PCI window is wired, M-165) but
161	27	context	at-creation	2026-08-24	2026-08-23	   (M-27).
212	197	context	at-creation	2026-09-01	2026-08-31	**Status: BUILT** 2026-09-01. Minted 2026-08-31 from M-197's (`user/` and `xtask` are out of
212	142	context	at-creation	2026-09-01	2026-08-31	one `unfalsified`, and one `replayable` against M-142's MAJOR 4 itself. A kernel *Kani*
212	210	context	at-creation	2026-09-01	2026-08-31	unsweepable and stays M-210's (no kernel test can be run by name).
161	58	context	later	2026-08-25	2026-08-23	   ..., is` is broadcast in hardware) and RISC-V has had one since M-58's RISC-V TLB shootdown,
212	210	context	at-creation	2026-08-31	2026-08-31	until M-210 (no kernel test can be run by name) lands, so the kernel rows may have to count
161	58	context	later	2026-08-25	2026-08-23	   test M-58 wrote for this exact property, **fails on this port without the shootdown and
212	197	context	at-creation	2026-09-01	2026-08-31	  could not see, one was already `replayable` (M-197's) and one was made so here, so 25 of
212	210	context	at-creation	2026-09-01	2026-08-31	- **It does not fix the kernel *test* sweep**, which is M-210's (no kernel test can be run by
161	87	context	later	2026-08-25	2026-08-23	   real bug in this port's own code is exactly the kind of question M-87's real hardware
212	197	context	UNKNOWN	101	2026-08-31	Found by M-197's lane. S-134 calls the `unfalsified` count the claim's honest denominator,
212	197	context	UNKNOWN	102	2026-08-31	and it is currently the wrong one: M-197's record under `user/` is uncounted, milestone
212	202	context	UNKNOWN	103	2026-08-31	193's two kernel harnesses carry no record at all, and M-202's `kernel/falsifications/` is
161	215	context	later	2026-09-03	2026-08-23	  M-215: ACPI's `_PRT` is AML and this tree will not grow an interpreter, and hardcoding
213	211	context	at-creation	2026-09-02	2026-09-01	**Status: BUILT.** Minted 2026-09-01 by M-211's sweep, which was looking for a
161	459	context	later	2026-09-20	2026-08-23	  This refusal is M-459 (design/roadmap/459-legacy-intx-interrupt-routing.md), which carries
161	215	context	later	2026-09-03	2026-08-23	  goes through `-device intel-iommu` with `iommu_platform=on`, and M-215 records the IOMMU
161	303	context	later	2026-09-19	2026-08-23	  `design/roadmap/364-x86-64-test-fixtures.md`, which M-303 and a newer block have since
161	364	context	later	2026-09-19	2026-08-23	  `design/roadmap/364-x86-64-test-fixtures.md`, which M-303 and a newer block have since
161	27	context	later	2026-09-03	2026-08-23	  longer M-27's tail; it has its own block.
161	316	context	later	2026-09-19	2026-08-23	One had already been done by another milestone (SMP failure 3, M-316); the other three were
213	211	context	later	2026-09-03	2026-09-01	  M-211's reason and it held through the sweep. The discriminator the sweep worked out is a
213	470	context	later	2026-09-20	2026-09-01	  This refusal is M-470 (design/roadmap/470-a-gate-on-harness-quality.md), which carries it
161	78	context	later	2026-09-19	2026-08-23	No `script/icount` x86 leg was built: M-78's instrument asserts deadline-timer claims this
161	316	context	later	2026-09-19	2026-08-23	**4. SMP failure (3).** Already fixed by M-316 (`BOOT_CPU_ID`); verified in the tree.
213	211	context	UNKNOWN	126	2026-09-01	Found beside M-211's sweep, which was looking for a different defect. `nifefs::the_validation_implies_reads_slice_is_in_bounds` calls neither `parse` ...
161	315	context	later	2026-09-19	2026-08-23	are closed, and DECISIONS S-153 makes the flip M-315's closing step, after its port-revoke
161	20	context	later	2026-09-14	2026-08-23	Splits real work out of M-20's stale text: DECISIONS S-19 declared x86_64 a target,
214	164	context	at-creation	2026-09-01	2026-09-01	**Status: BUILT 2026-09-01.** Minted 2026-09-01 by M-164's lane
161	20	context	later	2026-09-14	2026-08-23	M-20's own "Deliverable, in two parts" named it, but 20 is BUILT for the HAL split and
214	164	context	at-creation	2026-09-01	2026-09-01	(`design/roadmap/164-x86-64-fs-server-aes.md`, on x86_64 userspace and the `aes` crate), which
161	316	context	later	2026-09-19	2026-08-23	failure (3), fixed by M-316; and `CR4.PGE`/`PCIDE`, measured and left off because the pinned
161	315	context	later	2026-09-19	2026-08-23	default is M-315's closing step.
162	161	context	at-creation	2026-08-25	2026-08-24	excluded (neither instruction exists on that ISA). x86_64's blocker, M-161 item 4's
214	215	context	at-creation	2026-09-01	2026-09-01	M-215 (design/roadmap/215-x86-64-pci-interrupt-routing.md), on a PCI
162	159	context	at-creation	2026-08-24	2026-08-24	hardware in front of them the way M-159 gives riscv64, and, unlike 159, one this tree can
214	145	context	at-creation	2026-09-01	2026-09-01	The sweep is a one-time fact. The shape came back once already (M-145 shipped `skip!`, and
162	159	context	at-creation	2026-08-24	2026-08-24	as the virtio backend; the JH7110 driver's software health-test question (M-159) does not
214	145	context	at-creation	2026-09-01	2026-09-01	M-145's first candidate, a `#[test_case]` returning `Result<(), Skipped>` so `?` carries
162	161	context	at-creation	2026-08-24	2026-08-24	**What still blocks the end-to-end proof is a second, separate prerequisite**: M-161 item 4's
214	471	context	later	2026-09-20	2026-09-01	  This refusal is M-471 (design/roadmap/471-a-skip-that-returns.md), which carries it with
162	159	context	later	2026-09-03	2026-08-24	  no instruction to wrap; M-159's JH7110 TRNG is the real hardware source there, through its
162	460	context	later	2026-09-20	2026-08-24	  This refusal is M-460 (design/roadmap/460-a-riscv64-arm-for-instruction-entropy.md), which
214	164	context	later	2026-09-03	2026-09-01	- **Recorded.** `design/roadmap/214-print-and-return-skips.md`'s BUGS: M-164's block still
214	160	context	later	2026-09-03	2026-09-01	  Public function names are calef's under M-160, and the block says so where the helper is
163	53	context	at-creation	2026-08-24	2026-08-24	getting one: `design/roadmap/53-board-peripherals.md` ("driving it is its own milestone, not a
214	164	context	UNKNOWN	195	2026-09-01	Minted by M-164's lane, which moved eleven tests from the skip column to the pass column
163	159	prerequisite	at-creation	2026-08-24	2026-08-24	**Gate: HARDWARE.** In M-159's sense: the board is on the desk and this needs hands on it.
163	53	context	at-creation	2026-08-24	2026-08-24	that will wedge, none of which a background lane can do (M-53's own words, said generally
215	164	context	UNKNOWN	(Chris	2026-09-01	**Status: BUILT 2026-09-01.** Minted 2026-09-01 by M-164's lane, which built the disk
163	16	context	at-creation	2026-08-24	2026-08-24	(`design/roadmap/16-real-hardware-iommu.md`'s own framing of the two IOMMUs as "structural
163	53	context	at-creation	2026-08-24	2026-08-24	devices behind it on this board: concretely, the real M.2 NVMe slot (M-53's storage half)
163	87	context	at-creation	2026-08-24	2026-08-24	M-87's x86 machine where an MSHC driver serves one slot on one board."
215	87	context	UNKNOWN	(Chris	2026-09-01	  OptiPlex**, or rather it might, and nobody could tell which from here, so M-87 would
163	161	context	at-creation	2026-08-24	2026-08-24	and M-161's work already landed real ACPI/MCFG table parsing against it. A separate
163	53	context	at-creation	2026-08-24	2026-08-24	would be here. That does **not** make this milestone unnecessary: M-53's actual
163	159	context	at-creation	2026-08-24	2026-08-24	real silicon, the same shape as M-159's "Gate: HARDWARE" framing. Not a background-lane
163	53	context	later	2026-09-14	2026-08-24	Named as needing "its own milestone" in three places (M-53, notes/visionfive2.md,
164	161	context	later	2026-09-01	2026-08-24	**Status: BUILT 2026-09-01.** Minted 2026-08-25 from M-161's x86_64 userspace lane (pull
215	164	context	UNKNOWN	(Chris	2026-09-01	transport-blind, which is the half of M-164's revert that outlived the interrupt bug.
164	214	context	later	2026-09-01	2026-08-24	before. Forty-six sites across sixteen files share that shape; see M-214 (provisional), on tests that print a skip line and return.
215	459	context	UNKNOWN	(Chris	2026-09-01	  This refusal is M-459 (design/roadmap/459-legacy-intx-interrupt-routing.md), which carries
164	215	context	later	2026-09-01	2026-08-24	asked to run. See M-215, on x86_64 PCI interrupt routing, which fixed it.
215	364	context	UNKNOWN	(Claude	2026-09-01	- **M-364.** `design/roadmap/364-x86-64-test-fixtures.md`, attach the rest of the x86_64
215	303	context	UNKNOWN	(Claude	2026-09-01	  2026-09-19. That block is SUPERSEDED: M-303 built the transport-blind lookup and attached
164	215	context	later	2026-09-01	2026-08-24	  tests skip with an accurate reason and no plan of their own. They ride M-215, on x86_64 PCI interrupt routing.
164	57	context	later	2026-09-03	2026-08-24	  fixed the routing; `mkfs` and M-57's two `disk_service` wirings ride it for their
215	87	context	UNKNOWN	(Claude	2026-09-01	which M-87 would discover at a null modem. MSI-X has no board-specific table to be wrong
215	164	context	UNKNOWN	(Claude	2026-09-01	VT-d fault M-164 saw is not a confinement gap**: both QEMU lines come from the VT-d unit
164	461	context	later	2026-09-20	2026-08-24	  This refusal is M-461 (design/roadmap/461-an-sse-enabled-x86-64-userspace-target.md),
164	462	context	later	2026-09-20	2026-08-24	  This refusal is M-462 (design/roadmap/462-the-soft-aes-cost.md), which carries it with the
164	214	context	later	2026-09-14	2026-08-24	moved out of the skip column `println!` and return rather than `skip!`, which is M-214.
165	215	context	later	2026-09-02	2026-08-24	either built elsewhere (PCI interrupt routing by M-215, VT-d by M-161's item 6) or
165	161	context	later	2026-09-02	2026-08-24	either built elsewhere (PCI interrupt routing by M-215, VT-d by M-161's item 6) or
165	161	context	later	2026-09-02	2026-08-24	M-161, which has since been built.
165	87	context	at-creation	2026-08-24	2026-08-24	M-87, x86_64's real target machine). `notes/x86-port.md`'s "discovery seam" section recorded
165	87	context	at-creation	2026-08-24	2026-08-24	   (what M-87's OptiPlex will boot through) does this already, and rewriting the same base to
165	161	context	at-creation	2026-08-24	2026-08-24	  VT-d built; roadmap item 6 of M-161). `nvme::bring_up()` itself tolerates an inactive
165	16	context	at-creation	2026-08-24	2026-08-24	(non-QEMU-fake) discovery mechanism, but RISC-V's IOMMU driver already exists (M-16b), so
216	472	context	later	2026-09-20	2026-09-01	  This refusal is M-472 (design/roadmap/472-a-bench-console-that-drives-power.md), which
165	215	context	later	2026-09-02	2026-08-24	exercised by an actual placement. It is exercised now (M-215 drives a `virtio-blk-pci` disk
165	215	context	later	2026-09-02	2026-08-24	  entirely. This is M-215's own refusal one level up: when a machine wants MSI and meets a
165	215	context	later	2026-09-02	2026-08-24	**One of M-215's three xenon-only questions is now half answered.** That block owed "that a
165	215	context	later	2026-09-02	2026-08-24	  nothing stages it. Doing so would close two of M-215's three xenon-only questions on
165	161	context	later	2026-09-02	2026-08-24	- **VT-d and PCI interrupt routing**, which this block owed and no longer does: M-161's item
217	218	context	at-creation	2026-09-02	2026-09-01	`script/board-image --card /Volumes/NIFE` copies the kernel, the archive and (M-218's) boot
165	215	context	later	2026-09-02	2026-08-24	  6 and M-215 respectively.
165	195	context	later	2026-09-03	2026-08-24	  listed it as an unnumbered proposal on the day M-195 shipped it: `cargo xtask uefi-test`
165	161	context	later	2026-09-03	2026-08-24	- **M-161.** VT-d, which this block owed and could not touch. It is M-161's roadmap
165	463	context	later	2026-09-20	2026-08-24	  This refusal is M-463 (design/roadmap/463-an-mcfg-whose-first-bus-is-not-zero.md), which
217	218	context	at-creation	2026-09-02	2026-09-01	before the kernel runs (M-218), so a stale one left beside a working boot script would
166	19	context	later	2026-09-15	2026-08-24	  at M-19d's test roles, and that sharing was the whole problem: to keep the test roles' slot
166	182	context	later	2026-09-15	2026-08-24	- `kernel::user::riscv_shell_boot` (riscv64 and, since M-182/299, x86_64): loaded the same
218	257	context	later	2026-09-16	2026-09-01	same boot exercised M-257's network-first path, which **failed**:
167	161	context	at-creation	2026-08-24	2026-08-24	**Status: NOT-STARTED.** Minted 2026-08-25, from a gap PR #476 (M-161's `cntfrq` follow-up,
167	161	context	later	2026-09-14	2026-08-24	PR #476 (M-161's `cntfrq` follow-up) found and documented, but did not close: `supervision_proto::build_child_space` (the userspace ELF loader ...
168	74	context	later	2026-09-04	2026-08-24	real silicon, it boots, and M-74's riscv64 half landed on 2026-09-04, so
168	127	context	later	2026-09-04	2026-08-24	written radon had no cycle counter at all, which is why M-127 was named.
168	127	context	later	2026-09-04	2026-08-24	**What M-127 is actually for is a different question**, and its own title says so: *the seL4
218	217	context	at-creation	2026-09-02	2026-09-01	     the card is mismatched, which is M-217, not this one, and means step 1 was not the
168	25	context	later	2026-09-04	2026-08-24	- **For M-25**'s comparison against seL4, argon is still required, and nothing here loosens
168	25	context	later	2026-09-20	2026-08-24	  each number means and where it is not apples-to-apples, the way M-25 (cross-OS performance
218	257	context	later	2026-09-16	2026-09-01	- **Recorded.** The same boot found M-257's network-first path failing at
168	132	context	at-creation	2026-08-25	2026-08-24	DECISIONS S-96 asks whether nife should stay a process kernel (what it is today: every thread gets its own kernel stack) or move to an event kernel (one stack ...
218	224	context	later	2026-09-16	2026-09-01	  power cycling is still manual by calef's own 2026-09-04 ruling in M-224, so a wedged board
218	224	context	later	2026-09-16	2026-09-01	  still ends a run. That limitation lives beside the decision, in M-224's block.
168	134	context	later	2026-09-04	2026-08-24	  place this differs from M-134's E1 on purpose: S-96 asks what a process kernel costs a
168	240	context	later	2026-09-04	2026-08-24	  number**, because M-240 found placement decides throughput on radon by up to fifteenfold
168	25	context	at-creation	2026-08-25	2026-08-24	- **Real hardware**, per the gate above: this specific difference does not show up under QEMU TCG or Apple's HVF, the same reason `sel4bench` (M-25) is ...
168	25	prerequisite	at-creation	2026-08-24	2026-08-24	- **A place to run it that has real PMU access**, matching what M-25's own `sel4bench` piece already needs from M-127's machine, so the two ...
168	127	prerequisite	at-creation	2026-08-24	2026-08-24	- **A place to run it that has real PMU access**, matching what M-25's own `sel4bench` piece already needs from M-127's machine, so the two ...
168	25	context	at-creation	2026-08-25	2026-08-24	**M-25's cross-OS comparison has the same hole**, and this milestone closes it too rather than duplicating it. Checked directly: M-25 is ...
219	132	context	at-creation	2026-09-01	2026-09-01	bytes), over M-132's 5% bound, with riscv64 and x86_64 at 4.7% and 4.6% behind it. One cause
168	324	context	later	2026-09-19	2026-08-24	`job-mix: tasks=` prefix; `crates/board_console` has no recogniser for this run (M-324).
168	493	prerequisite	later	2026-09-20	2026-08-24	`design/roadmap/493-a-disk-file-job-mix-needs-a-disk-radon-can-drive.md`.
219	473	context	later	2026-09-20	2026-09-01	  This refusal is M-473 (design/roadmap/473-a-soak-leg-in-script-test.md), which carries it
168	433	context	later	2026-09-19	2026-08-24	on 2026-09-19, because another session had promoted them hours earlier under M-433's drain
168	435	context	later	2026-09-19	2026-08-24	  [S-191](../decisions/191-job-mix-repeats-and-what-the-line-reports.md), from M-435's sweep
220	159	context	later	2026-09-04	2026-09-01	**Status: BUILT 2026-09-04.** Minted 2026-09-01 by the maintainer, from M-159's (a real hardware
168	227	context	later	2026-09-19	2026-08-24	- **The HVF cross-check has no machine until M-227.**
220	218	prerequisite	later	2026-09-04	2026-09-01	lane's report of why**, the shape M-218 (every boot of the VisionFive 2 needs a human
220	159	context	later	2026-09-04	2026-09-01	board, and the shape M-159 chose for the same reason on its own first two passes. The
168	134	context	later	2026-09-04	2026-08-24	  every task is a process with an address space, where M-134's E1 reached 96 kernel threads.
220	159	context	at-creation	2026-09-01	2026-09-01	outcome of M-159's first bench boot is not a driver bug: it is a register window that reads
168	493	prerequisite	later	2026-09-20	2026-08-24	  M-493 (a disk-file job mix needs a disk), `design/roadmap/493-a-disk-file-job-mix-needs-a-disk-radon-can-drive.md`.
220	159	context	at-creation	2026-09-01	2026-09-01	- **Anything else**: the device answered and the sequence is wrong. That is M-159's.
168	464	context	later	2026-09-20	2026-08-24	  M-464 (design/roadmap/464-a-committed-baseline-for-the-multitasking-sweep.md), which
168	25	context	later	2026-09-14	2026-08-24	M-25's cross-OS comparison too.
220	159	context	later	2026-09-04	2026-09-01	M-159's own table routes here rather than to a defect in that driver.
169	181	context	later	2026-08-27	2026-08-25	[M-181](181-persistent-foreign-component.md), raised separately). **Named `rmle`, not
169	181	context	later	2026-08-27	2026-08-25	`kilo.c` port through M-181's extended seam exists; see `rmle.rs`'s own module doc for the
220	376	context	UNKNOWN	137	2026-09-01	  `design/roadmap/376-nothing-turns-a-device-back-off.md`.
220	159	context	later	2026-09-04	2026-09-01	  `READY` while holding zeros, which was M-159's defect and not this one. Fixed on
220	368	context	UNKNOWN	156	2026-09-01	  `design/roadmap/368-a-flat-entry-set-counts-bytes-no-syscall-fetches.md`, which owns the
169	181	context	later	2026-09-14	2026-08-25	support an interactive event loop; that gap is M-181); the raw-keystroke primitive itself
170	169	context	at-creation	2026-08-25	2026-08-25	# 170. `nano`: a real, full-featured screen editor on the primitive M-169 builds
220	474	context	later	2026-09-20	2026-09-01	  This refusal is M-474 (design/roadmap/474-a-general-jh7110-clock-driver.md), which carries
170	169	context	at-creation	2026-08-25	2026-08-25	**Status: NOT-STARTED.** Minted 2026-08-25, alongside [M-169](169-kilo-editor.md), from the
220	159	context	later	2026-09-04	2026-09-01	- **Recorded.** The crate name `jh7110_crg` is provisional and unratified, as M-159's
170	169	prerequisite	at-creation	2026-08-25	2026-08-25	**Gate: NONE.** Sequenced behind M-169 in practice, not by a hard gate: nano needs the
170	169	context	at-creation	2026-08-25	2026-08-25	- **The same raw-terminal input and ANSI-passthrough output M-169 builds**, at a larger
170	169	context	at-creation	2026-08-25	2026-08-25	  program holds for its target directory, not a new mechanism, just more of M-169's file work.
170	164	context	at-creation	2026-08-25	2026-08-25	  the feature and note the gap, the same way M-164 named the `aes`/SSE gap rather than
170	164	context	at-creation	2026-08-25	2026-08-25	is recorded as a `BUGS`-section limitation the way M-164 recorded `fs_server`'s x86_64 gap.
170	169	followon	at-creation	2026-08-25	2026-08-25	Left for whoever picks this up, once M-169's primitive exists to build against.
170	169	prerequisite	later	2026-09-14	2026-08-25	Sequenced as M-169's follow-on rather than run in parallel: nano needs the identical
171	169	context	at-creation	2026-08-25	2026-08-25	**Gate: NONE.** Software-only. Informed by [M-169](169-kilo-editor.md) (`kilo`, the first
221	219	context	at-creation	2026-09-02	2026-09-02	conclude otherwise, in the same way M-219's own output refuses to let a green soak be quoted
221	219	context	at-creation	2026-09-02	2026-09-02	**A soak build is already not a production build** (M-219 measured the fastpath at about
171	174	context	at-creation	2026-08-25	2026-08-25	[M-174](174-nife-thin-dev-client.md)'s remote-build work once that exists).
221	219	context	at-creation	2026-09-02	2026-09-02	M-219 already had.
171	169	prerequisite	at-creation	2026-08-25	2026-08-25	  every C port on nife needs (`files.c`-shaped work, matching how M-169's own scoping section
171	169	context	at-creation	2026-08-25	2026-08-25	- Nothing from M-169's raw-terminal-input primitive: git's core commands are not a screen
171	174	context	at-creation	2026-08-25	2026-08-25	host," which is the load-bearing precondition for [M-174](174-nife-thin-dev-client.md)'s
171	173	context	at-creation	2026-08-25	2026-08-25	([M-173](173-rustc-cargo-self-host.md)).
221	219	context	at-creation	2026-09-02	2026-09-02	  argon or xenon, and that is M-219's other proposed follow-on rather than this one.
171	172	context	at-creation	2026-08-25	2026-08-25	([M-172](172-capability-native-subprocess.md), 173) are attempted.
171	174	followon	at-creation	2026-08-25	2026-08-25	are folded into this milestone or left for whoever builds M-174's remote-development
221	219	context	at-creation	2026-09-03	2026-09-02	- **Recorded.** A soak build is not a production build, and this widens the gap M-219
172	173	context	at-creation	2026-08-25	2026-08-25	what `rustc`/`cargo` (see [M-173](173-rustc-cargo-self-host.md)) actually need found that
222	208	context	at-creation	2026-09-02	2026-09-02	**Status: BUILT 2026-09-02.** Minted 2026-09-02 by the maintainer, from M-208's (the x86_64
172	22	context	later	2026-09-14	2026-08-25	`crates/supervision_protocol`'s `build_child` (M-22 phase B.2, "the supervision tree: the
172	173	context	at-creation	2026-08-25	2026-08-25	Directly: unblocks [M-173](173-rustc-cargo-self-host.md) (`cargo` cannot spawn `rustc`, and
172	170	context	at-creation	2026-08-25	2026-08-25	skippable spell-check/`execute command` feature ([M-170](170-nano-editor.md)) would need if
172	171	context	at-creation	2026-08-25	2026-08-25	([M-171](171-git-core-userspace.md)) would need if those are ever brought in scope.
222	81	context	at-creation	2026-09-02	2026-09-02	`script/gates` has carried four `hvf_missing` conditions since M-81 (an HVF leg: the test suite on
173	172	context	at-creation	2026-08-25	2026-08-25	[M-172](172-capability-native-subprocess.md) exists to close.
173	172	context	at-creation	2026-08-25	2026-08-25	Whether [M-172](172-capability-native-subprocess.md)'s primitive, once built, is sufficient
173	172	context	at-creation	2026-08-25	2026-08-25	timeline, which this block deliberately does not estimate given how little of M-172 exists
222	475	context	later	2026-09-20	2026-09-02	  This refusal is M-475 (design/roadmap/475-the-accelerator-probe-on-kvm-and-whpx.md), which
174	173	context	at-creation	2026-08-25	2026-08-25	nearer-term alternative to [M-173](173-rustc-cargo-self-host.md)'s full local self-hosting.
223	218	prerequisite	later	2026-09-19	2026-09-02	maintainer, from the lane for M-218 (every boot of the VisionFive 2 needs a human typing
174	172	context	at-creation	2026-08-25	2026-08-25	[M-172](172-capability-native-subprocess.md)'s new primitive or an LLVM port.
223	217	context	later	2026-09-19	2026-09-02	four commands into U-Boot), which named it while closing M-217 (the card carries a kernel and an
174	173	context	at-creation	2026-08-25	2026-08-25	M-173's: a network client and a remote-build protocol, no
223	104	context	later	2026-09-19	2026-09-02	measurement table the progenitor loads everything else against (M-104 (the measurement continues past
174	66	context	at-creation	2026-08-25	2026-08-25	  ([M-66](66-vaultwarden.md) names this exact gap for an unrelated program, "TLS: none.
223	104	context	later	2026-09-19	2026-09-02	It checks M-104's half too, and reports it separately: an archive whose own measurement table
174	173	context	at-creation	2026-08-25	2026-08-25	does not compete with [M-173](173-rustc-cargo-self-host.md) for sequencing: nothing here
174	171	context	at-creation	2026-08-25	2026-08-25	can proceed independently once M-171 exists.
174	171	context	at-creation	2026-08-25	2026-08-25	(`clone`/`fetch`/`push`, explicitly left open by [M-171](171-git-core-userspace.md)) share a
175	23	context	at-creation	2026-08-25	2026-08-25	on M-23 forcing it, and 23's residual piece was declined for want of a customer rather than
223	441	context	later	2026-09-19	2026-09-02	  that is already rung one: M-441 (the program that makes the stick) made it a build failure,
175	39	context	at-creation	2026-08-25	2026-08-25	## What "components" and "fixtures" means, per M-39's own naming argument
175	39	context	at-creation	2026-08-25	2026-08-25	**This milestone does not pre-classify all 65 programs**, deliberately: M-39 named
223	218	context	at-creation	2026-09-02	2026-09-02	  card can be wrong, and M-218 has just changed which of those a card should carry.
175	39	context	at-creation	2026-08-25	2026-08-25	Whoever builds this should check whether M-39's two-way split still fits the tree or whether
224	221	context	later	2026-09-05	2026-09-02	Originally NOT-STARTED. Minted 2026-09-02 by the maintainer, from M-221's (the soak never
224	421	context	UNKNOWN	19	2026-09-02	from M-421's. calef answered on 2026-09-04 with all four options in front of him and chose
224	435	context	UNKNOWN	20	2026-09-02	manual power; the gate paragraph went on saying the question was unresolved until M-435's
175	39	context	at-creation	2026-08-25	2026-08-25	- Re-checking `crates/` against M-39's own three-audience split (kernel proof crates, wire
224	221	context	at-creation	2026-09-02	2026-09-02	**sustained** runs, and after M-221 there are two experiments to sustain rather than one. A
175	39	context	later	2026-09-18	2026-08-25	fixture list (`design/naming.md`, M-39's illustrative list, and this block's own) by
175	266	context	later	2026-09-13	2026-08-25	  other way. But its own header now says what it is, in the sentence M-266 left behind:
175	23	context	later	2026-09-13	2026-08-25	  the client that does not notice (`chatty`) are fixtures. `components/`, and M-23's demo is
175	36	context	later	2026-09-13	2026-08-25	lines of link argument and `fixtures/build.rs` keeps M-36's clang resolution.
224	257	context	later	2026-09-05	2026-09-02	of him. What changed the calculus that evening is that **M-257 removed the larger tax**: the
175	281	context	later	2026-09-19	2026-08-25	  and nine, because M-281 cut `watch` and `doc` was ratified as `mdr`. It was not taken
175	433	context	later	2026-09-19	2026-08-25	  M-433's drain of the pile.
225	53	prerequisite	at-creation	2026-09-02	2026-09-02	**Gate: HARDWARE.** In M-53's sense: the boards are on the desk and this needs hands on
225	219	context	at-creation	2026-09-02	2026-09-02	- **A workload that lasts** (M-219), with a heartbeat on the wall clock so a crawling machine
175	266	context	later	2026-09-13	2026-08-25	  one table cell in `design/roadmap/266-init-is-an-action-and-the-thing-is-a-process.md` naming
225	221	context	at-creation	2026-09-02	2026-09-02	- **A hook that makes it cross cores** (M-221), on the real `irq_notify` to `wake_load_aware`
175	39	context	later	2026-09-13	2026-08-25	  mechanical commit M-39 asked for. `script/lint`'s consumer counter still guards the case
225	216	context	at-creation	2026-09-02	2026-09-02	- **A console that watches and judges** (M-216), with a sustained mode and a stage that
175	465	context	later	2026-09-20	2026-08-25	  M-465 (design/roadmap/465-net-transport-and-socket-test-client-as-crates.md), which
225	218	prerequisite	at-creation	2026-09-02	2026-09-02	- **A boot that needs nobody typing** (M-218), unconfirmed on the board itself.
225	219	context	at-creation	2026-09-02	2026-09-02	rather than frozen. Eight hours of a non-crossing soak is eight hours of M-219's experiment
175	39	context	at-creation	2026-08-25	2026-08-25	M-39's own S-10/S-46 packaging observations (the manifest and measured-boot hash are already
225	219	context	at-creation	2026-09-02	2026-09-02	**A clean run licenses one sentence**, which M-219's tooling prints on every green result:
175	39	prerequisite	at-creation	2026-08-25	2026-08-25	Indirectly: it is evidence for re-reading M-39's bigger recommendation (repo split, gated on
175	23	context	at-creation	2026-08-25	2026-08-25	M-23) against current numbers, which its own text asks for, without executing that
225	219	context	at-creation	2026-09-02	2026-09-02	- **No duration is prescribed**, because nobody knows what would be persuasive, and M-219's
175	39	context	at-creation	2026-08-25	2026-08-25	Whether nife ever splits into multiple repositories (M-39's own question, still correctly
225	224	prerequisite	at-creation	2026-09-02	2026-09-02	- **A hung board needs a person**, since nothing can power-cycle radon remotely (M-224) and
225	221	context	at-creation	2026-09-02	2026-09-02	- **The crossing count varies by more than 2x between identical runs**, recorded in M-221's
225	127	context	at-creation	2026-09-02	2026-09-02	- **argon has never booted nife at all**, so its soak sits behind M-127 (the seL4 machine)
176	161	context	at-creation	2026-08-25	2026-08-25	**Status: BUILT.** Minted 2026-08-25, from M-161's own item 0, "the wide half is
226	127	context	at-creation	2026-09-03	2026-09-02	**Status: BUILT 2026-09-03.** Minted 2026-09-02 by the maintainer, from M-127's EL2 entry
176	161	context	at-creation	2026-08-25	2026-08-25	- **The interrupt controller (IO APIC) is built**, M-161's own item 2, reached directly by
176	165	context	at-creation	2026-08-25	2026-08-25	- **PCI is wired**, and has been since M-165's ACPI/MCFG work: `kernel/src/main.rs`
226	38	context	at-creation	2026-09-03	2026-09-02	still killed at the bound. So is the M-38 property beside it: a fast child in a pipeline
176	165	context	at-creation	2026-08-25	2026-08-25	since M-165 and the interrupt controller since M-161 item 2, neither is `None`
226	235	context	at-creation	2026-09-03	2026-09-02	itself the case the message warns about, since the other QEMU was M-235's lane mid-gate with
226	476	context	later	2026-09-20	2026-09-02	  This refusal is M-476 (design/roadmap/476-the-qemu-bounded-self-test-in-a-gate.md), which
226	38	context	UNKNOWN	156	2026-09-02	on the old script, none on the new. The early-reader property and M-38's fast-child
227	222	context	later	2026-09-19	2026-09-02	**Status: BUILT 2026-09-19.** Minted 2026-09-02 by the maintainer, from M-222's (the one
227	222	context	later	2026-09-19	2026-09-02	**In brief.** `kernel/src/drivers/gic.rs` spoke GICv2 only, and M-222 measured what happened
227	317	context	later	2026-09-19	2026-09-02	where M-317 recorded 3 of 5 with no ticks, the whole aarch64 suite passes under TCG, and the
227	222	context	later	2026-09-19	2026-09-02	| HVF, `gic-version=3`, physical core | not applicable (boot-check is TCG) | `script/test --hvf`: 322 passed, 3 skipped, scanout and inbound checks green, on ...
227	74	context	later	2026-09-19	2026-09-02	  `arch::timer::set_cycle_counter_grant`'s BUGS carries the measurement for M-74.
227	168	context	later	2026-09-19	2026-09-02	result; HVF timings are not recorded as numbers here). **`script/job-mix --hvf`** is M-168's
227	168	context	later	2026-09-19	2026-09-02	true: fatal risk 4's decisive experiment is M-168's job mix, whose HVF cross-check on real
227	74	context	later	2026-09-19	2026-09-02	Apple cores could not run without this, and M-74's cycle-counter lane could not test under
227	514	context	later	2026-09-20	2026-09-02	- **M-514.** M-514 (the HVF leg's std listener test hangs), `design/roadmap/514-the-hvf-std-listener-hangs-in-some-full-runs.md`: the ...
227	317	context	later	2026-09-19	2026-09-02	- **Recorded.** The ITS, in `drivers/gicv3.rs`'s BUGS; M-317 owns why it matters.
228	127	context	at-creation	2026-09-02	2026-09-02	**radon** stay unknown until somebody reads them at a bench, and that is M-127's list.
228	227	context	at-creation	2026-09-02	2026-09-02	  notice, which is the same shape as the GICv2 assumption M-227 (a GICv3 driver, because
228	127	context	at-creation	2026-09-02	2026-09-02	  belongs on M-127's bench list beside its existing `PMCCNTR_EL0` item. `xenon` is the new
228	127	context	at-creation	2026-09-03	2026-09-02	  M-127's bench list beside its existing `PMCCNTR_EL0` item. Radon and xenon want the same
229	228	context	at-creation	2026-09-02	2026-09-02	a fact rather than an assumption by M-228 (the cycle counters are closed by assumption), and
229	221	context	at-creation	2026-09-02	2026-09-02	**`script/fastpath-footprint` has a 5% bound and it fired on a lane today** (M-221's soak
229	147	context	at-creation	2026-09-02	2026-09-02	**It is not M-147** (a profiler that holds exactly the counters it was granted). This says
229	147	context	at-creation	2026-09-02	2026-09-02	`sched_control_cap`**. seL4 could not see that corner coming. This tree can: M-147 (a
229	74	prerequisite	at-creation	2026-09-02	2026-09-02	has no consumer: M-74's aarch64 half is the first and does not exist. Whoever needs it
229	228	context	at-creation	2026-09-02	2026-09-02	  M-228's write. The grant is `CR` (bit 2) alone: `EN` would open every PMU register and
229	156	context	at-creation	2026-09-02	2026-09-02	every syscall fetches. Extracting it `#[inline(never)]` the way M-156 extracted the other
229	228	context	at-creation	2026-09-02	2026-09-02	  either way, which is the same blindness M-228 recorded, so a green run says little. The
229	74	context	at-creation	2026-09-02	2026-09-02	  the question of what the surface should be, which is M-74's or 147's to answer.
230	192	context	at-creation	2026-09-02	2026-09-02	**Status: BUILT 2026-09-02.** Minted the same day by the maintainer, from M-192's (a
230	49	context	at-creation	2026-09-02	2026-09-02	Bisected over the 105 first-parent commits between M-49's login-stack wiring and `main`,
230	49	context	at-creation	2026-09-02	2026-09-02	seven boots. The first red merge is **PR #556** (`a731b4ce`, M-49's boot terminal
230	216	context	at-creation	2026-09-02	2026-09-02	This is **not** the partial-line problem `crates/board_console` solved for M-216 (nothing in
230	216	context	at-creation	2026-09-02	2026-09-02	- **`crates/board_console`** (M-216, nothing in this tree can read a board, so every hardware
230	231	context	at-creation	2026-09-02	2026-09-02	- **Nothing counts init's capability slots.** *(Closed by M-231, nothing counts how many
230	177	context	at-creation	2026-09-02	2026-09-02	- **The two graphical legs remain red** behind M-177's (attaching a GPU and keyboard to the
230	233	context	at-creation	2026-09-02	2026-09-02	  through a passing run. *(Closed by M-233, `login` dies on every boot and the boot says it
231	230	context	at-creation	2026-09-02	2026-09-02	**Status: BUILT 2026-09-02.** Minted the same day by calef, from M-230's
231	49	context	at-creation	2026-09-02	2026-09-02	- **16 to 17**, M-49 (users and attribution). The symptom was that the first login against a
231	230	context	at-creation	2026-09-02	2026-09-02	- **17 to 24**, M-230, today. The symptom was that init trapped with no message and `main`
231	230	context	at-creation	2026-09-02	2026-09-02	M-230's account and is worth reading before this one is designed.
231	230	context	at-creation	2026-09-02	2026-09-02	M-230's four instrumented boots and one ordinary one.
231	230	context	at-creation	2026-09-02	2026-09-02	stale**: `kernel::cap::CAPABILITY_TABLE_PEAK_MEASURED` is 21, the number M-230 found by
231	230	context	at-creation	2026-09-02	2026-09-02	**21 of 24, on both architectures**, which is exactly the figure M-230 arrived at by hand.
231	233	context	at-creation	2026-09-02	2026-09-02	It also priced M-233 (`login` dies on every boot, and the boot says it is ready) before that
232	208	context	at-creation	2026-09-02	2026-09-02	   `image permissions` (M-208's W^X gate, added that day), `re-falsify the harnesses this
233	230	context	at-creation	2026-09-02	2026-09-02	**Status: BUILT 2026-09-02.** Minted the same day by the maintainer, from M-230's
233	232	context	at-creation	2026-09-02	2026-09-02	That makes this the sharpest member of a family this tree found four of in one day (M-232,
233	231	context	at-creation	2026-09-02	2026-09-02	## Why it is coupled to M-231
233	230	context	at-creation	2026-09-02	2026-09-02	M-230 measured and sized the table against**: 21 of 24, with three slots of deliberate
233	231	context	at-creation	2026-09-02	2026-09-02	So the fix and the accounting move together, and M-231 (nothing counts how many capability
233	230	context	at-creation	2026-09-02	2026-09-02	transcript (the same `KERNEL_WRITER_ANCHORS` M-230 introduced for the interleaving reader, so
233	230	context	at-creation	2026-09-02	2026-09-02	- **How long this was true is unknown.** Nobody bisected it, and unlike M-230's five days
233	232	context	at-creation	2026-09-02	2026-09-02	  passes every check in the tree, which is M-232's (audit every check against two questions)
234	54	context	at-creation	2026-09-02	2026-09-02	  which is M-54's (a network file service a Mac can mount) removal showing up as a line count
234	214	context	at-creation	2026-09-02	2026-09-02	produced three separate cases of this tree's instruments being wrong: M-214 (a test that
234	212	context	at-creation	2026-09-02	2026-09-02	prints "skipping" and returns is counted as passed) found 80 such sites, M-212
235	233	context	at-creation	2026-09-02	2026-09-02	Found by deliberate experiment rather than by accident: M-233's lane patched `worker` to trap
235	233	context	at-creation	2026-09-03	2026-09-02	  on purpose, which is a new program and therefore a name calef decides, and M-233's
235	233	context	at-creation	2026-09-03	2026-09-02	  calef's, and M-233's no-thread-killed assertion in `script/shell-check` has to learn to
236	234	context	at-creation	2026-09-03	2026-09-02	**Status: BUILT.** Minted 2026-09-02 by calef, from M-234's (the project's own numbers,
236	234	context	at-creation	2026-09-02	2026-09-02	- **The count may be higher than three.** Those are the three M-234's lane needed; nothing has
237	231	context	at-creation	2026-09-03	2026-09-03	    5788 (baseline)    64 (M-231)    136 (M-229)  =  5988
237	229	context	at-creation	2026-09-03	2026-09-03	    5788 (baseline)    64 (M-231)    136 (M-229)  =  5988
237	25	prerequisite	at-creation	2026-09-03	2026-09-03	own accounting: a user-level cycle read is what M-25 (cross-OS performance comparison) needs
237	168	context	at-creation	2026-09-03	2026-09-03	wants it. The kernel may read `PMCCNTR_EL0` at EL1 with no grant at all, and M-168 (a
237	231	context	at-creation	2026-09-03	2026-09-03	- The production fastpath returns to **5852**, keeping M-231's slot counter, which has a real
237	228	context	at-creation	2026-09-03	2026-09-03	**Deliberately not gated:** M-228 (the cycle counters are closed by assumption)'s write of
237	25	context	at-creation	2026-09-03	2026-09-03	in the "why that is not a win" list beside the seL4 calibration, which is where M-25
237	221	context	at-creation	2026-09-03	2026-09-03	beside the mechanism itself. It is M-221 (a soak that crosses cores)'s rule one instrument
237	221	context	at-creation	2026-09-03	2026-09-03	binary, so its numbers carry a caveat, which M-221 (the soak never crosses cores) already
237	231	context	at-creation	2026-09-03	2026-09-03	Building the kernel both ways attributed `finish_switch`'s share to M-231 instead; the
237	229	context	at-creation	2026-09-03	2026-09-03	M-231 took the aarch64 figure from 5788 to 5852, M-229 from 5852 to 5988. Both were
237	74	context	at-creation	2026-09-03	2026-09-03	- **This block does not price M-74's arrival.** Unchanged, and cheaper than it looked: the
237	231	context	at-creation	2026-09-03	2026-09-03	  deliberately leaves behind and the 64 bytes it is above 5788 are attributed above to M-231.
237	25	context	at-creation	2026-09-03	2026-09-03	  beside the seL4 calibration in `notes/benchmarks.md`, which is where M-25 keeps its
237	361	context	UNKNOWN	205	2026-09-03	- **M-361.** `design/roadmap/361-unattributed-fastpath-residuals.md`, attribute the riscv64
237	188	context	UNKNOWN	209	2026-09-03	  refuse. Only aarch64 was re-recorded here. That block is SUPERSEDED: M-188's phases 1 to 3
237	336	context	UNKNOWN	212	2026-09-03	- **M-336.** `design/roadmap/336-fastpath-footprint-against-main.md`, whether the fastpath
237	231	context	UNKNOWN	225	2026-09-03	the 56 the mint attributed here turned out to be M-231's
238	232	context	at-creation	2026-09-03	2026-09-03	**Status: BUILT 2026-09-03.** Minted the same day by calef, from M-232's (audit every check
238	85	context	at-creation	2026-09-03	2026-09-03	> No new milestone; M-85 already owns it and the weekly workflow already publishes the
238	232	context	at-creation	2026-09-03	2026-09-03	  takes this should decide with the same suspicion M-232 applied to everything else.
238	232	context	at-creation	2026-09-03	2026-09-03	- **Neither repair says anything about the other seven scheduled workflows**, which M-232
238	232	context	at-creation	2026-09-03	2026-09-03	whole design and the reason M-232 declined to build it: a cron that watches crons dies the
238	232	context	at-creation	2026-09-03	2026-09-03	  around the other seven scheduled workflows M-232 inventoried and did not run. Neither
239	241	context	at-creation	2026-09-03	2026-09-03	**The premise in that title is false and the title is kept anyway**, because M-241 (what a
239	218	prerequisite	at-creation	2026-09-03	2026-09-03	M-218's (every boot of the VisionFive 2 needs a human typing four commands into U-Boot)
239	220	prerequisite	at-creation	2026-09-03	2026-09-03	M-220's (a clock and reset controller, because the first real device needs one) territory
239	220	context	at-creation	2026-09-03	2026-09-03	| `hw entropy : FAILED: ... (tree says starfive,trng, status disabled): ... bring-up diagnostic 0x0000000000000000 ...` | The node was found and the register ...
239	159	context	at-creation	2026-09-03	2026-09-03	  authority M-159 already grants and no more.
239	218	context	UNKNOWN	208	2026-09-03	says `rng@1600c000`/`starfive,jh7110-trng`. `discover` now matches both spellings and carries the `status` it found. A route was taken 2026-09-03 and radon was ...
240	221	context	at-creation	2026-09-03	2026-09-03	**The explanation is almost certainly placement**, and M-221 (the soak never crosses cores,
240	219	context	at-creation	2026-09-03	2026-09-03	are placed across four cores at spawn, **and nothing rebalances**, which is M-219's (the boot
241	435	context	UNKNOWN	13	2026-09-03	why M-435's sweep leaves the token where it is and mints no `design/decisions/` section for
241	87	context	UNKNOWN	22	2026-09-03	`nife self-test: 5 of 5 passed` at 09:55 UTC on 2026-09-17, which turned M-87 `BUILT`
241	222	context	later	2026-09-05	2026-09-03	  been no accelerated coverage on the development machine since M-222. That is the strongest
241	195	context	at-creation	2026-09-03	2026-09-03	real speed) confinement half on hardware. **xenon has VT-d** and M-195 (finish the UEFI boot
241	239	context	at-creation	2026-09-03	2026-09-03	did anyone learn its device tree omits the TRNG (M-239, radon's device tree does not describe
241	227	context	at-creation	2026-09-03	2026-09-03	Until one fires, M-227 stays held and this block is the reason.
241	227	context	at-creation	2026-09-03	2026-09-03	**What it does not give**, and this is why M-227 (a GICv3 driver, because GICv2 boots and
241	243	context	at-creation	2026-09-03	2026-09-03	**And the blocker on using them is not a driver**, it is M-243 (a machine with no serial port
242	243	context	at-creation	2026-09-03	2026-09-03	  M-243 (a machine with no serial port has no way to say anything).
242	192	context	UNKNOWN	65	2026-09-03	`xhci` appears in one roadmap block as a word; M-192's option B is a large unbuilt
243	369	context	later	2026-09-19	2026-09-03	all three, while reading a *real* serial-less machine is M-369 (the fleet is not virtual)
243	369	context	later	2026-09-19	2026-09-03	  a photograph and a person. That is **M-369**, and it is blocked on USB mass storage.
243	157	context	later	2026-09-19	2026-09-03	  written for. The board half is M-157's U-Boot handoff and stays there. See the section
243	230	context	at-creation	2026-09-03	2026-09-03	- Kernel fault reports, which M-230 (`script/shell-check` is red on `main`, on both
243	216	context	at-creation	2026-09-03	2026-09-03	- **And every automated gate**: `script/board-console` (M-216), the soak's heartbeat, and
243	218	prerequisite	at-creation	2026-09-03	2026-09-03	  M-218's (every boot of the VisionFive 2 needs a human typing four commands into U-Boot)
243	87	context	at-creation	2026-09-03	2026-09-03	M-87 (the x86_64 bare-metal machine) picked a Dell with a C4PDJ serial module and a null
243	157	context	at-creation	2026-09-03	2026-09-03	**1. A human watching a machine boot.** Answered by the framebuffer chain: M-157 (the U-Boot
243	242	context	at-creation	2026-09-03	2026-09-03	framebuffer handoff), M-242 (USB host and HID) and M-177 (wire the graphical terminal
243	177	context	at-creation	2026-09-03	2026-09-03	framebuffer handoff), M-242 (USB host and HID) and M-177 (wire the graphical terminal
243	242	context	at-creation	2026-09-03	2026-09-03	**So the blocker on using those machines is this block and not M-242** (USB host and HID,
243	369	context	UNKNOWN	148	2026-09-03	  `design/roadmap/369-a-gate-that-can-read-a-machine-with-no-serial-port.md`.
243	177	context	UNKNOWN	149	2026-09-03	- **M-377.** One screendump decoder rather than two: M-177's graphical
243	377	context	UNKNOWN	152	2026-09-03	  `design/roadmap/377-one-screendump-decoder-not-two.md`.
243	511	context	later	2026-09-20	2026-09-03	- **M-511.** M-511 (the boards' screen comes from the firmware), `design/roadmap/511-the-boards-screen-under-uefi.md`. The boards' screen ...
243	441	context	later	2026-09-19	2026-09-03	  UEFI, which M-441 (the program that makes the stick) made reachable while this lane was
243	157	context	later	2026-09-19	2026-09-03	  already copies, which is the *same* node M-157 will read from U-Boot. That second one is
243	157	context	later	2026-09-19	2026-09-03	be written. On the VisionFive 2 the stage that could speak is U-Boot, which is M-157. Their
243	157	context	later	2026-09-19	2026-09-03	M-157's U-Boot aperture will pass it with nothing to remember.
243	400	context	later	2026-09-19	2026-09-03	**This edits the gate of M-400 (the shell on the firmware's screen), not this one's**, and
243	157	context	later	2026-09-19	2026-09-03	  by M-157.
243	230	context	at-creation	2026-09-03	2026-09-03	- **It does not cover the interleaving defect** M-230 found, where the kernel and the console
243	369	context	later	2026-09-19	2026-09-03	narrated further; a gate reading a real serial-less machine is M-369
244	238	context	at-creation	2026-09-03	2026-09-03	milestone wrong" clause fired. Minted 2026-09-03 by calef, from M-238's (the scheduled checks
244	96	context	at-creation	2026-09-03	2026-09-03	one, added to `script/lint` and `script/coverage` when M-96 created it and never to the
244	238	context	at-creation	2026-09-03	2026-09-03	**In brief.** `crates/system_initializer` is **2,632 lines with zero `#[test]`**, and M-238's
244	96	context	at-creation	2026-09-03	2026-09-03	M-96 exists because a fix landing in one init and not the other produced *a boot that reaches
244	193	context	at-creation	2026-09-03	2026-09-03	This is M-193's (put `kernel/src` within reach of the prover) **option B** with a name and a
244	238	context	at-creation	2026-09-03	2026-09-03	way M-238's does, plus the number that shows the split was worth making: how many of
246	244	context	at-creation	2026-09-03	2026-09-03	**Status: BUILT.** Minted 2026-09-03 by calef, from M-244's (the largest crate in the tree is
246	193	context	at-creation	2026-09-03	2026-09-03	turning it red. State the mutant that was run and that it was caught, the way M-193's block
246	250	context	UNKNOWN	87	2026-09-03	  scored unviable rather than missed. `measured_boot` had nine such. calef minted M-250 from
246	354	superseded	UNKNOWN	89	2026-09-03	  433 as `design/roadmap/354-the-mutants-nobody-counts.md` and superseded by 250 in the same act,
246	244	context	at-creation	2026-09-03	2026-09-03	  of its 196 mutants stay unreachable by construction; M-244's block carries the split.
247	244	context	at-creation	2026-09-03	2026-09-03	**Status: BUILT** on 2026-09-03. Minted the same day by calef, after M-244 named work that
247	252	context	at-creation	2026-09-03	2026-09-03	*(Status corrected by M-252's lane. It merged still reading IN-PROGRESS on its own branch,
247	94	context	at-creation	2026-09-03	2026-09-03	**And a mechanism**, because a sweep that is not made repeatable is M-94 again with a new
247	94	context	at-creation	2026-09-03	2026-09-03	   red. Without this the sweep has a shelf life and M-94 already measured it at twelve days.
247	57	context	at-creation	2026-09-03	2026-09-03	"built, then removed" was answered when calef minted `REMOVED` on 2026-08-30; M-57's
248	240	context	at-creation	2026-09-03	2026-09-03	**Status: NOT-STARTED.** Minted 2026-09-03 by calef, from M-240's (the soak reports what
248	240	context	at-creation	2026-09-03	2026-09-03	card and one build, and M-240's census explained it. The explanation makes a count the
248	240	context	at-creation	2026-09-03	2026-09-03	`#[cfg(feature = "soak")]` that M-240's census already sits behind, costing the shipped
248	219	context	at-creation	2026-09-03	2026-09-03	  shape chosen for M-219; a real system's mix is not that, and the fifteenfold figure should
249	240	context	at-creation	2026-09-03	2026-09-03	M-240's census explained it: rate tracks the number of cores free of grinders and carrying an
249	87	context	at-creation	2026-09-03	2026-09-03	same condition M-87's UEFI lane worked in and is why the deliverable is shaped the way that
249	219	context	at-creation	2026-09-03	2026-09-03	   run away to get the board back. Disarming leaves the board in M-219's understood state,
249	218	context	at-creation	2026-09-03	2026-09-03	is exactly the escape a person had before M-218 removed the need for it.
249	218	context	at-creation	2026-09-03	2026-09-03	of the only board of its kind this project owns, which M-218 already refused to write to for
249	248	context	at-creation	2026-09-03	2026-09-03	**This is not M-248** (a placement can only be drawn, never constructed, so the strongest
249	224	context	at-creation	2026-09-04	2026-09-03	firmware has actually refused reset type 1"*. It has now effectively refused, so **M-224**
249	477	context	later	2026-09-20	2026-09-03	  This refusal is M-477 (design/roadmap/477-a-power-cycled-boot-series.md), which carries it
250	246	context	at-creation	2026-09-03	2026-09-03	**Status: NOT-STARTED.** Minted 2026-09-03 by calef, from M-246's (measured boot's refusal
250	246	context	at-creation	2026-09-03	2026-09-03	  and larger hole: M-246's block already records that `system_initializer::measured` gets no
251	238	context	at-creation	2026-09-03	2026-09-03	scheduled workflows (M-238) and `script/roadmap --proposed` took for the proposal pile
251	247	context	at-creation	2026-09-03	2026-09-03	(M-247). Two signals are available and neither claims to know the answer:
251	238	context	at-creation	2026-09-03	2026-09-03	minutes, it already reports queue conditions a session should act on, and M-238 delivered
252	247	context	at-creation	2026-09-03	2026-09-03	**Status: BUILT** on 2026-09-03. Minted the same evening M-247 shipped, by calef, after a
252	16	context	at-creation	2026-09-03	2026-09-03	already exists, and it is exactly what M-16's first two items needed.
252	16	context	at-creation	2026-09-03	2026-09-03	tree rather than against the block's own prose, which is the method that found M-16's two
252	53	context	at-creation	2026-09-03	2026-09-03	  cites files the SMB removal deleted on 2026-08-30, and M-53's ranking argument rests on
252	55	context	at-creation	2026-09-03	2026-09-03	  M-55, which is `REMOVED`.
252	333	context	UNKNOWN	99	2026-09-03	`design/roadmap/333-claims-the-sweep-found-false-outside-the-roadmap.md`.
252	75	context	UNKNOWN	121	2026-09-03	  this, as the `BUGS` above says, and the sweep found a worked example of a false one: M-75
252	357	context	UNKNOWN	124	2026-09-03	  `design/roadmap/357-the-statuses-the-follow-on-gate-does-not-cover.md`.
252	358	context	UNKNOWN	129	2026-09-03	  did, is `design/roadmap/358-the-unsafe-log-page-walk-in-revoke.md`.
252	117	context	at-creation	2026-09-03	2026-09-03	- **Done.** Two of M-117's own handoffs had rotted a second time and were fixed here by
252	247	context	at-creation	2026-09-03	2026-09-03	  a sentence spliced onto the next when M-247 removed its exemption list an hour after
252	207	context	at-creation	2026-09-03	2026-09-03	- **Decision.** Whether M-207 should be `BUILT` rather than `PARTIAL` is calef's, since a
253	247	context	at-creation	2026-09-03	2026-09-03	**The condition it tests does not exist until the merge happens.** While M-247's branch was
253	247	context	UNKNOWN	81	2026-09-03	M-247 merged reading IN-PROGRESS on its own branch; the check that refuses it can only
254	133	context	at-creation	2026-09-04	2026-09-03	**Status: BUILT** (2026-09-04). Split out of M-133 (ending a permanently blocked thread,
254	133	context	at-creation	2026-09-03	2026-09-03	## Why this is separable from M-133, and why it goes first
254	133	context	at-creation	2026-09-03	2026-09-03	So it can be taken with A, with B, or alone, and taking it first costs M-133 nothing.
254	133	context	at-creation	2026-09-03	2026-09-03	M-133's block states it as a hazard for every proposal:
254	12	context	at-creation	2026-09-03	2026-09-03	`abi::Error::Gone`, so the caller returns through a path that has existed since M-12.
254	133	context	at-creation	2026-09-03	2026-09-03	- **It does not reclaim the hung component's region**, which is M-133's capacity problem and
254	133	context	at-creation	2026-09-03	2026-09-03	  motivated M-133 and is answered by a deadline on `CALL` (M-106's fork, not this
254	106	context	at-creation	2026-09-03	2026-09-03	  motivated M-133 and is answered by a deadline on `CALL` (M-106's fork, not this
254	133	context	at-creation	2026-09-03	2026-09-03	- **Recorded.** A live-but-silent server still strands its caller. That is M-133's subject
254	106	context	at-creation	2026-09-03	2026-09-03	  (ending the thread) and M-106's (a deadline on `CALL`), and it is named in this block's
254	371	context	UNKNOWN	201	2026-09-03	  unrepresentable rather than swept: `design/roadmap/371-a-reply-capability-that-names-a-call.md`.
255	193	context	at-creation	2026-09-04	2026-09-04	the kernel crate's own compile, which M-193 already pays.
255	193	context	at-creation	2026-09-04	2026-09-04	M-193's `BUGS` says why it matters rather than merely being large:
255	193	context	at-creation	2026-09-04	2026-09-04	what M-193 already refused: *"nobody should imagine a proof over the kernel"*. It is
255	244	context	at-creation	2026-09-04	2026-09-04	the arch layer stubbed) over option B (lift pure logic into crates), and M-244 later declined
255	193	context	at-creation	2026-09-04	2026-09-04	M-193's own bar and the reason its result was credible: M-191 found no harness in
255	191	context	at-creation	2026-09-04	2026-09-04	M-193's own bar and the reason its result was credible: M-191 found no harness in
255	142	context	at-creation	2026-09-04	2026-09-04	this tree had ever caught a defect, and 193 answered by reintroducing M-142's real
255	193	context	at-creation	2026-09-04	2026-09-04	  M-193's own recorded limitation and applies here with more force, since `arch/` is where the
256	247	context	at-creation	2026-09-04	2026-09-04	M-247 sweep, out of M-165's Follow-on), on the evening xenon proved it from the
256	165	context	at-creation	2026-09-04	2026-09-04	M-247 sweep, out of M-165's Follow-on), on the evening xenon proved it from the
256	165	context	at-creation	2026-09-04	2026-09-04	AML, which M-165 refused and this block does not reopen.
256	215	context	at-creation	2026-09-04	2026-09-04	**Fail loudly when they disagree rather than falling back to the constant.** That is M-215's
256	215	context	at-creation	2026-09-04	2026-09-04	  suite passes there, including the two M-215 tests that reach a `virtio-blk-pci` function
256	165	context	UNKNOWN	230	2026-09-04	M-165 predicted it on 2026-09-02 and xenon confirmed it on 2026-09-04: `PCI_BAR_PHYS` was
257	218	context	at-creation	2026-09-05	2026-09-05	byte what M-218's script already emits, which is why this is a small change rather than a
257	218	context	at-creation	2026-09-05	2026-09-05	same card-only script M-218 shipped, byte for byte, and a test asserts the constant is
257	256	context	at-creation	2026-09-05	2026-09-05	because it is M-256's own lesson arriving in a new place. The obvious discovery is a
257	256	context	at-creation	2026-09-05	2026-09-05	   defect class M-256 is about, one layer out.
257	224	context	at-creation	2026-09-05	2026-09-05	PMIC, so the board does not come back. **calef accepted manual power on 2026-09-04**; M-224
257	16	context	at-creation	2026-09-05	2026-09-05	result (M-16's remaining piece), and remote power (224, accepted as manual). Two of the
257	218	context	later	2026-09-16	2026-09-05	M-218's block as well, where the hands-free claim it supports lives.
258	193	context	at-creation	2026-09-05	2026-09-05	and M-193 fixed the reachability that caused it. A real attacker-facing parser is what that
258	99	context	at-creation	2026-09-05	2026-09-05	a fixture rather than on a running `git`, since M-99 is `NOT-STARTED`.
258	198	context	at-creation	2026-09-05	2026-09-05	  M-198, which is what makes a customer path possible, and that is a longer chain than the
258	99	context	UNKNOWN	103	2026-09-05	there is no compression code anywhere in this tree, and M-99's case for `git` as the first
259	385	prerequisite	UNKNOWN	3	2026-09-05	**Status: BUILT** (2026-09-05). Minted 2026-09-05 by calef, as the other half of M-385,
259	385	context	UNKNOWN	4	2026-09-05	`design/roadmap/385-a-note-that-cites-a-milestone-that-moved.md`, which catches the notes that
259	247	context	at-creation	2026-09-05	2026-09-05	**The precedent is M-247** (follow-on work named by a finished milestone goes nowhere),
260	257	context	at-creation	2026-09-05	2026-09-05	knows nothing about RISC-V; M-257 built it, and the ratified name says netboot rather than a
260	257	context	at-creation	2026-09-05	2026-09-05	- **No fallback, by design, and that is a real difference from M-257.** radon's card can
260	257	prerequisite	later	2026-09-14	2026-09-05	PXE needs the DHCP server to point at the boot server, which M-257 could avoid and this
261	247	context	at-creation	2026-09-05	2026-09-05	M-247's failure class (work identified by a finished piece goes nowhere) applied to a
261	87	context	at-creation	2026-09-05	2026-09-05	rather than hidden behind Intel RST"*, on a machine M-87 selected partly for VT-d. The tour
261	87	context	at-creation	2026-09-05	2026-09-05	- **Cost: nothing, and one boot.** No purchase, unlike M-87's requirements list.
261	53	context	at-creation	2026-09-05	2026-09-05	in-kernel driver M-53 built; the work is moving the queue mechanics out to a confined process
261	318	superseded	later	2026-09-17	2026-09-05	image, so M-318 replaced it with a claim the test itself establishes. Every assertion is
261	16	context	at-creation	2026-09-05	2026-09-05	Under QEMU the same driver working is the prerequisite and not the proof: M-16b already
261	260	context	at-creation	2026-09-05	2026-09-05	  M-260 names are changed. That makes an iteration loop expensive in exactly the way the
261	16	context	later	2026-09-17	2026-09-05	  test is the kernel test's `confined_by_iommu` assertion plus M-16b's escape attempts**, and
261	202	context	later	2026-09-17	2026-09-05	  what is missing to meet M-202's convention is a replayable falsification: an EL0 server
261	202	context	later	2026-09-17	2026-09-05	  so M-202's convention (a claim, a test, a replayable falsification) is met by a test rather
262	118	context	at-creation	2026-09-05	2026-09-05	`AGENTS.md` is **1,043 lines under a hard ceiling with zero headroom by design** (M-118), and
262	259	context	at-creation	2026-09-05	2026-09-05	**That is this tree's recurring shape**, named by M-259's sweep the same day: *a note gets
262	160	context	at-creation	2026-09-05	2026-09-05	the "three modules" miscount, the crates-are-in-scope justification, the M-160 extension, the
262	118	context	at-creation	2026-09-05	2026-09-05	- **`AGENTS.md` is calef's file.** A lane may not edit it (M-118 records that a lane cannot
262	160	context	later	2026-09-14	2026-09-05	the `dwarden`/`conx` evidence, the shared-module history, the M-160 extension, the noun
263	106	context	at-creation	2026-09-05	2026-09-05	**No, and therefore the userspace-timer-service answer to M-106 does not survive
263	106	context	at-creation	2026-09-05	2026-09-05	## Why a spike, and the precedent is M-106's own
263	106	context	at-creation	2026-09-05	2026-09-05	calef, 2026-09-05, on M-106's fork: **serve the timed wait from a userspace timer service
263	106	context	at-creation	2026-09-05	2026-09-05	**All four of M-106's named consumers are userspace** (`thread::sleep`, `Endpoint::RECV`'s
263	9	context	at-creation	2026-09-05	2026-09-05	| aarch64 | ambient across EL0, not holdable by one process | **wrong on both halves.** `CNTKCTL_EL1` has four independent enables, and this kernel writes ...
263	51	context	at-creation	2026-09-05	2026-09-05	## The fourth shape, which neither M-51 nor 106 lists
263	151	context	at-creation	2026-09-05	2026-09-05	([S-101](../decisions/101-notification-objects.md), decided 2026-08-20, unbuilt, M-151), and
263	106	context	at-creation	2026-09-05	2026-09-05	wakes on **either** a message or the deadline. That is M-106's own title met.
263	51	context	at-creation	2026-09-05	2026-09-05	**It is smaller than any of M-51's three shapes.** Not "block until a deadline", only "signal
263	106	context	at-creation	2026-09-05	2026-09-05	all three ISAs plus the OVMF leg), and **deleted**, which is M-106's own pricing method and
263	151	context	at-creation	2026-09-05	2026-09-05	**What it assumes about M-151, which is item 4 of the brief and is a finding rather than a
263	106	context	later	2026-09-13	2026-09-05	block did not have on 2026-09-05 because M-106's consumer census had not been run. The
263	106	context	later	2026-09-13	2026-09-05	**Whether that consumer should be served is calef's**, under S-101's carve-out and M-106's
263	151	context	at-creation	2026-09-05	2026-09-05	     M-151.
263	51	context	at-creation	2026-09-05	2026-09-05	  3. **Reopen M-51's three shapes**, which this spike does not price and `notes/timed-wait.md`
264	115	context	at-creation	2026-09-05	2026-09-05	**A provenance block where a reader meets the name**, which is M-115's mechanism and the
264	115	context	at-creation	2026-09-05	2026-09-05	Of the 60, **33 were introduced between 2026-07-14 and 2026-08-03**, and M-115 built
264	91	context	at-creation	2026-09-05	2026-09-05	  M-91 carries.
264	63	context	at-creation	2026-09-05	2026-09-05	Five renames are proposed and none is performed, which is the split this block set out: M-63
264	115	context	at-creation	2026-09-05	2026-09-05	block beside the name it is about**, which is M-115's mechanism and the reason none of these
264	63	context	at-creation	2026-09-05	2026-09-05	  the one entry point of fifty-two that runs two words together, and it survived M-63's
264	433	context	later	2026-09-19	2026-09-05	  Numbered on 2026-09-19 by M-433's drain of the pile.
264	433	context	later	2026-09-19	2026-09-05	  is saying what is prepared. Numbered on 2026-09-19 by M-433's drain of the pile, by which
264	286	context	later	2026-09-13	2026-09-05	  scripts already carry, and `gate` singular would have named one of three. Closed by M-286,
265	291	context	later	2026-09-14	2026-09-05	quietly: the crate count was written before `capability_demo_proto` arrived with M-291 on
265	388	context	later	2026-09-19	2026-09-05	M-388, `design/roadmap/388-an-acronym-sweep-the-tree-can-do-at-once.md`, named this exact pair as a
265	264	context	later	2026-09-14	2026-09-05	the constraint: M-264, writing provenance blocks for sixty unrecorded names, and milestone
265	285	context	later	2026-09-14	2026-09-05	  not claim it. `_rt` is already gone, by M-285 and for the same reason.
265	433	context	later	2026-09-19	2026-09-05	  and this milestone measured only what it tripped over. Numbered on 2026-09-19 by M-433's
265	388	context	later	2026-09-19	2026-09-05	  acronym question, and M-388 is the list that already exists for acronyms, with its `BUGS`
265	291	context	later	2026-09-18	2026-09-05	calef, 2026-09-05: it was lazy and should have been `_protocol` globally. `proto` is equally short for `prototype`, which this tree uses for a real thing, and ...
266	265	context	at-creation	2026-09-08	2026-09-08	not optional, and M-265's block carries the same constraint for the same reason.
266	7	context	at-creation	2026-09-08	2026-09-08	| `hello` | *"one binary, two roles"* that grew into the M-7-19 catalogue. On aarch64 the archive packs it **as** `init`, because that is where the ...
266	22	context	at-creation	2026-09-08	2026-09-08	console"* is the role, *"trusted init"* is M-22's title, `notes/trusted-init.md` is a
266	22	context	at-creation	2026-09-08	2026-09-08	  either way. `notes/trusted-init.md` is M-22's record and its title may be history.
266	20	context	at-creation	2026-09-08	2026-09-08	entry `init` was **M-20's `builder` demo**, and `system_initializer` was reached by its own
266	19	context	at-creation	2026-09-08	2026-09-08	shared with M-19d's test roles and carries a report endpoint and a test interrupt at slots 1
266	301	context	later	2026-09-19	2026-09-08	- **M-301.** `design/roadmap/301-one-grant-order-for-the-progenitor.md`, promoted to
266	301	context	later	2026-09-15	2026-09-08	  M-301 and SUPERSEDED there by M-166. This entry once read: the `cfg` above is
266	166	context	later	2026-09-15	2026-09-08	  M-301 and SUPERSEDED there by M-166. This entry once read: the `cfg` above is
266	296	context	later	2026-09-15	2026-09-08	  history, the way M-296's retired proposal is cited below.
266	22	context	at-creation	2026-09-08	2026-09-08	- **Recorded.** *`notes/trusted-init.md` keeps its name.* Its subject is M-22, whose title is
267	1	context	later	2026-09-13	2026-09-09	M-1: we are running our own code on a CPU with nothing underneath it.
267	2	context	later	2026-09-13	2026-09-09	M-2: and when it goes wrong, we get told.
267	3	context	later	2026-09-13	2026-09-09	M-3: and we know which parts of it are ours to give away.
267	4	context	later	2026-09-13	2026-09-09	M-4: and nothing writable is executable, and Vec works again.
267	5	context	later	2026-09-13	2026-09-09	M-5: and the machine can now interrupt us. we are preemptible.
267	6	context	later	2026-09-13	2026-09-09	M-6: and a thread that refuses to yield gets preempted anyway.
267	7	context	later	2026-09-13	2026-09-09	M-7: and now it runs a binary it did not compile, unprivileged.
267	11	context	later	2026-09-13	2026-09-09	- **The demonstration is redundant with the system existing.** At M-11, *"a userspace
267	1	context	at-creation	2026-09-09	2026-09-09	**The milestone narrative** is a demonstration. *"M-1: we are running our own code on a CPU
267	230	context	later	2026-09-13	2026-09-09	  arbitrating, which `script/shell-check`'s BUGS section documents at length and M-230
267	433	context	later	2026-09-19	2026-09-09	  M-433's drain of the pile.
267	296	context	later	2026-09-14	2026-09-09	  the block M-296 was promoted from. Answered: the switch is kept on that 7.3%, and it is
267	296	context	later	2026-09-14	2026-09-09	  M-296, by a fifth answer none of the four candidates could be: calef deleted the thing
267	230	context	later	2026-09-13	2026-09-09	  unarbitrated. The limitation is `script/shell-check`'s and M-230's, and it is **not**
268	267	context	later	2026-09-19	2026-09-09	M-267 (the tour is three things wearing one name) and its measurement. *(Number
268	182	context	later	2026-09-19	2026-09-09	finished. It read `NONE` from 2026-09-19, when M-182's lane cleared it.)* The ladder itself
268	157	context	at-creation	2026-09-09	2026-09-09	  monitor is the one working display we have. The other two grow a display path (M-157); x86
268	182	context	later	2026-09-19	2026-09-09	  with it, and M-182 (x86_64's own interactive-boot entry point) added the third
268	295	context	later	2026-09-14	2026-09-09	- **Done.** By M-295 (design/roadmap/295-retire-the-builder-program.md), which is the
268	182	context	later	2026-09-14	2026-09-09	  **Correction, 2026-09-14 (M-182's lane):** the premise that `x86_64` "has none" was false
268	161	context	later	2026-09-14	2026-09-09	  has had `x86_64` arms since M-161 (the x86_64 kernel port), which is why the x86 archive
268	184	context	later	2026-09-14	2026-09-09	  packs every portable program and `std_exerciser` ran there at M-184; and the same day the progenitor itself was loaded
268	286	context	later	2026-09-14	2026-09-09	Exit 1 is what fails CI: `boot-check` is a `local` row in `script/ci-build`'s table (M-286's
268	267	context	later	2026-09-14	2026-09-09	   stays in `kernel/src/main.rs` (M-267's lint reads it there by name) and is now called
268	286	context	later	2026-09-14	2026-09-09	   (M-286's one enumeration), named by CI's test job beside `test` and `shell-check`.
268	182	context	later	2026-09-14	2026-09-09	and M-182 for the entry point. `crates/board_console`'s `Stage::Prompt` says so in its own
268	295	context	later	2026-09-14	2026-09-09	`design/roadmap/295-retire-the-builder-program.md` now, listed under Follow-on above. The
268	295	context	later	2026-09-14	2026-09-09	it the same day, *"Retire builder"*, and M-295 performed it.
268	182	context	later	2026-09-14	2026-09-09	Built in one lane with M-182, whose block carries the entry point in full.
268	400	context	later	2026-09-19	2026-09-09	M-400 (the shell on the firmware's screen). Six minutes on a gate a person runs
268	409	context	later	2026-09-19	2026-09-09	  report what machine they ran on. It is M-409
268	409	context	later	2026-09-19	2026-09-09	  (`design/roadmap/409-one-machine-description-not-two.md`), which is listed under Follow-on
269	268	context	at-creation	2026-09-09	2026-09-09	**Status: NOT-STARTED.** Minted 2026-09-09 by calef, in the same conversation as M-268:
269	182	prerequisite	at-creation	2026-09-09	2026-09-09	**Depends on 268 and on every architecture reaching a prompt** (M-182 for x86_64).
269	433	context	later	2026-09-19	2026-09-09	- **M-391.** Numbered on 2026-09-19 by M-433's drain of the pile. It has no
270	268	context	at-creation	2026-09-10	2026-09-10	reviewing M-268's parity plan. *(Number provisional until the merge queue lands it.)*
270	164	context	at-creation	2026-09-10	2026-09-10	rather than a bug" (M-164's shape: a scope gap named where the reader meets the feature).
270	165	context	at-creation	2026-09-10	2026-09-10	2. Confirm the four sites above stop skipping and pass under q35's PCI enumeration (M-165),
270	182	context	at-creation	2026-09-10	2026-09-10	- **None.** Once the four sites pass, this does not touch M-182 or DECISIONS S-149; it is
271	161	context	at-creation	2026-09-10	2026-09-10	**Outstanding** in M-161 (the x86_64 kernel port), checked 2026-09-03 and still
271	186	context	at-creation	2026-09-10	2026-09-10	unmeasured, and referenced but not answered by M-186 (derive the architecture list),
271	335	context	later	2026-09-19	2026-09-10	is what M-335 (the `ctx_switch` number on real RISC-V silicon) already measured on the
271	421	context	later	2026-09-19	2026-09-10	M-421's correction read in the other direction: 421 carried `NONE` while owing a decision,
271	134	context	at-creation	2026-09-10	2026-09-10	2. **Measure the cost**, the same way M-134's register measures everything else: a context-
271	161	context	later	2026-09-14	2026-09-10	calef, 2026-09-10. Outstanding since M-161, checked 2026-09-03, never measured.
272	268	context	at-creation	2026-09-10	2026-09-10	- **None.** Self-contained; does not touch M-268's boot ladder or DECISIONS S-149.
273	134	context	at-creation	2026-09-10	2026-09-10	`ipc_thread_scaling` (M-134's E1, IPC latency versus thread count) and `app_displacement`
273	134	context	at-creation	2026-09-10	2026-09-10	   register-of-measures shape M-134 already uses for the other two architectures.
275	191	followon	at-creation	2026-09-11	2026-09-11	meantime, and the corrections are part of this milestone rather than a follow-on: M-191's
275	191	context	at-creation	2026-09-11	2026-09-11	- **Risk 2** cited M-191 as `RUN, 2026-08-30. AMBER`, and that was true. M-191's own
275	306	context	later	2026-09-19	2026-09-11	measures it (`design/roadmap/306-time-the-hw-entropy-step.md`) merged and gave a real number.
275	164	context	at-creation	2026-09-11	2026-09-11	- **Risk 9** cited M-164 as blocking (no `fs_server`) ten days after 164 was `BUILT`, and
275	177	context	at-creation	2026-09-11	2026-09-11	cited M-177's premise a day after that premise stopped holding (`DECISIONS S-149`).
275	191	context	at-creation	2026-09-11	2026-09-11	simplest version: a risk marked with a specific milestone's status word (e.g. "M-191
275	161	context	at-creation	2026-09-11	2026-09-11	started; a status word the file spells out (`M-161 is PARTIAL`) that the record contradicts;
275	85	context	at-creation	2026-09-11	2026-09-11	running-order row over a `BUILT` owner (row 5 owns risk 3 to M-85, which is built, while its
275	191	context	at-creation	2026-09-11	2026-09-11	| M-191 back to `NOT-STARTED` | two findings, `experiment-ran` at risk 2 and `running-order` at the table: *"A struck row and a NOT-STARTED owner ...
275	164	prerequisite	at-creation	2026-09-11	2026-09-11	| risk 9's milestone-164 correction | `as-of`: *"risk 9 was last dated 2026-08-30 and cites M-164, which the roadmap records as BUILT on 2026-09-01"* ...
275	306	context	later	2026-09-19	2026-09-11	| risk 6's instrument correction | `proposal-moved`: *"risk 6 was last dated 2026-09-05 and cites `design/roadmap/306-time-the-hw-entropy-step.md` as work that ...
275	177	context	at-creation	2026-09-11	2026-09-11	that M-177's premise was overtaken by `DECISIONS S-149`, which no status field encodes and
275	85	context	at-creation	2026-09-11	2026-09-11	proxy. It also fires on a gap of one day: risk 3 was dated 2026-08-03 against M-85's
275	191	context	at-creation	2026-09-11	2026-09-11	demanded: M-191's status, and dated corrections to risks 3, 6 and 9.
275	277	context	later	2026-09-19	2026-09-11	nothing since, so the re-run this gate made visible was nobody's until M-277 bounded the
276	275	context	at-creation	2026-09-11	2026-09-11	lands it; M-275 is in flight ahead of it.)*
276	247	followon	at-creation	2026-09-11	2026-09-11	one (M-247, follow-on work named by a finished milestone goes nowhere, and this is the third
276	115	context	at-creation	2026-09-11	2026-09-11	`decisions()` each parse a single README. Naming provenance lives *at the name* (M-115's
276	115	context	at-creation	2026-09-11	2026-09-11	**2026W29 (2026-07-15)**. Provenance blocks did not exist until **M-115, 2026-08-04
276	236	context	at-creation	2026-09-11	2026-09-11	is M-236's (three derivations are copied between scripts, and nothing notices when they
276	115	context	at-creation	2026-09-11	2026-09-11	**The band found something the block did not predict.** It survives two weeks past M-115 and
276	115	context	at-creation	2026-09-11	2026-09-11	is exactly seven names, all of them Cargo packages: M-115 covered three surfaces and a
276	256	context	at-creation	2026-09-11	2026-09-11	number the ordinary way (M-256, x86_64 places PCI BARs in a hardcoded window, and on xenon
277	247	context	at-creation	2026-09-12	2026-09-11	**Status: BUILT** (2026-09-12). Written by the M-247 sweep as a proposal on 2026-09-03, from
277	238	context	at-creation	2026-09-11	2026-09-11	M-238's block. **Promoted out of the proposal queue on 2026-09-11 by calef**, who asked for the
277	238	context	at-creation	2026-09-12	2026-09-11	**This was ungated, and it stayed ungated.** Three shapes were priced in M-238's block and
277	238	context	later	2026-09-03	2026-09-11	not producing results: four scheduled runs, four failures, zero reports before M-238. A run
277	238	context	later	2026-09-03	2026-09-11	## The three shapes, from M-238's own pricing
277	117	context	at-creation	2026-09-12	2026-09-11	`ubuntu-24.04-arm` and the dev Mac is Apple Silicon. This is M-117's stranger-test class
278	115	context	at-creation	2026-09-12	2026-09-12	(M-115's unratified worklist). The question that produced it was not a naming question:
278	191	context	at-creation	2026-09-12	2026-09-12	That is M-191's finding in miniature. 191 found that no harness in this tree had ever caught
278	244	context	at-creation	2026-09-12	2026-09-12	**Four exclusion lists, and M-244 already found them drifting.** `script/lint`'s two clippy
278	433	context	later	2026-09-19	2026-09-12	Not scoped here; numbered on 2026-09-19 by M-433's drain of the pile.
278	244	context	later	2026-09-14	2026-09-12	down. Touches the four exclusion lists M-244 found drifting. Does not settle whether `user_rt` keeps its name.
280	247	context	at-creation	2026-09-13	2026-09-13	**Status: BUILT.** Written by the M-247 sweep as a proposal on 2026-09-03, from
280	238	context	at-creation	2026-09-13	2026-09-13	M-238's block. **Promoted out of the proposal queue on 2026-09-13 by calef**, who asked what
280	244	context	at-creation	2026-09-13	2026-09-13	is the `system_initializer` result (M-244) and the `uefi_loader` result (2026-09-04) a third
280	244	context	at-creation	2026-09-13	2026-09-13	that M-244's block is the template for**: an accepted score with a written reason beats a
280	381	context	later	2026-09-19	2026-09-13	its 790 firmware lines get lifted the way `handoff` and `image` were is M-381,
280	381	context	later	2026-09-19	2026-09-13	`design/roadmap/381-the-uefi-loaders-firmware-half-is-proved-by-one-boot.md`.
280	277	prerequisite	later	2026-09-19	2026-09-13	2026-09-14 once M-277's memory bound landed, and he read it on 2026-09-19: risk 3 is
280	247	context	at-creation	2026-09-14	2026-09-13	Written by the M-247 sweep 2026-09-03, promoted 2026-09-13 by calef while working out what
281	282	context	at-creation	2026-09-13	2026-09-13	**What makes that safe to do rather than merely tempting is M-282**, minted and decided the
281	126	context	at-creation	2026-09-13	2026-09-13	flagged provisional in M-126, on the argument that `watch` is what upstream `procps` calls
281	115	context	at-creation	2026-09-13	2026-09-13	The provenance blocks lived at the things themselves (M-115's shape), so they died with the
281	126	context	at-creation	2026-09-13	2026-09-13	- **`design/roadmap/126-who-else-is-running.md` still describes `watch` in the present tense.** It is
281	158	context	at-creation	2026-09-13	2026-09-13	`user/src/watch.rs:171` as one of its spin-yield sites. `design/roadmap/158-kernel-object-rename-build.md`
281	126	context	at-creation	2026-09-13	2026-09-13	- **Recorded.** `design/roadmap/126-who-else-is-running.md` still describes `watch` in the present tense, and it is
282	126	context	at-creation	2026-09-13	2026-09-13	**Status: NOT-STARTED.** Minted 2026-09-13, when calef ruled M-126's eighteen-day-old fork.
282	126	context	at-creation	2026-09-14	2026-09-13	Minted 2026-09-13 when calef ruled M-126's eighteen-day-old fork; the decision is S-150.
283	264	context	at-creation	2026-09-13	2026-09-13	`//! **Name: ratified 2026-09-08 (calef, M-264).**` and the parse is
283	264	followon	at-creation	2026-09-13	2026-09-13	The two records were fixed by [M-264's follow-up](https://github.com/crickertech/nife/pull/825).
283	276	context	at-creation	2026-09-13	2026-09-13	That file's line 24 begins a paragraph `Name: provisional, minted by M-276's lane on
283	115	context	at-creation	2026-09-13	2026-09-13	That is a real provenance record, written at the thing exactly as M-115 asks, for
283	433	context	later	2026-09-19	2026-09-13	"widen". Numbered on 2026-09-19 by M-433's drain of the pile.
284	266	context	at-creation	2026-09-13	2026-09-13	against `main`: M-266 wrote down the policy for this and carried out three cases of it.
284	266	context	at-creation	2026-09-13	2026-09-13	## Why this exists: a clause of M-266's own policy, not carried out
284	175	context	at-creation	2026-09-13	2026-09-13	`kernel/src/user.rs` cited `user/src/system_initializer.rs`, a path M-175 moved.
284	266	followon	at-creation	2026-09-13	2026-09-13	M-266's `## Follow-on`, which the maintainer is handling; this lane did not touch it.
284	19	context	at-creation	2026-09-13	2026-09-13	the first process. They are M-19d/19e test roles in which the `hello` catalogue plays the
284	433	context	later	2026-09-19	2026-09-13	Held out of this milestone because a name is calef's. Numbered on 2026-09-19 by M-433's
284	405	context	later	2026-09-19	2026-09-13	drain of the pile and `SUPERSEDED` in the same act by M-405, which turns these six
285	63	context	at-creation	2026-09-13	2026-09-13	264 called it "a circle rather than a reason" in the crate's own provenance block, and M-63's
285	175	context	at-creation	2026-09-13	2026-09-13	earlier.** When M-175 moved `user/link.ld` to `crates/user_rt/link.ld`, two `build.rs` files
285	68	context	later	2026-09-19	2026-09-13	- **A quotation from M-68's block**, inside what is now
285	345	context	later	2026-09-19	2026-09-13	`design/roadmap/345-pure-halves-of-the-user-rt-crates.md`, for the same reason. That block's own
285	345	context	later	2026-09-19	2026-09-13	`design/roadmap/345-pure-halves-of-the-user-rt-crates.md`. The obstacle this entry named is gone:
285	433	context	later	2026-09-19	2026-09-13	M-433 numbered it on 2026-09-19 and M-68's bullet became `**M-345.**` with
285	68	context	later	2026-09-19	2026-09-13	M-433 numbered it on 2026-09-19 and M-68's bullet became `**M-345.**` with
285	63	context	at-creation	2026-09-14	2026-09-13	uses) where `EL0` (1375), `U-mode` (252) and `ring 3` (123) are each one architecture's, so `el0_runtime` was refused under rule 5 for a crate that ships on ...
285	68	context	at-creation	2026-09-14	2026-09-13	enumeration; the `uheap` refusal record, a quoted commit subject and a M-68 quotation kept
286	440	context	later	2026-09-19	2026-09-13	calef**: M-440, `design/roadmap/440-what-no-arguments-means.md`, states the options, their
286	62	context	at-creation	2026-09-13	2026-09-13	| `.github/workflows/ci.yml` | `script/icount` "is not in script/test and it is not in script/gates" | it had been in `script/gates` since M-62 ...
286	433	context	later	2026-09-19	2026-09-13	the mechanism shipped under the recommendation. Numbered on 2026-09-19 by M-433's drain
286	274	context	at-creation	2026-09-13	2026-09-13	the integrator with file, line and replacement: `design/roadmap/274-apple-silicon-isa-support.md`
286	341	context	later	2026-09-19	2026-09-13	`design/roadmap/341-instruments-nothing-runs.md`, whose `Gate:` line asked which instrument joins
286	433	context	later	2026-09-21	2026-09-13	the retired script and was corrected when M-433 (drain the proposal pile to zero, and keep it there) numbered it on 2026-09-19. The other fifteen ...
286	433	context	later	2026-09-19	2026-09-13	Numbered on 2026-09-19 by M-433's drain of the pile, with the note that M-287's
286	287	context	later	2026-09-19	2026-09-13	Numbered on 2026-09-19 by M-433's drain of the pile, with the note that M-287's
287	283	context	at-creation	2026-09-13	2026-09-13	`script/lint` check 5 and M-283 both refuse to grow, and the line costs them nothing.
287	283	context	at-creation	2026-09-13	2026-09-13	**A backticked mention is prose, not a call**, which is M-283's rule reused rather than
287	433	context	later	2026-09-19	2026-09-13	hundred megabytes, not correctness. Numbered on 2026-09-19 by M-433's drain of the pile.
287	288	context	at-creation	2026-09-14	2026-09-13	M-288 has since absorbed and closed (`design/roadmap/288-host-tests-that-assume-an-aarch64-host.md`);
288	161	context	at-creation	2026-09-14	2026-09-14	and had to move the day x86_64 became a target (M-161). That number now goes through a
288	161	context	at-creation	2026-09-14	2026-09-14	precise shape of the M-161 trap; the choice cannot disagree with the bytes.
288	433	context	later	2026-09-19	2026-09-14	was filed rather than done here. Numbered on 2026-09-19 by M-433's drain of the pile.
288	277	context	at-creation	2026-09-14	2026-09-14	(M-277 on 2026-09-12, and a second lane on 2026-09-13) after `cargo test -p elf` failed 20
289	20	context	at-creation	2026-09-14	2026-09-14	# 289. Does M-20's RISC-V tour still earn its place?
289	266	context	at-creation	2026-09-14	2026-09-14	shell, terminal sink, job undertaker, one program on three architectures since M-266, gated
289	19	context	at-creation	2026-09-14	2026-09-14	`spawn_progenitor` enters it directly **for M-19d's test roles**, and `trust::require`
289	433	context	later	2026-09-19	2026-09-14	automatically. That is what made a live step look dead. Numbered on 2026-09-19 by M-433's
289	268	context	later	2026-09-19	2026-09-14	drain of the pile, with the headline narrowed: `script/boot-check` (M-268, the same day
289	295	context	later	2026-09-17	2026-09-14	retired `builder` on 2026-09-14 (M-295) and the file went with it. The note is now the only
289	311	context	later	2026-09-17	2026-09-14	*(Both bullets above were edited by M-311's lane, which is not this block's own, and the
289	295	context	later	2026-09-17	2026-09-14	edit was forced by a gate. They cited a file M-295 deleted, and `script/roadmap --check`
289	175	context	later	2026-09-17	2026-09-14	that check's list of real directories still said `user/`, which M-175 split in two, so it
289	406	context	later	2026-09-19	2026-09-14	indistinguishable from a grep. Written up as M-406,
289	406	context	later	2026-09-19	2026-09-14	`design/roadmap/406-nothing-in-ci-boots-the-riscv-tour.md`.
290	117	context	at-creation	2026-09-14	2026-09-14	**The failure this guards against is a second capability list.** That is M-117's stranger-run
290	265	prerequisite	at-creation	2026-09-14	2026-09-14	## What M-265 needs to know, and this block does not edit it
290	265	context	at-creation	2026-09-14	2026-09-14	`design/roadmap/265-proto-is-a-truncation-not-an-abbreviation.md` owns `ntp_proto` →
290	106	context	at-creation	2026-09-14	2026-09-14	- **`design/roadmap/106-deadline-wait.md` cites `components/src/ntp.rs:44`, `:188`** in its table of
290	298	context	later	2026-09-19	2026-09-14	the sixth; `multicast_dns_responder`'s retirement at M-298 has since left five.
290	433	context	later	2026-09-19	2026-09-14	2026-09-19 by M-433's drain of the pile. **The prose on this bullet was not this
291	266	context	at-creation	2026-09-14	2026-09-14	> *"The limitation that used to be recorded here is closed (M-266). It read that the name
291	229	context	at-creation	2026-09-14	2026-09-14	kernel's own test starts it directly, because M-229 shipped the grant mechanism without a
291	24	context	at-creation	2026-09-14	2026-09-14	no reader can tell, which is the rule `MAGIC`'s own block records for M-24's 4-to-6 move.
291	268	context	at-creation	2026-09-14	2026-09-14	(`ROLES_ENTRY`). That is exactly where M-268 was rebuilding the boot sequence on all
291	433	context	later	2026-09-19	2026-09-14	M-433's drain of the pile. `spawn_progenitor` (`spawn_hello` since milestone
291	268	prerequisite	at-creation	2026-09-15	2026-09-14	their own image. Gated on M-268, which was rebuilding that function beside this lane. It
291	268	followon	at-creation	2026-09-14	2026-09-14	Minted 2026-09-14 by the maintainer on calef's ruling the same day (*"31 role binary is not the right shape. If there is anything left then we can consider a ...
292	50	prerequisite	at-creation	2026-09-14	2026-09-14	Nothing at a prompt builds one, which notes/pipes.md has recorded since M-50.
292	50	context	at-creation	2026-09-14	2026-09-14	`design/roadmap/50-pipes-and-redirection.md` and `design/decisions/51-sink-protocol.md` both cite
293	433	context	later	2026-09-19	2026-09-14	- **M-407.** Numbered on 2026-09-19 by M-433's drain of the pile.
293	115	context	at-creation	2026-09-14	2026-09-14	which is M-115's own rule.
294	16	superseded	at-creation	2026-09-14	2026-09-14	them reads worse in a narrow table than what it replaced (M-16's parenthetical recast).
295	20	context	at-creation	2026-09-14	2026-09-14	`components/src/builder.rs` was M-20's richer-initrd demonstration. The RISC-V boot tour
295	406	context	later	2026-09-19	2026-09-14	ever executed `builder` (M-406, `design/roadmap/406-nothing-in-ci-boots-the-riscv-tour.md`).
295	19	context	later	2026-09-19	2026-09-14	`address_space_witness` gets two verbs in from userspace and stops where M-19b stopped,
295	404	context	later	2026-09-19	2026-09-14	authority, which is a different property, and neither carries it. Written up as M-404,
295	404	context	later	2026-09-19	2026-09-14	`design/roadmap/404-composing-a-process-from-two-capabilities.md`.
295	285	context	at-creation	2026-09-14	2026-09-14	**The proposal's path was stale**: it said `crates/user_rt/`, and M-285 renamed that crate
295	139	context	at-creation	2026-09-14	2026-09-14	M-139 collapsed rather than a description of today.
295	289	context	at-creation	2026-09-14	2026-09-14	consulting `measured_boot::PROGRAM_MEASUREMENTS`, and M-289 had added a caveat there saying
295	433	context	later	2026-09-19	2026-09-14	Numbered on 2026-09-19 by M-433's drain of the pile.
295	289	context	at-creation	2026-09-14	2026-09-14	from the source, the same limitation M-289 recorded.
295	268	context	later	2026-09-19	2026-09-14	Promoted from the 2026-09-14 proposal that asked calef one sentence and got it: *"Retire builder"*, option (b). M-20's richer-initrd demo composed a ...
295	404	context	later	2026-09-19	2026-09-14	Promoted from the 2026-09-14 proposal that asked calef one sentence and got it: *"Retire builder"*, option (b). M-20's richer-initrd demo composed a ...
296	267	context	at-creation	2026-09-14	2026-09-14	`design/roadmap/proposals/two-boot-mode-features-for-one-decision.md`, written by M-267's
296	63	context	at-creation	2026-09-14	2026-09-14	shell commands that M-63 swept the tree for on 2026-08-01; this one survived that sweep
296	19	context	at-creation	2026-09-14	2026-09-14	`initboot` was minted on 2026-07-25 for M-19d.2c, and it named a real difference: **the
296	41	context	at-creation	2026-09-14	2026-09-14	and M-41 deleted it, so `--features shell` started handing off to the progenitor too:
296	267	context	at-creation	2026-09-14	2026-09-14	out of the space the two features were dividing. By 2026-09-09 M-267's lane measured the
296	267	context	at-creation	2026-09-14	2026-09-14	before M-267 changed anything, and reproduced here unchanged because it is what makes the
296	267	context	at-creation	2026-09-14	2026-09-14	needing a kernel privilege, which is why M-267 left them where they are.
296	401	context	later	2026-09-19	2026-09-14	M-401, `design/roadmap/401-a-gate-that-selects-the-set-it-judges.md`, is the class of
296	265	context	later	2026-09-19	2026-09-14	failure this could have been, and M-265 is the worked example: a check that computed the set it judged
296	373	context	later	2026-09-19	2026-09-14	shape of the real answer is `design/roadmap/373-board-only-features-nothing-compiles.md`,
296	373	context	later	2026-09-19	2026-09-14	- **M-373.** `design/roadmap/373-board-only-features-nothing-compiles.md`: `job_mix`,
296	267	context	at-creation	2026-09-14	2026-09-14	Promoted from the 2026-09-09 proposal M-267's lane wrote and was told not to act on. `script/initboot` was the only `script/` entry point running two ...
296	297	context	at-creation	2026-09-14	2026-09-14	Promoted from the 2026-09-09 proposal M-267's lane wrote and was told not to act on. `script/initboot` was the only `script/` entry point running two ...
297	295	context	at-creation	2026-09-14	2026-09-14	The brief said both QEMU captures **can be re-taken**, unlike M-295's silicon capture, and
297	219	context	at-creation	2026-09-14	2026-09-14	`crossings=21, wakes=0` is asserted on purpose, as the tripwire for M-219's finding that a
297	373	context	later	2026-09-19	2026-09-14	(the first two are `design/roadmap/373-board-only-features-nothing-compiles.md` and
297	379	context	later	2026-09-19	2026-09-14	`design/roadmap/379-select-the-padding-at-boot-not-at-compile-time.md` since M-433
297	433	context	later	2026-09-19	2026-09-14	`design/roadmap/379-select-the-padding-at-boot-not-at-compile-time.md` since M-433
297	63	context	later	2026-09-18	2026-09-14	the same exception `design/naming.md`'s own `BUGS` records for M-63. The integrator or a
297	373	context	later	2026-09-19	2026-09-14	`design/roadmap/373-board-only-features-nothing-compiles.md` proposes exactly this gate, and
297	373	context	later	2026-09-19	2026-09-14	- **M-373.** `design/roadmap/373-board-only-features-nothing-compiles.md`, which already
297	295	context	at-creation	2026-09-14	2026-09-14	calef was shown `script/soak` and ruled `soak-test`, against a maintainer recommendation to keep it; the losing argument is recorded on the script because it ...
298	55	context	at-creation	2026-09-14	2026-09-14	mount) was removed from the tree on 2026-08-30, the day M-55 (Time Machine) was retired.
298	384	context	later	2026-09-19	2026-09-14	M-384, `design/roadmap/384-a-name-resolver-and-who-holds-it.md`, says outright it does
298	55	context	at-creation	2026-09-14	2026-09-14	- **`BUILT` and `REMOVED` blocks are accounts and keep their words**, M-55 and M-265
298	265	context	at-creation	2026-09-14	2026-09-14	- **`BUILT` and `REMOVED` blocks are accounts and keep their words**, M-55 and M-265
298	54	context	at-creation	2026-09-14	2026-09-14	- **`notes/mdns.md` follows the precedent M-54's removal set for `notes/smb.md`**, whatever that
298	384	context	later	2026-09-19	2026-09-14	beside the Time Machine records. A future unicast resolver, M-384 in
298	384	context	later	2026-09-19	2026-09-14	`design/roadmap/384-a-name-resolver-and-who-holds-it.md`, would want that half. calef ruled to
298	384	context	later	2026-09-19	2026-09-14	`design/roadmap/384-a-name-resolver-and-who-holds-it.md`, M-384 since 2026-09-19.
299	268	context	at-creation	2026-09-15	2026-09-15	trap on first port access (M-268's x86 boot builds them and they trap, which is the gap
299	268	context	at-creation	2026-09-15	2026-09-15	the next port access. `board-check`'s x86 leg reaches the prompt (the top rung M-268 left
299	268	context	at-creation	2026-09-15	2026-09-15	exception. Consumes M-268/182's x86 userspace boot; reaches the x86 prompt that milestone
300	237	context	at-creation	2026-09-15	2026-09-15	re-baselined to absorb it. That was wrong: M-237 ships the cycle-counter grant OFF, so the
300	299	context	at-creation	2026-09-15	2026-09-15	cost was a removable regression, an un-`#[cfg]`'d switch tuple, the same class M-299 fixed
300	299	context	at-creation	2026-09-15	2026-09-15	(surfaced by M-299's lane, PR #883). The finding, verbatim, then what the decomposition
300	139	context	at-creation	2026-09-15	2026-09-15	cycle-counter grant at the context switch"*, **M-139 / DECISIONS 139 option 4**. It adds a
300	299	context	at-creation	2026-09-15	2026-09-15	in the shipping switch. This is the exact class M-299 fixed for the port grant, and the fix
300	302	context	at-creation	2026-09-15	2026-09-15	M-302, which folds in calef's second ruling of the same day: that a `--save` records its
300	139	context	at-creation	2026-09-15	2026-09-15	commit, M-139's cycle-counter grant at the context switch (`57399c34`). PR #885's first pass
300	237	context	at-creation	2026-09-15	2026-09-15	grant ships OFF since M-237, so the cost was a removable residual, the const-`false`
301	166	context	at-creation	2026-09-15	2026-09-15	**Status: SUPERSEDED.** 2026-09-15, by M-166. *(Number provisional until the merge queue
301	266	context	at-creation	2026-09-15	2026-09-15	lands it.)* Written 2026-09-08 as an unnumbered proposal, raised by M-266, which unified the
301	19	context	at-creation	2026-09-15	2026-09-15	M-166 did precisely what *What it would take* below asks for. It split M-19d's test
301	299	context	at-creation	2026-09-15	2026-09-15	page on aarch64 and riscv64 against an `x86_64` `PortRange` (M-299, DECISIONS S-121 reversed
301	166	context	at-creation	2026-09-15	2026-09-15	`spawn_progenitor` and `riscv_shell_boot`, which M-166 renamed to `spawn_hello` and
301	19	context	later	2026-09-08	2026-09-15	component waits for. They are there because **aarch64's boot path is shared with M-19d's
301	266	context	at-creation	2026-09-15	2026-09-15	Raised by M-266 as an unnumbered proposal on 2026-09-08: `components/src/progenitor.rs` held
301	19	context	at-creation	2026-09-15	2026-09-15	two `BootEndowment` tables under a `cfg`, because aarch64's boot path was shared with M-19d's
302	299	context	at-creation	2026-09-15	2026-09-15	of the finding M-299's lane surfaced (originally
302	139	context	at-creation	2026-09-15	2026-09-15	one code change (M-139's cycle-counter grant at the context switch). So the specific alarm
302	300	context	at-creation	2026-09-15	2026-09-15	# why: M-300 recovered the cycle-counter switch-tuple residual (~33 ticks/switch)
302	300	context	at-creation	2026-09-15	2026-09-15	happened. That `why` is the ledger, and it is precisely what M-300 had to reconstruct by
302	300	context	at-creation	2026-09-15	2026-09-15	to the nightly, a cause M-300 later measured at **~0**. An automatic re-baseline is that
302	300	context	at-creation	2026-09-15	2026-09-15	regression into the floor is the failure M-300 exists to prevent, one level out; option 1
302	300	context	at-creation	2026-09-15	2026-09-15	`rust-toolchain.toml`'s pin disagree. Promoted from Decision 2 of M-300's finding with
303	184	context	at-creation	2026-09-16	2026-09-16	`design/roadmap/proposals/an-fs-service-with-no-disk-on-x86-64.md`, written by M-184's lane
303	215	context	at-creation	2026-09-16	2026-09-16	on 2026-09-14. Minted **Gate: NONE**, on the grounds that M-215 had already routed a PCI
303	164	context	at-creation	2026-09-16	2026-09-16	function's interrupt to a userspace driver on this port and M-164 had already packed
303	37	context	at-creation	2026-09-16	2026-09-16	disk, 1 the RedoxFS image, 2 M-37's crash disk, 3 and 4 M-57's GPT and blank disks)
303	57	context	at-creation	2026-09-16	2026-09-16	disk, 1 the RedoxFS image, 2 M-37's crash disk, 3 and 4 M-57's GPT and blank disks)
303	164	context	at-creation	2026-09-16	2026-09-16	Wiring the disk produced one line of QEMU stderr that M-164's lane had also seen and could
303	164	context	at-creation	2026-09-16	2026-09-16	did not exist on this architecture before (277 tests compiled here, now 278). Unlike M-164's
303	195	context	at-creation	2026-09-16	2026-09-16	is one `-device` line in that script, deliberately not added here: M-195 put the suite under
303	57	context	at-creation	2026-09-16	2026-09-16	counting to it, which is M-57's roster half-built already and not this milestone's work.
303	37	context	at-creation	2026-09-16	2026-09-16	- **x86_64 gets one fixture of five.** The RedoxFS image is attached; M-37's crash disk and
303	57	context	at-creation	2026-09-16	2026-09-16	M-57's GPT and blank disks are not, so `crash_disk_present`, `disk_service::start` and
303	37	context	later	2026-09-19	2026-09-16	- **M-420.** The remaining x86_64 fixtures and devices (M-37's crash disk, milestone
303	215	context	later	2026-09-19	2026-09-16	57's GPT and blank disks, and the NIC, GPU, keyboard and RNG M-215 listed). Nothing
303	87	context	at-creation	2026-09-16	2026-09-16	two, `std_exerciser`'s `std::fs` half among them, and M-87 (the x86_64 bare-metal machine) gains a boot
303	57	context	at-creation	2026-09-16	2026-09-16	ordered mmio-slots-then-PCI-functions, which is the order M-57's roster already promised its
303	164	context	at-creation	2026-09-16	2026-09-16	QEMU fault M-164 saw is now explained and measured: it is the unit refusing a virtio function
304	255	context	at-creation	2026-09-16	2026-09-16	`design/roadmap/proposals/the-prover-only-ever-sees-one-architecture.md`, written by M-255's
304	255	context	at-creation	2026-09-16	2026-09-16	runner. `arch/riscv64/iommu.rs`'s own property, which M-255 was careful to say has no
304	255	context	at-creation	2026-09-16	2026-09-16	lands inside `GSI_VECTOR_BASE..MSI_VECTOR_BASE`. The same shape as M-255's
304	255	context	at-creation	2026-09-16	2026-09-16	M-255 wrote them, facing the other way, and went unnoticed because every machine here was
304	255	context	at-creation	2026-09-16	2026-09-16	`arch.aarch64.iommu` patches since M-255 and unnoticed because every machine here was
304	319	context	later	2026-09-19	2026-09-16	harnesses and no `script/verify` row; **M-319 proved that crate on 2026-09-17**, so 431 is
304	423	context	later	2026-09-19	2026-09-16	the direct map, which is M-423. Finding that seam wants a lane; it is
305	202	context	at-creation	2026-09-16	2026-09-16	all carry over, and the evidence that they carry over cleanly is that M-202's existing patch
305	41	context	at-creation	2026-09-16	2026-09-16	### A confinement test that could not fail, and had not been able to since M-41
305	202	context	at-creation	2026-09-16	2026-09-16	wait, so an escape is reported rather than waited out.** It is the same move M-202 made for
305	214	context	at-creation	2026-09-16	2026-09-16	attempted. Calling it green would be the manufactured fact M-214's skip accounting exists
305	41	context	at-creation	2026-09-16	2026-09-16	M-210 built `cargo xtask test --test <substring>` on 2026-08-31 and nothing connected it to the six kernel confinement rows in ...
306	159	context	at-creation	2026-09-16	2026-09-16	`PROPOSED`, which is what surfaced this. Written by M-159's third lane, from that
306	159	context	later	2026-09-10	2026-09-16	**The `HARDWARE` half.** Follow M-159's bench procedure and read the `hw entropy` line: it
306	392	context	later	2026-09-19	2026-09-16	The scan's own behaviour is a separate question and is M-392,
306	392	context	later	2026-09-19	2026-09-16	`design/roadmap/392-a-legacy-virtio-mmio-slot-panics-the-scan.md`.
307	211	context	at-creation	2026-09-16	2026-09-16	assertion as the only live one, four weeks after M-211 made it the dead one.
308	304	context	at-creation	2026-09-16	2026-09-16	M-304's lane. *(Number provisional until the merge queue lands it.)*
308	304	context	at-creation	2026-09-16	2026-09-16	**Found by proof, M-304**, the first time a model checker compiled `kernel/src/arch/x86_64/`
308	161	context	at-creation	2026-09-16	2026-09-16	formality: `enable`'s own doc records M-161's bug surfacing as `gsi 34 is outside the IO
308	304	context	at-creation	2026-09-16	2026-09-16	assumption **was** the finding: M-304 wrote it as this proposal standing in the harness until
308	304	context	at-creation	2026-09-16	2026-09-16	after M-304, so choosing it would have cost nothing and fixed nothing. The documentation
308	161	context	at-creation	2026-09-16	2026-09-16	provisional (M-161). The function now maps a *redirection index* into the vector space; the
308	304	context	at-creation	2026-09-16	2026-09-16	GSI 210 onto **vector 2, the NMI**: legal ACPI, found by proof in M-304, unreachable by any
309	16	context	at-creation	2026-09-17	2026-09-17	`xenon`, and on every part ever made. That is M-16a's "implausibly exact 100.00" again, with
309	74	context	at-creation	2026-09-17	2026-09-17	byte: `bench/baseline-*.txt` readers meet both, and M-74's block records a riscv64 reading
309	74	context	at-creation	2026-09-17	2026-09-17	output and deliberate. Levelling up rather than down: M-74's block is largely an account of
309	74	context	at-creation	2026-09-17	2026-09-17	100.00` under QEMU, the same value M-74 recorded.
309	74	context	at-creation	2026-09-17	2026-09-17	**aarch64 is ordered behind M-74's own aarch64 half and is not in this milestone.**
309	353	context	later	2026-09-19	2026-09-17	never does; `design/roadmap/353-the-aarch64-half-of-74.md` covers exactly that and this
309	25	context	at-creation	2026-09-17	2026-09-17	tick-denominated row of an `x86_64` board bench into cycles at once, and gives M-25's
309	74	context	at-creation	2026-09-17	2026-09-17	measurement half, which `design/roadmap/74-cycle-counters.md` records as a DECISIONS S-19 scope
309	74	context	at-creation	2026-09-17	2026-09-17	its own roadmap block and only that. `design/roadmap/74-cycle-counters.md`'s S-19 scope
309	16	context	at-creation	2026-09-17	2026-09-17	itself and print an exact `1.00` on every part ever made, which is M-16a's "implausibly exact
309	74	context	at-creation	2026-09-17	2026-09-17	aarch64 is ordered behind M-74's own aarch64 half.
310	238	context	at-creation	2026-09-17	2026-09-17	since 2026-08-11, all red, with `script/cadence-check` (M-238) reporting it DEAD. The cause
311	238	context	at-creation	2026-09-17	2026-09-17	**Status: BUILT 2026-09-17.** Minted by the maintainer after `script/cadence-check` (M-238)
311	92	context	at-creation	2026-09-17	2026-09-17	number. If one is yes, that kind is due regardless of everything above (M-92, S-74).
311	175	context	at-creation	2026-09-17	2026-09-17	days old, not five weeks: M-175 split `user/` into `components/` and `fixtures/` on
311	175	context	at-creation	2026-09-17	2026-09-17	only `components/` is the tempting repair, and M-175's own classification rule supports it: a
311	175	context	at-creation	2026-09-17	2026-09-17	M-175", `crates/user_mode_runtime`'s account of a 123-call-site sweep). AGENTS.md's rename
311	289	context	at-creation	2026-09-17	2026-09-17	**It found two real broken footnotes on its first run**, both in M-289's block, both citing
311	295	context	at-creation	2026-09-17	2026-09-17	`components/src/builder.rs`, which calef retired on 2026-09-14 (M-295). One limitation still
311	289	followon	at-creation	2026-09-17	2026-09-17	- **Done.** Two bullets in `design/roadmap/289-the-riscv-tour-earns-its-place.md`'s Follow-on were
311	295	context	at-creation	2026-09-17	2026-09-17	them the moment its directory list stopped being wrong. Both cited a file M-295 deleted.
311	92	context	at-creation	2026-09-17	2026-09-17	`.github/workflows/audit-cadence.yml` is M-92's tripwire and sits on `design/fatal-risks.md`
311	175	context	at-creation	2026-09-17	2026-09-17	was real and four days old (M-175 split `user/` on 2026-09-13 and the next scheduled run
311	295	context	at-creation	2026-09-17	2026-09-17	and found two dead citations to M-295's retired `builder` on its first run. Both audits are
312	216	context	at-creation	2026-09-17	2026-09-17	`crates/board_console` arrived with M-216, opens a real serial port on the dev machine and
312	244	context	at-creation	2026-09-17	2026-09-17	`script/lint`'s host pass derives the mirror-image fact the same way, after M-244 found
312	216	context	at-creation	2026-09-17	2026-09-17	describes**: a hand-kept `--exclude` list, `crates/board_console` (M-216) arriving as a host
313	311	context	at-creation	2026-09-17	2026-09-17	**Status: BUILT 2026-09-17.** Minted by the maintainer from M-311's proposal
313	307	context	at-creation	2026-09-17	2026-09-17	M-307 marked as quotable-but-unreachable, asked what they actually guarantee; and the two
313	307	context	at-creation	2026-09-17	2026-09-17	`crates/paging`'s decoder reported every user page as not kernel-executable and M-307 wrote
313	307	context	at-creation	2026-09-17	2026-09-17	the six claims M-307 marked unreachable, and the two boards that booted real silicon. It found
314	205	context	at-creation	2026-09-17	2026-09-17	`script/test --arch x86_64` boots three times: once on SeaBIOS and twice under OVMF (M-205's
314	205	context	at-creation	2026-09-17	2026-09-17	`0xe0000000`, so the misleading line has been firing on every real-firmware run since M-205
315	313	context	at-creation	2026-09-17	2026-09-17	M-313's security audit raised it as finding 4. *(Number provisional until the merge queue
315	412	context	later	2026-09-19	2026-09-17	M-412 (design/roadmap/412-the-uefi-boot-gate-asserts-two-cores-that-do-not-always-start.md)
315	313	context	at-creation	2026-09-17	2026-09-17	Written down now because it is the part most likely to go wrong, and because M-313's own
316	412	context	later	2026-09-19	2026-09-17	(`design/roadmap/412-the-uefi-boot-gate-asserts-two-cores-that-do-not-always-start.md`)
316	315	context	at-creation	2026-09-17	2026-09-17	- S-153 calls M-315's test *"the first port test to run on two cores and the first able to
316	313	context	at-creation	2026-09-17	2026-09-17	bitmap on the revoker's core only. That is M-313's accepted window and M-315's
316	315	context	at-creation	2026-09-17	2026-09-17	bitmap on the revoker's core only. That is M-313's accepted window and M-315's
317	202	context	at-creation	2026-09-17	2026-09-17	**A green suite proves nothing about remapping either way**, which is M-202's hazard (every
317	227	context	at-creation	2026-09-17	2026-09-17	**`gic-version=3` is one flag. Surviving it is M-227.** QEMU accepts the machine; this
317	227	context	at-creation	2026-09-17	2026-09-17	### What M-227 would owe
317	143	context	at-creation	2026-09-17	2026-09-17	| riscv64 | capability offered, unused | **no such silicon exists** (M-143) |
317	143	context	at-creation	2026-09-17	2026-09-17	silicon ships the ratified RISC-V IOMMU (M-143), so the `MSI_FLAT`-absent path in
317	227	context	at-creation	2026-09-17	2026-09-17	- **`NIFE_GIC=3` produces a boot that is known-broken, on purpose.** It exists so M-227
317	87	context	at-creation	2026-09-17	2026-09-17	and M-87's `OptiPlex` (xenon) is real silicon whose firmware answers this question in its
317	87	context	at-creation	2026-09-17	2026-09-17	and M-87's `OptiPlex` (xenon) is where it would get a second witness.
317	227	context	at-creation	2026-09-17	2026-09-17	- **M-227.** The GICv3 driver and its ITS. This block's "What M-227 would owe"
317	227	context	at-creation	2026-09-17	2026-09-17	answering it on aarch64 is M-227.
317	143	context	at-creation	2026-09-17	2026-09-17	exists, in the same `BUGS` section, pointing at M-143's hardware gate.
317	143	context	at-creation	2026-09-17	2026-09-17	never get a second witness, since no silicon ships the ratified IOMMU (M-143), which
318	261	context	at-creation	2026-09-17	2026-09-17	M-261's proof and `design/fatal-risks.md` risk 6's decisive experiment. It passed under
318	261	context	at-creation	2026-09-17	2026-09-17	- **Recorded.** The bench procedure in M-261's handoff tells the operator to confirm the namespace reads
318	261	context	at-creation	2026-09-17	2026-09-17	`a_confined_el0_process_serves_the_block_interface_end_to_end` is M-261's proof and fatal
319	197	context	at-creation	2026-09-17	2026-09-17	`design/fatal-risks.md`'s risk 2 quotes M-197 on why `user/` deserved the prover: it *"holds
319	304	context	at-creation	2026-09-17	2026-09-17	flagged by M-304's lane as wanting a design decision and is untouched here. See the
319	193	context	at-creation	2026-09-17	2026-09-17	`script/lint`'s "every crate with proof harnesses is in the verify table" gate (M-193's,
319	304	context	at-creation	2026-09-17	2026-09-17	M-304's lane wanted is a smaller one than "how do we prove a volatile walk": it is whether
320	256	context	at-creation	2026-09-17	2026-09-17	13 of 15 outside the window before M-256 changed what that count means.
320	256	context	at-creation	2026-09-17	2026-09-17	both the bus numbers and the windows, M-256's adoption arm keeps every BAR inside a window
321	315	context	at-creation	2026-09-18	2026-09-17	[M-315](315-port-revoke-every-core.md), which closes it and is `NOT-STARTED` with no gate.
321	315	context	at-creation	2026-09-18	2026-09-17	ever run that way is not this lane's call and is left alone; S-153 and M-315 are already
322	59	context	at-creation	2026-09-18	2026-09-18	ported or decided first; `script/cpu-matrix` is the shape to copy and M-59 already argued
322	16	context	at-creation	2026-09-18	2026-09-18	`riscv-iommu-pci`, M-16b and DECISIONS S-20), so it was drafted against an emulator this tree
322	227	context	at-creation	2026-09-18	2026-09-18	red until M-227 lands a GICv3 driver, and **that is the point**: it turns 227 from a
322	81	context	at-creation	2026-09-18	2026-09-18	unconditionally, and has since M-81; `scripts/qemu-runner-riscv64.sh` carries
322	16	context	at-creation	2026-09-18	2026-09-18	`-device riscv-iommu-pci` with `iommu_platform=on` on its PCI disk, net and GPU (M-16b's
322	432	context	at-creation	2026-09-19	2026-09-18	M-432 (design/roadmap/432-the-riscv-iommu-driver-has-no-proof.md), and it is a parity gap under S-19
322	20	context	at-creation	2026-09-18	2026-09-18	which is the shape M-20's portable HAL claims to make cheap.
322	59	context	at-creation	2026-09-18	2026-09-18	configuration route. That is M-59's blind spot one axis over, and it is not hypothetical:
323	313	context	at-creation	2026-09-18	2026-09-18	different direction: M-313's security audit, 307's sweep of all 26 confinement rows, 318's
323	319	context	at-creation	2026-09-18	2026-09-18	and none has a record. Four patches against code that already exists. Found by M-319.
323	318	context	at-creation	2026-09-18	2026-09-18	2. **The NVMe end-to-end test has none either**, and M-318's lane falsified it by hand with
323	318	prerequisite	at-creation	2026-09-18	2026-09-18	record lengthens the sweep for every lane, and this one needs an NVMe controller attached. Found by M-318's lane.
323	307	context	at-creation	2026-09-18	2026-09-18	`notes/confinement-claims.md` asking exactly this. Found by M-307.
323	305	context	at-creation	2026-09-19	2026-09-18	5. **Prose that still describes the mechanism as it was before M-305 built the kernel
323	247	context	at-creation	2026-09-19	2026-09-18	replay.** The part as filed (six kernel claims nothing can replay, found by M-247's sweep
323	210	context	at-creation	2026-09-19	2026-09-18	from M-210's block) was closed on 2026-09-16; what survives is rot around it, and it is a
323	197	context	at-creation	2026-09-19	2026-09-18	when M-197 wrote them and neither is true now, and the record reports `replayable` today.
323	212	context	at-creation	2026-09-19	2026-09-18	below already records M-212 closing it, which is the shape worth grepping for: a `BUGS`
323	202	context	at-creation	2026-09-18	2026-09-18	**Not a claim that the instrument is broken.** It works: M-202 enumerated 26 confinement
323	305	context	at-creation	2026-09-18	2026-09-18	claims with 25 replayable falsifications, and M-305 used it to find a confinement test that
323	305	prerequisite	at-creation	2026-09-19	2026-09-18	asked for was built on **2026-09-16** by M-305, thirteen days later. The proposal was
324	268	context	at-creation	2026-09-19	2026-09-19	architectures since M-268. A board profile is a firmware prologue and nothing else; the rest
324	127	context	at-creation	2026-09-19	2026-09-19	nife and sits behind M-127, which is NOT-STARTED. A profile written for it today would be a
324	247	context	at-creation	2026-09-19	2026-09-19	filed four limitations against it from four directions: M-247's sweep of 216's block (twice),
324	249	context	at-creation	2026-09-19	2026-09-19	M-249's boot-lottery lane, and M-168's job-mix lane. Each is small. Together they are
324	168	context	at-creation	2026-09-19	2026-09-19	M-249's boot-lottery lane, and M-168's job-mix lane. Each is small. Together they are
324	249	context	at-creation	2026-09-19	2026-09-19	already holds the port. Found by M-249's lane, which built the escape this would
324	219	context	at-creation	2026-09-19	2026-09-19	`crates/board_console` recognised the boot sequence and, since M-219, a soak's stages and
324	168	context	at-creation	2026-09-19	2026-09-19	Found by M-168's lane. Two rungs close it, `sweep` and `sweep-done`; see *What landed,
324	247	context	at-creation	2026-09-19	2026-09-19	second case rather than a port. Found by M-247's sweep, from M-216's block. The
324	216	context	at-creation	2026-09-19	2026-09-19	second case rather than a port. Found by M-247's sweep, from M-216's block. The
324	247	context	at-creation	2026-09-19	2026-09-19	pending.** Found by M-247's sweep, from M-216's block.
324	216	context	at-creation	2026-09-19	2026-09-19	pending.** Found by M-247's sweep, from M-216's block.
324	249	context	at-creation	2026-09-19	2026-09-19	M-249 already carries, one milestone on.
324	323	context	at-creation	2026-09-19	2026-09-19	**Two of the four parts had decayed by the time they were read**, the same as M-323's two.
324	218	context	at-creation	2026-09-19	2026-09-19	Part 4's reason for a possible "no" was spent by M-218 on 2026-09-16, and part 3's premise
324	219	context	at-creation	2026-09-19	2026-09-19	`soak_test` already made and the reason M-219's block gives: two readers drift the first
324	168	context	at-creation	2026-09-19	2026-09-19	M-168 was merged in; the windows moved because the sweep now takes 165 seconds rather than
324	268	context	at-creation	2026-09-19	2026-09-19	would have made a third copy, which is M-268's finding 3 exactly. They are now
324	168	context	at-creation	2026-09-19	2026-09-19	M-168's per-kind line was merged in), beside the workload
324	168	context	at-creation	2026-09-19	2026-09-19	radon running a sweep is M-168's own HARDWARE gate and part 2 could not close it. The board
324	168	context	at-creation	2026-09-19	2026-09-19	detection. **The margin was twenty to one when this was written and M-168 spent a quarter of
324	168	context	at-creation	2026-09-19	2026-09-19	being built, another session's lane finished M-168 and landed on `main`. That lane changed
324	168	context	at-creation	2026-09-19	2026-09-19	above, and the section above that for the defect the merge with M-168 created and this
324	168	context	at-creation	2026-09-19	2026-09-19	M-168 invalidated. Re-measured on the merged tree it is **4.0 seconds (249,234,771 ticks
324	168	context	at-creation	2026-09-19	2026-09-19	`crates/board_console/tests/fixtures/README.md`. radon running one is M-168's own
324	249	context	at-creation	2026-09-19	2026-09-19	countdown cost M-249's lane a power cycle. A second named command with its own purpose is
324	127	context	at-creation	2026-09-19	2026-09-19	M-127 rather than guessed from vendor documentation. **All four parts landed the same day.**
324	249	context	at-creation	2026-09-19	2026-09-19	`--stop` and `--stop-after <n>` end M-249's rebooting soak from a script, the byte goes out
325	303	context	at-creation	2026-09-18	2026-09-18	`virt` boards have the same shape with their own units. Found by M-303's lane.
325	320	context	at-creation	2026-09-18	2026-09-18	unprogrammed, which one environment variable reproduces. Found by M-320's lane.
325	256	context	at-creation	2026-09-18	2026-09-18	trait. Found by M-256's lane.
325	308	context	at-creation	2026-09-18	2026-09-18	nowhere to go. Found by M-308's lane while writing the `BUGS` entry recording that 308's
325	308	context	at-creation	2026-09-18	2026-09-18	own fix ships unexecuted. Found by M-308's lane.
326	85	context	at-creation	2026-09-19	2026-09-19	`.cargo/mutants.toml` is where an exclusion goes with its reason, and M-85 already set the
326	244	context	at-creation	2026-09-19	2026-09-19	with globs, and both are the `system_initializer` (M-244) and `uefi_loader` (milestone
326	265	context	at-creation	2026-09-20	2026-09-19	`mdns_proto`, renamed by M-265 (`_proto` is a truncation)) **is not in this tree** at all:
326	298	context	at-creation	2026-09-20	2026-09-19	M-298 (retire the multicast DNS responder and its two crates) retired it and its sibling on
326	6	context	at-creation	2026-09-19	2026-09-19	strongest counterfactual: the M-6 timer drift, proved in this tree over code the timer
326	85	context	at-creation	2026-09-19	2026-09-19	**Not a target score.** A percentage target is the thing M-85's rule exists instead of: it
326	85	context	at-creation	2026-09-19	2026-09-19	**A survivor proved equivalent is a success, not a dodge**, and M-85's ledger already has
326	298	context	at-creation	2026-09-20	2026-09-19	deletion, as this entry guessed it might: M-298 retired the crate on 2026-09-15 under its
326	277	context	at-creation	2026-09-20	2026-09-19	limits is the clock, which M-277 (bound what one mutant may allocate) checked rather than
326	85	context	at-creation	2026-09-19	2026-09-19	2026-09-14 mutation census have never been looked at, and M-85's rule is that every one
327	247	context	at-creation	2026-09-19	2026-09-19	**Status: NOT-STARTED.** Filed 2026-09-03 as an unnumbered proposal by the M-247 sweep,
327	54	context	at-creation	2026-09-19	2026-09-19	from M-54's block; numbered 2026-09-19 by M-433. **Premise re-checked 2026-09-19 and
327	433	context	at-creation	2026-09-19	2026-09-19	from M-54's block; numbered 2026-09-19 by M-433. **Premise re-checked 2026-09-19 and
327	54	context	at-creation	2026-09-19	2026-09-19	that motivated it is gone, since M-54's SMB adapter was deleted on 2026-08-30, so nothing
328	247	context	at-creation	2026-09-19	2026-09-19	**Status: NOT-STARTED.** Filed 2026-09-03 as an unnumbered proposal by the M-247 sweep,
328	31	context	at-creation	2026-09-19	2026-09-19	from M-31's block; numbered 2026-09-19 by M-433. **Premise re-checked 2026-09-19 and
328	433	context	at-creation	2026-09-19	2026-09-19	from M-31's block; numbered 2026-09-19 by M-433. **Premise re-checked 2026-09-19 and
329	247	context	at-creation	2026-09-19	2026-09-19	**Status: NOT-STARTED.** Filed 2026-09-03 as an unnumbered proposal by the M-247 sweep,
329	138	context	at-creation	2026-09-19	2026-09-19	from M-138's block; numbered 2026-09-19 by M-433. **Premise re-checked 2026-09-19 and
329	433	context	at-creation	2026-09-19	2026-09-19	from M-138's block; numbered 2026-09-19 by M-433. **Premise re-checked 2026-09-19 and
329	138	context	at-creation	2026-09-19	2026-09-19	is still 16 (64 KiB), and M-138's block still publishes **5.13x** as its headline read ratio
329	138	context	later	2026-09-03	2026-09-19	One sweep run, then an edit to M-138's block replacing the stale ratio with the measured
330	247	context	at-creation	2026-09-19	2026-09-19	**Status: NOT-STARTED.** Filed 2026-09-03 as an unnumbered proposal by the M-247 sweep,
330	235	context	at-creation	2026-09-19	2026-09-19	from M-235's block; numbered 2026-09-19 by M-433. **Premise re-checked 2026-09-19 and
330	433	context	at-creation	2026-09-19	2026-09-19	from M-235's block; numbered 2026-09-19 by M-433. **Premise re-checked 2026-09-19 and
330	235	context	at-creation	2026-09-19	2026-09-19	no-thread-killed assertion M-235 named is real but is **not** in `script/shell-check`: it is
330	230	context	at-creation	2026-09-19	2026-09-19	`KERNEL_FAULT_TOKENS` M-230 introduced (this block read `KERNEL_WRITER_ANCHORS` until 2026-09-19; no such name exists anywhere in the tree, and the ...
330	233	context	at-creation	2026-09-19	2026-09-19	ratchet", which stopped being true when M-233 landed it; that stale sentence is one of the
330	333	context	at-creation	2026-09-19	2026-09-19	class M-333 collects.
330	115	context	at-creation	2026-09-19	2026-09-19	an unratified name never blocks anyone's build"*, and M-115's gate takes `unrecorded` as a
330	233	context	later	2026-09-13	2026-09-19	evidence it was fixed was a **scaffold**: M-233's lane patched `components/src/least_authority_demo.rs` to trap,
330	233	context	later	2026-09-03	2026-09-19	prompt fails a gate, plus teaching M-233's no-thread-killed assertion to except that one
330	235	context	later	2026-09-03	2026-09-19	of three couplings that M-235's block describes, any one of which a future change can break
330	233	context	later	2026-09-03	2026-09-19	`script/shell-check`'s no-thread-killed assertion, which M-233 added and which this program
330	233	context	later	2026-09-03	2026-09-19	faults on purpose, which is a new name and therefore calef's, and M-233's no-thread-killed
330	233	context	at-creation	2026-09-19	2026-09-19	was fixed was a scaffold: M-233's lane patched `components/src/least_authority_demo.rs` to
331	247	context	at-creation	2026-09-19	2026-09-19	**Status: NOT-STARTED.** Filed 2026-09-03 as an unnumbered proposal by the M-247 sweep,
331	124	context	at-creation	2026-09-19	2026-09-19	from M-124's block; numbered 2026-09-19 by M-433. **Premise re-checked 2026-09-19 and
331	433	context	at-creation	2026-09-19	2026-09-19	from M-124's block; numbered 2026-09-19 by M-433. **Premise re-checked 2026-09-19 and
331	124	context	later	2026-09-03	2026-09-19	free while the stack is in use, and the transient `NotPermitted` that M-124 records as a
331	124	context	later	2026-09-03	2026-09-19	The current shape is rung two of AGENTS.md's ladder, and M-124 wrote that down about
331	124	context	at-creation	2026-09-19	2026-09-19	is in use, and the transient `NotPermitted` M-124 records as a race stops existing rather
331	124	context	at-creation	2026-09-19	2026-09-19	than being handled. That is rung one of AGENTS.md's ladder replacing rung two, and M-124
332	247	context	at-creation	2026-09-19	2026-09-19	**Status: NOT-STARTED.** Filed 2026-09-03 as an unnumbered proposal by the M-247 sweep,
332	217	context	at-creation	2026-09-19	2026-09-19	from M-217's block; numbered 2026-09-19 by M-433. **Premise re-checked 2026-09-19 and
332	433	context	at-creation	2026-09-19	2026-09-19	from M-217's block; numbered 2026-09-19 by M-433. **Premise re-checked 2026-09-19 and
332	217	context	later	2026-09-03	2026-09-19	The mismatch this catches is not hypothetical, and the record of it is what minted M-217.
332	217	context	later	2026-09-03	2026-09-19	The honest limit to record beside it is the one M-217 already wrote down: nothing in this
332	217	context	at-creation	2026-09-19	2026-09-19	cost is what minted M-217: the VisionFive 2 booted, reached U-mode, halted with
333	252	context	at-creation	2026-09-19	2026-09-19	**Status: NOT-STARTED.** Filed 2026-09-03 as an unnumbered proposal by the M-252 sweep;
333	433	context	at-creation	2026-09-19	2026-09-19	numbered 2026-09-19 by M-433. **Premise re-checked item by item on 2026-09-19: eight of the
333	142	context	at-creation	2026-09-19	2026-09-19	of the deleted durable-session type); and M-142's duplicated paragraphs. **Closed:** the
333	126	context	at-creation	2026-09-19	2026-09-19	than ignoring them. **Unconfirmed:** the display-name item, because M-126's block still
333	126	context	later	2026-09-03	2026-09-19	M-126's block answered on 2026-08-26.
333	139	followon	later	2026-09-03	2026-09-19	kernel's own arm and the builder's call contradict. Found by M-139's round 7 and left for
333	142	context	later	2026-09-03	2026-09-19	M-142's block saying nobody is building it. It is built: the page-frame object carries a
333	177	context	later	2026-09-03	2026-09-19	which three kernel test files disprove, and M-177's block quotes the stale sentence
333	75	context	later	2026-09-03	2026-09-19	- **`notes/register-of-measures.md`** still names M-75's authority question as open, after
333	142	context	later	2026-09-03	2026-09-19	- **`design/roadmap/142-a-text-display-worth-living-in.md`** carries sixty lines of verbatim
334	247	context	at-creation	2026-09-19	2026-09-19	**Status: NOT-STARTED.** Filed 2026-09-03 as an unnumbered proposal by the M-247 sweep,
334	40	context	at-creation	2026-09-19	2026-09-19	from M-40's block; numbered 2026-09-19 by M-433. **Premise re-checked 2026-09-19 and
334	433	context	at-creation	2026-09-19	2026-09-19	from M-40's block; numbered 2026-09-19 by M-433. **Premise re-checked 2026-09-19 and
335	247	context	at-creation	2026-09-19	2026-09-19	**Status: NOT-STARTED.** Filed 2026-09-03 as an unnumbered proposal by the M-247 sweep,
335	58	context	at-creation	2026-09-19	2026-09-19	from M-58's block; numbered 2026-09-19 by M-433. **Premise re-checked 2026-09-19 and
335	433	context	at-creation	2026-09-19	2026-09-19	from M-58's block; numbered 2026-09-19 by M-433. **Premise re-checked 2026-09-19 and
335	435	context	at-creation	2026-09-19	2026-09-19	it**, which is recorded rather than quietly dropped because it is the shape M-435 was minted
335	24	context	at-creation	2026-09-19	2026-09-19	measurement at M-24, and M-24 is *A second aarch64 board: Virtualization.framework*,
335	58	context	at-creation	2026-09-19	2026-09-19	the pointer is an edit to M-58's block, not a question for anybody, and it is named in the
335	24	context	later	2026-09-03	2026-09-19	The second cost is the record. M-58's block sends a future reader to M-24 for this
335	24	context	later	2026-09-03	2026-09-19	number, and M-24 is an aarch64 board that can never produce it. So the one pointer that
335	24	context	later	2026-09-03	2026-09-19	win this milestone exists for has never been measured, and the block's citation of M-24 is
335	58	context	at-creation	2026-09-19	2026-09-19	standard of measuring rather than arguing. The second cost is the record: M-58's block sends
335	24	context	at-creation	2026-09-19	2026-09-19	a future reader to M-24 for this number and M-24 is an aarch64 board that can never
336	247	context	at-creation	2026-09-19	2026-09-19	**Status: NOT-STARTED.** Filed 2026-09-03 as an unnumbered proposal by the M-247 sweep,
336	237	context	at-creation	2026-09-19	2026-09-19	from M-237's block; numbered 2026-09-19 by M-433. **Premise re-checked 2026-09-19 and
336	433	context	at-creation	2026-09-19	2026-09-19	from M-237's block; numbered 2026-09-19 by M-433. **Premise re-checked 2026-09-19 and
336	433	context	at-creation	2026-09-19	2026-09-19	`a-flat-entry-set-counts-bytes-no-syscall-fetches` proposal, which M-433 numbers 368).
336	433	context	at-creation	2026-09-19	2026-09-19	proposal, which M-433 numbers 361: all
336	237	context	later	2026-09-04	2026-09-19	M-237 re-recording it, which is this proposal's own failure mode recurring on schedule.
337	247	context	at-creation	2026-09-19	2026-09-19	**Status: NOT-STARTED.** Filed 2026-09-03 as an unnumbered proposal by the M-247 sweep,
337	138	context	at-creation	2026-09-19	2026-09-19	from M-138's block; numbered 2026-09-19 by M-433. **Premise re-checked 2026-09-19 and
337	433	context	at-creation	2026-09-19	2026-09-19	from M-138's block; numbered 2026-09-19 by M-433. **Premise re-checked 2026-09-19 and
337	138	context	later	2026-09-03	2026-09-19	capabilities, the residual is already measured, and the alternatives M-138 refused are
337	138	context	later	2026-09-03	2026-09-19	**In brief.** After M-138's three steps, a file request costs about 13 microseconds of
337	138	context	later	2026-09-03	2026-09-19	The questions the design has to answer are the ones M-138 refused a data cache over:
337	138	context	at-creation	2026-09-19	2026-09-19	After M-138's three steps, a file request costs about 13 microseconds of residual that no
337	138	context	at-creation	2026-09-19	2026-09-19	ones M-138 refused a data cache over: coherency, what a client observes when the file changes
338	247	context	at-creation	2026-09-19	2026-09-19	**Status: NOT-STARTED.** Filed 2026-09-03 as an unnumbered proposal by the M-247 sweep,
338	231	context	at-creation	2026-09-19	2026-09-19	from M-231's block; numbered 2026-09-19 by M-433. **Premise re-checked 2026-09-19 and
338	433	context	at-creation	2026-09-19	2026-09-19	from M-231's block; numbered 2026-09-19 by M-433. **Premise re-checked 2026-09-19 and
338	231	context	later	2026-09-03	2026-09-19	The argument for the first gauge applies unchanged to the rest, and M-231's block makes it
338	230	context	at-creation	2026-09-19	2026-09-19	that named something else, M-230 being the worked example that cost a bisect over a
339	247	context	at-creation	2026-09-19	2026-09-19	**Status: NOT-STARTED.** Filed 2026-09-03 as an unnumbered proposal by the M-247 sweep,
339	235	context	at-creation	2026-09-19	2026-09-19	from M-235's block; numbered 2026-09-19 by M-433. **Premise re-checked 2026-09-19 and
339	433	context	at-creation	2026-09-19	2026-09-19	from M-235's block; numbered 2026-09-19 by M-433. **Premise re-checked 2026-09-19 and
339	291	context	at-creation	2026-09-19	2026-09-19	M-291 split `fixtures/src/hello.rs`'s thirty-one roles into programs on 2026-09-14, so
339	235	context	later	2026-09-03	2026-09-19	Right now the value of M-235's fix is unmeasured. It is either a repair to a defect two
340	247	context	at-creation	2026-09-19	2026-09-19	**Status: NOT-STARTED.** Filed 2026-09-03 as an unnumbered proposal by the M-247 sweep,
340	208	context	at-creation	2026-09-19	2026-09-19	from M-208's block; numbered 2026-09-19 by M-433. **Premise re-checked 2026-09-19 and
340	433	context	at-creation	2026-09-19	2026-09-19	from M-208's block; numbered 2026-09-19 by M-433. **Premise re-checked 2026-09-19 and
340	208	context	at-creation	2026-09-19	2026-09-19	direction of less enforcement."* `script/image-permissions` is M-208's, filed after that
340	208	context	later	2026-09-03	2026-09-19	in `design/roadmap/208-boot-section-wx.md` and stop describing it as a gate.
340	208	followon	at-creation	2026-09-19	2026-09-19	the answer is no, the honest follow-up is to stop describing it as a gate in M-208's
341	247	context	at-creation	2026-09-19	2026-09-19	**Status: NOT-STARTED.** Filed 2026-09-03 as an unnumbered proposal by the M-247 sweep,
341	232	context	at-creation	2026-09-19	2026-09-19	from M-232's block; numbered 2026-09-19 by M-433. **Premise re-checked 2026-09-19 and
341	433	context	at-creation	2026-09-19	2026-09-19	from M-232's block; numbered 2026-09-19 by M-433. **Premise re-checked 2026-09-19 and
341	286	context	at-creation	2026-09-19	2026-09-19	person types them. **`script/gates` no longer exists**: M-286 retired it on 2026-09-13 and
341	232	context	at-creation	2026-09-19	2026-09-19	`repeat-under-load` boots QEMU repeatedly, so M-232 deliberately refused to assume CI was
341	232	context	at-creation	2026-09-19	2026-09-19	crates and `repeat-under-load` boots QEMU repeatedly, so M-232 refused to assume CI was the
342	247	context	at-creation	2026-09-19	2026-09-19	**Status: NOT-STARTED.** Filed 2026-09-03 as an unnumbered proposal by the M-247 sweep,
342	230	context	at-creation	2026-09-19	2026-09-19	from M-230's block; numbered 2026-09-19 by M-433. **Premise re-checked 2026-09-19 and
342	433	context	at-creation	2026-09-19	2026-09-19	from M-230's block; numbered 2026-09-19 by M-433. **Premise re-checked 2026-09-19 and
342	243	context	at-creation	2026-09-19	2026-09-19	defect in the system rather than in the script, and M-243's `BUGS` still records that it "has
342	216	context	later	2026-09-03	2026-09-19	three machines can say, and M-216 built a tool whose whole contract is recognising a boot
342	216	context	at-creation	2026-09-19	2026-09-19	serial log is the only thing those machines can say and M-216 built a tool whose whole
343	433	context	at-creation	2026-09-19	2026-09-19	numbered 2026-09-19 by M-433. **Premise re-checked 2026-09-19 and most of it has been done,
344	247	context	at-creation	2026-09-19	2026-09-19	2026-09-03 by the M-247 sweep, from M-130's block; numbered 2026-09-19 by milestone
344	130	context	at-creation	2026-09-19	2026-09-19	2026-09-03 by the M-247 sweep, from M-130's block; numbered 2026-09-19 by milestone
345	247	context	at-creation	2026-09-19	2026-09-19	**Status: NOT-STARTED.** Filed 2026-09-03 as an unnumbered proposal by the M-247 sweep,
345	68	context	at-creation	2026-09-19	2026-09-19	from M-68's block; numbered 2026-09-19 by M-433. **Premise re-checked 2026-09-19 and
345	433	context	at-creation	2026-09-19	2026-09-19	from M-68's block; numbered 2026-09-19 by M-433. **Premise re-checked 2026-09-19 and
345	51	context	later	2026-09-14	2026-09-19	crates went missing from the host selection by M-51, `filesystem_protocol`, `compositor`,
345	117	context	later	2026-09-03	2026-09-19	clean x86_64 checkout found it eleven days later, on M-117's first run, which is principle 3
345	68	context	later	2026-09-03	2026-09-19	five crates whose examples can rot unnoticed inside the gate M-68 exists to be."*
345	285	context	later	2026-09-13	2026-09-19	`user_rt` is `user_mode_runtime` since 2026-09-13 (M-285). The quotation keeps the name
345	68	context	later	2026-09-13	2026-09-19	M-68 wrote; everywhere else on this page the crate is spelled the way it is spelled today.
345	51	context	at-creation	2026-09-19	2026-09-19	missing from the host selection by M-51 they carried 82 host tests the gate never ran, and
346	247	context	at-creation	2026-09-19	2026-09-19	**Status: NOT-STARTED.** Filed 2026-09-03 as an unnumbered proposal by the M-247 sweep,
346	203	context	at-creation	2026-09-19	2026-09-19	from M-203's block; numbered 2026-09-19 by M-433. **Premise re-checked 2026-09-19 and
346	433	context	at-creation	2026-09-19	2026-09-19	from M-203's block; numbered 2026-09-19 by M-433. **Premise re-checked 2026-09-19 and
346	37	context	later	2026-09-03	2026-09-19	`script/vendor-verify --write-patch`, the suite, and M-37's crash injector. One clause is
346	37	context	later	2026-09-03	2026-09-19	M-37's crash injector. Nobody has ever performed this job in this tree, which is the second
346	203	context	later	2026-09-03	2026-09-19	This is the case M-203 was built to catch, and it was live on the day the watch was built. A
346	203	context	at-creation	2026-09-19	2026-09-19	version. This is the case M-203 was built to catch, live on the day the watch was built: a
347	247	context	at-creation	2026-09-19	2026-09-19	**Status: NOT-STARTED.** Filed 2026-09-03 as an unnumbered proposal by the M-247 sweep,
347	32	context	at-creation	2026-09-19	2026-09-19	from M-32's block; numbered 2026-09-19 by M-433. **Premise re-checked 2026-09-19 and
347	433	context	at-creation	2026-09-19	2026-09-19	from M-32's block; numbered 2026-09-19 by M-433. **Premise re-checked 2026-09-19 and
348	247	context	at-creation	2026-09-19	2026-09-19	**Status: NOT-STARTED.** Filed 2026-09-03 as an unnumbered proposal by the M-247 sweep,
348	195	context	at-creation	2026-09-19	2026-09-19	from M-195's block; numbered 2026-09-19 by M-433. **Premise re-checked 2026-09-19 and
348	433	context	at-creation	2026-09-19	2026-09-19	from M-195's block; numbered 2026-09-19 by M-433. **Premise re-checked 2026-09-19 and
348	195	context	later	2026-09-03	2026-09-19	M-195 found it, and nothing here waits on the OptiPlex.
348	195	context	at-creation	2026-09-19	2026-09-19	is free on every machine that boots this kernel, and nothing verifies it; M-195's own `BUGS`
349	247	context	at-creation	2026-09-19	2026-09-19	**Status: NOT-STARTED.** Filed 2026-09-03 as an unnumbered proposal by the M-247 sweep,
349	238	context	at-creation	2026-09-19	2026-09-19	from M-238's block; numbered 2026-09-19 by M-433. **Premise re-checked 2026-09-19 and
349	433	context	at-creation	2026-09-19	2026-09-19	from M-238's block; numbered 2026-09-19 by M-433. **Premise re-checked 2026-09-19 and
349	232	context	later	2026-09-03	2026-09-19	takes up to four hours to tell anyone anything, and M-232's audit already recorded what
349	232	context	at-creation	2026-09-19	2026-09-19	Miri run takes up to four hours to say anything, and M-232's audit already recorded what
350	247	context	at-creation	2026-09-19	2026-09-19	**Status: NOT-STARTED.** Filed 2026-09-03 as an unnumbered proposal by the M-247 sweep,
350	234	context	at-creation	2026-09-19	2026-09-19	from M-234's block; numbered 2026-09-19 by M-433. **Premise re-checked 2026-09-19 and
350	433	context	at-creation	2026-09-19	2026-09-19	from M-234's block; numbered 2026-09-19 by M-433. **Premise re-checked 2026-09-19 and
350	234	context	at-creation	2026-09-19	2026-09-19	line count, and M-234's weekly series measures that ratio directly: it was 39.3% eight weeks
351	247	context	at-creation	2026-09-19	2026-09-19	**Status: NOT-STARTED.** Filed 2026-09-03 as an unnumbered proposal by the M-247 sweep,
351	122	context	at-creation	2026-09-19	2026-09-19	from M-122's block; numbered 2026-09-19 by M-433. **Premise re-checked 2026-09-19 and
351	433	context	at-creation	2026-09-19	2026-09-19	from M-122's block; numbered 2026-09-19 by M-433. **Premise re-checked 2026-09-19 and
352	133	context	at-creation	2026-09-19	2026-09-19	**Status: NOT-STARTED.** Filed 2026-09-03 as an unnumbered proposal while fixing M-133's
352	433	context	at-creation	2026-09-19	2026-09-19	block for the same reason; numbered 2026-09-19 by M-433. **Premise re-checked and re-measured
352	158	context	at-creation	2026-09-19	2026-09-19	M-158's own block, which is the account of the rename and keeps them: **60 occurrences across
352	133	context	later	2026-09-03	2026-09-19	**Not done here, and the reason is scope**: this was found while fixing two files for M-133,
353	74	context	at-creation	2026-09-19	2026-09-19	# 353. The aarch64 half of M-74: two decisions left, now that the counter runs
353	433	context	at-creation	2026-09-19	2026-09-19	`milestone/74-cycle-counters-riscv` lane, numbered 2026-09-19 by M-433, and **the work it
353	74	context	at-creation	2026-09-19	2026-09-19	counter. That part is built (M-74's block, "What the aarch64 half built"). What is left is the
353	25	context	at-creation	2026-09-19	2026-09-19	M-25's included.
353	127	context	at-creation	2026-09-19	2026-09-19	and that boot is already scheduled work (M-127's bring-up). The cost of waiting is that
353	25	context	at-creation	2026-09-19	2026-09-19	M-25's aarch64 row stays empty until the first argon evening, which it would anyway: there
353	147	context	at-creation	2026-09-19	2026-09-19	a userspace profile (M-147's profiler) and the wrong one for M-25.
353	25	context	at-creation	2026-09-19	2026-09-19	a userspace profile (M-147's profiler) and the wrong one for M-25.
353	228	context	at-creation	2026-09-19	2026-09-19	an UNKNOWN value, which is the exact defect M-228 fixed for `PMUSERENR_EL0`. It is listed
353	309	context	at-creation	2026-09-19	2026-09-19	- **x86_64** (`arch::x86_64::pmu`, M-309): `FIXED_CTR1_BOTH_RINGS`, ring 0 and ring 3, and
353	237	context	at-creation	2026-09-19	2026-09-19	is M-237's grant build and a measurement build rather than the plain `--features bench`
353	25	context	at-creation	2026-09-19	2026-09-19	its prediction held, which is that the provisional A1 stays and M-25 cannot publish an
353	229	context	at-creation	2026-09-19	2026-09-19	| aarch64 | `PMCCNTR_EL0` | yes, filtered by decision A | M-229's grant (`PMUSERENR_EL0.CR`) |
353	228	context	at-creation	2026-09-19	2026-09-19	with `CR4.PCE` set, which M-228 deliberately closed and which is a DECISIONS S-139 question,
353	237	context	at-creation	2026-09-19	2026-09-19	(M-237 measured what the aarch64 and riscv64 version of that cost the fastpath); B4 a
353	435	context	at-creation	2026-09-19	2026-09-19	is the defect M-435 swept forty-five blocks for the same evening. They are kept here
353	229	context	at-creation	2026-09-19	2026-09-19	stopped counter: a thread holding the M-229 grant could read it, legally, and got the same
353	74	context	at-creation	2026-09-19	2026-09-19	all, so the measurement half of M-74 exists on all three architectures. **The three are not
353	25	prerequisite	at-creation	2026-09-19	2026-09-19	entire purpose is cross-machine comparison, and M-25's `sel4bench` needs it. Nothing can be
354	250	context	at-creation	2026-09-19	2026-09-19	**Status: SUPERSEDED.** 2026-09-19, by M-250, which carries the same title and more of the
354	246	context	at-creation	2026-09-19	2026-09-19	argument. Filed as a proposal on 2026-09-03 by the M-246 lane. Checked on 2026-09-19:
354	250	context	at-creation	2026-09-19	2026-09-19	M-250 was minted by calef on the day this file was written, before
354	250	context	later	2026-09-03	2026-09-19	**Superseded in part:** M-250 was minted from this on the day it was written, before the
354	246	context	at-creation	2026-09-19	2026-09-19	Filed 2026-09-03 by the M-246 lane and superseded on arrival: calef minted M-250
354	250	context	at-creation	2026-09-19	2026-09-19	Filed 2026-09-03 by the M-246 lane and superseded on arrival: calef minted M-250
354	433	context	at-creation	2026-09-19	2026-09-19	M-433, because a proposal cannot be retired in place and a deleted one is not a record.
355	247	context	at-creation	2026-09-19	2026-09-19	**Status: NOT-STARTED.** Filed as a proposal on 2026-09-03 by the M-247 sweep, from
355	136	context	at-creation	2026-09-19	2026-09-19	M-136's block; promoted by M-433 on 2026-09-19. The premise was checked against the
355	433	context	at-creation	2026-09-19	2026-09-19	M-136's block; promoted by M-433 on 2026-09-19. The premise was checked against the
355	136	context	later	2026-09-03	2026-09-19	M-136's own `BUGS` records that its warrant check is line order inside a function rather
355	136	context	at-creation	2026-09-19	2026-09-19	loom-searched surface to its callers, and M-136 declined to pick. It fails silently, which
356	433	context	at-creation	2026-09-19	2026-09-19	M-433 on 2026-09-19. Premise checked against the tree that day and unchanged:
357	75	context	at-creation	2026-09-19	2026-09-19	# 357. `NOT-STARTED` is the third status that can be false, and M-75 is the proof
357	252	context	at-creation	2026-09-19	2026-09-19	**Status: NOT-STARTED.** Filed as a proposal on 2026-09-03 by the M-252 sweep; promoted by
357	433	context	at-creation	2026-09-19	2026-09-19	M-433 on 2026-09-19. Both halves checked against the tree that day and both still hold.
357	75	context	at-creation	2026-09-19	2026-09-19	`design/roadmap/75-cycle-counter-authority.md` still reads `NOT-STARTED` with `Gate: DECISION`,
357	74	context	at-creation	2026-09-19	2026-09-19	though DECISIONS S-139 answered that decision on 2026-09-02 and M-74's own gate line now
357	75	context	later	2026-09-03	2026-09-19	**Gate: NONE.** Fixing M-75's status is a paragraph and a word, and the design question
357	252	context	later	2026-09-03	2026-09-19	**In brief.** M-247 gated `BUILT` and `REMOVED`; M-252 gated `PARTIAL`. Three
357	75	context	later	2026-09-03	2026-09-19	of them rots the same way. **`design/roadmap/75-cycle-counter-authority.md` reads `NOT-STARTED` with
357	74	context	later	2026-09-03	2026-09-19	one of them, M-74, carries `MILESTONE 75` in its own gate line, so the staleness propagates
357	252	context	at-creation	2026-09-19	2026-09-19	M-247 gated `BUILT` and `REMOVED`, M-252 gated `PARTIAL`, and the rest of the status
357	75	context	at-creation	2026-09-19	2026-09-19	vocabulary rots with nothing watching it. `design/roadmap/75-cycle-counter-authority.md` is the
358	252	context	at-creation	2026-09-19	2026-09-19	**Status: NOT-STARTED.** Filed as a proposal on 2026-09-03 by the M-252 sweep, from
358	139	context	at-creation	2026-09-19	2026-09-19	M-139's block; promoted by M-433 on 2026-09-19. Counted against the tree that day
358	433	context	at-creation	2026-09-19	2026-09-19	M-139's block; promoted by M-433 on 2026-09-19. Counted against the tree that day
359	247	context	at-creation	2026-09-19	2026-09-19	**Status: NOT-STARTED.** Filed as a proposal on 2026-09-03 by the M-247 sweep, from
359	119	context	at-creation	2026-09-19	2026-09-19	M-119's block; promoted by M-433 on 2026-09-19. Read against `script/verify` that
359	433	context	at-creation	2026-09-19	2026-09-19	M-119's block; promoted by M-433 on 2026-09-19. Read against `script/verify` that
359	119	context	at-creation	2026-09-19	2026-09-19	where the false positives come from. Two of M-119's three blind spots remain: any
360	247	context	at-creation	2026-09-19	2026-09-19	**Status: NOT-STARTED.** Filed as a proposal on 2026-09-03 by the M-247 sweep, from
360	197	context	at-creation	2026-09-19	2026-09-19	M-197's block; promoted by M-433 on 2026-09-19. Checked against the tree that day
360	433	context	at-creation	2026-09-19	2026-09-19	M-197's block; promoted by M-433 on 2026-09-19. Checked against the tree that day
360	6	context	later	2026-09-03	2026-09-19	a detail of it. Too high and the arch layer keeps the M-6 drift bug it has today; too low
360	6	context	later	2026-09-03	2026-09-19	layer keeps the M-6 drift bug, too low and every ISA restates it. Until it moves, the tree's
360	6	context	at-creation	2026-09-19	2026-09-19	to tell the two apart. The bug on the other side is concrete, since M-6's drift defect lives
361	188	context	at-creation	2026-09-19	2026-09-19	**Status: SUPERSEDED.** 2026-09-19, by M-188's phases 1 to 3, which re-measured and
361	247	context	at-creation	2026-09-19	2026-09-19	2026-09-03 by the M-247 sweep, from M-237's block, and re-measured by the pull
361	237	context	at-creation	2026-09-19	2026-09-19	2026-09-03 by the M-247 sweep, from M-237's block, and re-measured by the pull
361	237	context	at-creation	2026-09-19	2026-09-19	against those numbers. What remains of the concern is the standing one M-237 owns, that a
361	237	context	at-creation	2026-09-19	2026-09-19	Two of three fastpath footprint baselines had drifted with nobody able to say why, and M-237
361	433	context	at-creation	2026-09-19	2026-09-19	M-433, with the measurement it carried (all three ISAs drifting, x86_64 the fastest at 1.9%
362	433	context	at-creation	2026-09-19	2026-09-19	M-433 numbers 420 and which names the RNG as one of its six devices. Filed as a proposal on
362	247	context	at-creation	2026-09-19	2026-09-19	2026-09-03 by the M-247 sweep, from M-176's block. Checked on 2026-09-19 and the
362	176	context	at-creation	2026-09-19	2026-09-19	2026-09-03 by the M-247 sweep, from M-176's block. Checked on 2026-09-19 and the
362	215	context	later	2026-09-03	2026-09-19	own bullet says so: M-215 proposes attaching the rest of the x86_64 test fixtures (the
362	364	context	at-creation	2026-09-19	2026-09-19	`design/roadmap/364-x86-64-test-fixtures.md`, written by the same sweep. This file exists so
362	247	context	at-creation	2026-09-19	2026-09-19	the M-247 sweep so the item would not be lost while the larger x86_64 fixture lane was
363	247	context	at-creation	2026-09-19	2026-09-19	**Status: NOT-STARTED.** Filed as a proposal on 2026-09-03 by the M-247 sweep, from
363	15	context	at-creation	2026-09-19	2026-09-19	M-15's block; promoted by M-433 on 2026-09-19. Checked that day: nothing in `bench/`
363	433	context	at-creation	2026-09-19	2026-09-19	M-15's block; promoted by M-433 on 2026-09-19. Checked that day: nothing in `bench/`
363	15	context	later	2026-09-03	2026-09-19	this is worth a board's time. This kernel bounds concurrent address spaces at 160 and M-15
363	58	prerequisite	later	2026-09-03	2026-09-19	M-58, because `sfence.vma` is local and discharging a tag machine-wide needs an IPI to
364	303	context	at-creation	2026-09-19	2026-09-19	server's disk lookup transport-blind and attaching the RedoxFS image, was built by M-303 on
364	303	context	at-creation	2026-09-19	2026-09-19	2026-09-16. The rest was restated by the M-303 lane the same day as the proposal
364	433	context	at-creation	2026-09-19	2026-09-19	`the-rest-of-the-x86-64-fixture-set`, which M-433 numbers 420, with the device list
364	247	context	at-creation	2026-09-19	2026-09-19	itemised and the structural obstacle recorded as gone. Filed here on 2026-09-03 by the M-247
364	215	context	at-creation	2026-09-19	2026-09-19	sweep, from M-215's block. Checked on 2026-09-19: `scripts/qemu-runner-x86_64.sh` now
364	303	context	at-creation	2026-09-19	2026-09-19	lookup and the RedoxFS image) and the M-303 lane restated the remainder the same day with
364	433	context	at-creation	2026-09-19	2026-09-19	act by M-433. The measure it proposed is worth keeping: the count of tests taking a "no
365	247	context	at-creation	2026-09-19	2026-09-19	requests armed. Filed as a proposal on 2026-09-03 by the M-247 sweep, from M-130's
365	130	context	at-creation	2026-09-19	2026-09-19	requests armed. Filed as a proposal on 2026-09-03 by the M-247 sweep, from M-130's
365	433	context	at-creation	2026-09-19	2026-09-19	block; promoted by M-433 on 2026-09-19 and taken the same day. The file was **11,124 lines**
365	157	context	at-creation	2026-09-19	2026-09-19	| `stick.rs` | 445 | unchanged; M-157's boot stick |
365	130	context	at-creation	2026-09-19	2026-09-19	Three things broke and all three were build errors, which is the failure mode M-130's
366	133	context	at-creation	2026-09-19	2026-09-19	**Status: NOT-STARTED.** Filed as a proposal on 2026-09-04 by the M-133 lane, from that
366	433	context	at-creation	2026-09-19	2026-09-19	milestone's block; promoted by M-433 on 2026-09-19. Read against the tree that day and
366	133	context	later	2026-09-04	2026-09-19	## Why this matters more since M-133
366	133	context	at-creation	2026-09-19	2026-09-19	`Blocked` by hand and leave `wait_on` holding whatever the last wait left there. Since M-133
367	134	context	at-creation	2026-09-19	2026-09-19	writing the bench procedure for M-134's E3; promoted by M-433 on 2026-09-19. Checked
367	433	context	at-creation	2026-09-19	2026-09-19	writing the bench procedure for M-134's E3; promoted by M-433 on 2026-09-19. Checked
368	133	context	at-creation	2026-09-19	2026-09-19	**Status: NOT-STARTED.** Filed as a proposal on 2026-09-04 by the M-133 lane; promoted by
368	433	context	at-creation	2026-09-19	2026-09-19	M-433 on 2026-09-19. Read against `script/fastpath-footprint` that day and every part of the
368	133	context	later	2026-09-04	2026-09-19	Three things this instance settles that the M-133 one could only assert:
368	220	context	later	2026-09-04	2026-09-19	**2026-09-04, M-220's lane**, whose change adds a clock-and-reset driver and touches no
368	156	context	later	2026-09-04	2026-09-19	M-156's spawn-path bodies. The cost is that the pattern is invisible until you trip it,
368	132	followon	later	2026-09-04	2026-09-19	M-133's Follow-on. `design/roadmap/132-the-fastpath-footprint.md` owns the gate.
368	133	context	at-creation	2026-09-19	2026-09-19	`riscv_trap_body` under M-133's change, +12.1%; `plic::disable` under a one-line toolchain
368	220	context	at-creation	2026-09-19	2026-09-19	bump, +10.4%; and `syscall::dispatch` vanishing into the exception handler under M-220's,
369	243	context	at-creation	2026-09-19	2026-09-19	**Status: NOT-STARTED.** Filed as a proposal on 2026-09-04 by the M-243 lane, from its own
369	433	context	at-creation	2026-09-19	2026-09-19	block's second problem; promoted by M-433 on 2026-09-19. Checked that day: the gate it names
369	216	context	later	2026-09-04	2026-09-19	reading a monitor and taking a photograph, which is precisely the state M-216 got the
369	242	context	later	2026-09-04	2026-09-19	1. **USB mass storage**, which is M-242's neighbourhood rather than this proposal's.
369	249	context	later	2026-09-04	2026-09-19	and cannot produce the boot-lottery samples M-249 wants. It is recorded in
369	216	context	at-creation	2026-09-19	2026-09-19	precisely the state M-216 got the VisionFive 2 out of for boards that have a serial port.
370	433	context	at-creation	2026-09-19	2026-09-19	promoted by M-433 on 2026-09-19, built the same day. "What was built" below is the record;
370	188	context	at-creation	2026-09-19	2026-09-19	`script/fastpath-footprint`'s number predicts latency, which is what M-188 phase 4 leans
370	188	context	later	2026-09-04	2026-09-19	**It decides M-188 phase 4.** That block is holding a hand-written IPC fastpath, a standing
370	188	context	later	2026-09-04	2026-09-19	`design/roadmap/188-ipc-fastpath.md` is what it blocks.
370	134	context	at-creation	2026-09-19	2026-09-19	itself: the result is M-134's radon evening.
370	134	context	at-creation	2026-09-19	2026-09-19	M-134's optional per-IPC-depth boot rests on the same assumption.
370	188	context	at-creation	2026-09-19	2026-09-19	layout does not. It decides M-188's phase 4, which is holding a hand-written IPC fastpath on
371	254	context	at-creation	2026-09-19	2026-09-19	**Status: NOT-STARTED.** Filed as a proposal on 2026-09-04 by the M-254 lane, out of the
371	433	context	at-creation	2026-09-19	2026-09-19	hazard that milestone shipped a mitigation for rather than a fix; promoted by M-433 on
371	106	context	later	2026-09-03	2026-09-19	today. A deadline on `CALL` (M-106) would move that cost onto a timer, where it is a
372	433	context	at-creation	2026-09-19	2026-09-19	`maintainer/ready-on-a-dead-device` lane; promoted by M-433 on 2026-09-19. Checked against
372	159	context	later	2026-09-04	2026-09-19	and refuses `READY` when every byte of it is zero (M-159's block, "Fixed 2026-09-04"). That
373	433	context	at-creation	2026-09-19	2026-09-19	promoted by M-433 on 2026-09-19. **The premise was checked that day and half of it has
374	433	context	at-creation	2026-09-19	2026-09-19	promoted by M-433 on 2026-09-19. Checked against the tree that day. `bench::timed` still
374	74	context	at-creation	2026-09-19	2026-09-19	cycles on all three architectures now (M-74's riscv64 half, M-309's x86_64 half) and
374	309	context	at-creation	2026-09-19	2026-09-19	cycles on all three architectures now (M-74's riscv64 half, M-309's x86_64 half) and
374	134	context	later	2026-09-04	2026-09-19	M6 (instruction-cache misses per IPC) in M-134's tier B, and **nothing in this tree reads a
374	74	context	later	2026-09-04	2026-09-19	notes/footprint-perturbation.md, "What M-74's riscv64 half adds, and what it still cannot see".
374	229	context	at-creation	2026-09-19	2026-09-19	counter exists and M-229's per-thread grant is the authority DECISIONS S-139 decided; neither
374	134	context	at-creation	2026-09-19	2026-09-19	which is M-134's tier B.
375	188	context	at-creation	2026-09-19	2026-09-19	**Status: BUILT 2026-09-04.** Filed as a proposal that morning by the M-188 lane (phases 1
375	433	context	at-creation	2026-09-19	2026-09-19	the file. Promoted by M-433 on 2026-09-19, when the record was checked: six boots on radon,
375	74	context	at-creation	2026-09-19	2026-09-19	`bench: cntfrq 4000000` and `bench: cycles_per_tick 250.00`, which is M-74's riscv64 PMU
375	370	prerequisite	at-creation	2026-09-19	2026-09-19	until a layout control exists. That control is M-370. The other half this file handed off,
375	374	context	at-creation	2026-09-19	2026-09-19	is `design/roadmap/374-cycles-per-ipc-on-the-bench-card.md`.
375	188	context	at-creation	2026-09-19	2026-09-19	1.00x**: E3 was padding the shape nothing in this tree runs, which is the shape M-188 phase 1
375	188	context	at-creation	2026-09-19	2026-09-19	**It is the measurement that decides M-188 phase 4**, a hand-written IPC fastpath, which is
375	134	context	at-creation	2026-09-19	2026-09-19	attributed across a workload, which is M-134's tier B and M-127's silicon. This
375	127	context	at-creation	2026-09-19	2026-09-19	attributed across a workload, which is M-134's tier B and M-127's silicon. This
375	188	followon	at-creation	2026-09-19	2026-09-19	`design/roadmap/188-ipc-fastpath.md`'s Follow-on. `design/roadmap/134-the-measurements-that-decide.md`
375	134	followon	at-creation	2026-09-19	2026-09-19	`design/roadmap/188-ipc-fastpath.md`'s Follow-on. `design/roadmap/134-the-measurements-that-decide.md`
375	132	context	at-creation	2026-09-19	2026-09-19	owns E3; `design/roadmap/132-the-fastpath-footprint.md` owns the gate.
375	370	context	at-creation	2026-09-19	2026-09-19	yet: `design/roadmap/370-a-layout-control-for-the-perturbation-experiments.md`.
375	374	context	at-creation	2026-09-19	2026-09-19	still quantised at 250 ns: `design/roadmap/374-cycles-per-ipc-on-the-bench-card.md`.
375	134	context	at-creation	2026-09-19	2026-09-19	cache-miss events across a workload, which is M-134's tier B, and nothing in this tree
375	74	context	at-creation	2026-09-19	2026-09-19	ceiling was derived from, six interleaved boots, one card written six times, with M-74's SBI
375	370	prerequisite	at-creation	2026-09-19	2026-09-19	confounded by code layout and M-370 is what it now needs. The two experiments riding along,
376	220	context	at-creation	2026-09-19	2026-09-19	**Status: NOT-STARTED.** Filed as a proposal on 2026-09-04 by the M-220 lane, which wrote
376	433	context	at-creation	2026-09-19	2026-09-19	promoted by M-433 on 2026-09-19. Checked against the tree that day and nothing has moved:
376	220	context	later	2026-09-04	2026-09-19	let it) is the argument M-220 reused and the one this would extend. S-40's subtree death is
377	243	context	at-creation	2026-09-19	2026-09-19	**Status: NOT-STARTED.** Filed as a proposal on 2026-09-04 by the M-243 lane, out of its own
377	433	context	at-creation	2026-09-19	2026-09-19	duplication; promoted by M-433 on 2026-09-19. Counted against the tree that day and both
377	177	context	later	2026-09-04	2026-09-19	- `xtask/src/main.rs`: `parse_ppm`, `decode_cell`, `scanout_rows`, written by M-177 for the
377	243	context	later	2026-09-04	2026-09-19	- `crates/board_console/src/screen.rs`, written by M-243 for the framebuffer console's gate.
377	177	context	later	2026-09-04	2026-09-19	asserts itself against the kernel's own painter; M-177's asserts itself against a font
377	177	context	later	2026-09-04	2026-09-19	It touches M-177's graphical `shell-check` leg, which is a real gate on a real path, and the
377	177	context	at-creation	2026-09-19	2026-09-19	`bitmap_font`: M-177's three functions inside `xtask`, hardcoded to `graphics_protocol`'s
377	243	context	at-creation	2026-09-19	2026-09-19	geometry and `video_terminal::Attr::DEFAULT`'s colours, and M-243's
377	177	context	at-creation	2026-09-19	2026-09-19	them asserts itself against the kernel's own painter. The hazard is that it touches M-177's
378	433	context	at-creation	2026-09-19	2026-09-19	into notes/xenon-firmware.md; promoted by M-433 on 2026-09-19, when the tree was read
378	317	context	at-creation	2026-09-19	2026-09-19	(`bench/xenon-2026-09-17/first-light-095500.log`) predates M-317, so it carries the DRHD
378	195	context	at-creation	2026-09-19	2026-09-19	- **`design/roadmap/195-uefi-boot-finish.md`'s remaining open question** closes, or is shown to
378	317	context	at-creation	2026-09-19	2026-09-19	- **Outstanding.** One boot of xenon under a kernel built since M-317, reading the `iommu`
378	161	context	at-creation	2026-09-19	2026-09-19	cheapest. Most of it has since been built elsewhere: M-161 parses the DMAR and carries the
378	317	context	at-creation	2026-09-19	2026-09-19	first unit's register base, and M-317 reads `ECAP.IR` from inside the guest and prints it,
379	433	context	at-creation	2026-09-19	2026-09-19	learning it wanted two cards and he has one; promoted by M-433 on 2026-09-19. Checked
379	375	context	at-creation	2026-09-19	2026-09-19	which is M-375, so the cost this names is now measured rather than predicted.
379	87	context	later	2026-09-04	2026-09-19	decoded it since M-87, and nothing read it until 243 did. On riscv64 the boot script is
379	218	context	later	2026-09-04	2026-09-19	M-218's `boot.scr`, which is ours to write, so the token has an obvious home.
379	373	context	at-creation	2026-09-19	2026-09-19	(`design/roadmap/373-board-only-features-nothing-compiles.md`, whose own status line records that
379	218	context	at-creation	2026-09-19	2026-09-19	on both the PVH path and M-218's `boot.scr`. The design question is the whole of the work
380	188	context	at-creation	2026-09-19	2026-09-19	# 380. DECISIONS S-144's ceiling names two terms and M-188 changed both
380	188	context	at-creation	2026-09-19	2026-09-19	**Status: BUILT 2026-09-04.** Filed as a proposal that day by the M-188 lane, and folded
380	433	context	at-creation	2026-09-19	2026-09-19	it was written as a proposal rather than as an edit. Promoted by M-433 on 2026-09-19, when
380	188	context	at-creation	2026-09-19	2026-09-19	`total`"*, carries a paragraph headed **"Amended 2026-09-04, the same day, because M-188
380	188	context	at-creation	2026-09-19	2026-09-19	| | S-144, as recorded | after M-188 | fraction of 16 KiB |
380	188	followon	at-creation	2026-09-19	2026-09-19	`design/roadmap/188-ipc-fastpath.md`'s Follow-on.
380	188	context	at-creation	2026-09-19	2026-09-19	- **Refused.** Moving the 16 KiB number. Neither this block nor M-188 asked calef to, and
381	433	context	at-creation	2026-09-19	2026-09-19	M-433's drain of the proposal pile. **Premise re-read against the tree on 2026-09-19 and
381	243	context	later	2026-09-04	2026-09-19	| `find_screen` | 9 | M-243's framebuffer discovery |
381	244	context	later	2026-09-04	2026-09-19	less than the seam costs, which is exactly the trade M-244 measured for `system_initializer`
382	168	context	at-creation	2026-09-19	2026-09-19	**Status: BUILT** 2026-09-19, by M-168's own lane, in a different session and on the same
382	433	context	at-creation	2026-09-19	2026-09-19	168 and deleting the file. calef's ruling from M-433 decides which survives: a proposal is
382	168	context	at-creation	2026-09-19	2026-09-19	nothing**. So the number stays, the status moves, and M-168 cites the block rather than a
382	168	context	at-creation	2026-09-19	2026-09-19	path that no longer exists. Filed 2026-09-04 as an unnumbered proposal by M-168's lane, from
382	433	context	at-creation	2026-09-19	2026-09-19	`crates/job_mix`'s own `BUGS`; numbered 2026-09-19 by M-433's drain. *(Number provisional
382	168	context	at-creation	2026-09-19	2026-09-19	**It carried `Gate: NONE`** for the design, with the *result* it improves still behind M-168's `HARDWARE`. The line is gone because a finished block's ...
382	493	prerequisite	at-creation	2026-09-20	2026-09-19	M-493 (a disk-file job mix needs a disk), `design/roadmap/493-a-disk-file-job-mix-needs-a-disk-radon-can-drive.md`, which names the
382	168	context	at-creation	2026-09-19	2026-09-19	Recorded in M-168's `BUGS`, where a reader meets the instrument.
383	259	context	at-creation	2026-09-19	2026-09-19	**Status: NOT-STARTED.** Filed 2026-09-05 as an unnumbered proposal by M-259's notes sweep,
383	433	context	at-creation	2026-09-19	2026-09-19	which spent more than half its corrections on this one shape; numbered 2026-09-19 by M-433's
383	93	context	at-creation	2026-09-19	2026-09-19	M-93's documentation sweep at 31 unresolvable backticked paths over 379 markdown files,
383	259	followon	later	2026-09-05	2026-09-19	M-259), and `design/roadmap/` has the disease `notes/follow-on-work.md` already recorded.
383	259	context	later	2026-09-05	2026-09-19	Every one of M-259's 262 path corrections, and one thing worth more than the prose: the
384	433	context	at-creation	2026-09-19	2026-09-19	milestone covered `curl` or `wget`; numbered 2026-09-19 by M-433's drain of the proposal
384	298	context	at-creation	2026-09-19	2026-09-19	it: M-298 retired the multicast DNS responder on 2026-09-15, and its block cites this
384	99	context	later	2026-09-05	2026-09-19	are M-99's `clone` half and M-174, and both of those reach a host by name.
384	174	context	later	2026-09-05	2026-09-19	are M-99's `clone` half and M-174, and both of those reach a host by name.
384	387	context	at-creation	2026-09-19	2026-09-19	M-387, `design/roadmap/387-a-tls-stack-and-which-one.md`, and the two belong to the same
384	298	context	later	2026-09-14	2026-09-19	error. It was retired on 2026-09-15 (M-298, notes/mdns.md). **Its general half is worth
384	387	context	at-creation	2026-09-19	2026-09-19	the same observation as the trust-store half of M-387's TLS fork, and a small concrete
385	433	context	at-creation	2026-09-19	2026-09-19	things missing; numbered 2026-09-19 by M-433's drain of the proposal pile. **Premise re-read
385	99	context	at-creation	2026-09-19	2026-09-19	corrected, which is the whole point of the block rather than a reason to close it: M-99's
385	259	context	later	2026-09-14	2026-09-19	never pushed, while M-259 (sweep `notes/` for claims that stopped being true), minted and
385	121	context	later	2026-09-14	2026-09-19	rows false; M-121 ran unmodified `ripgrep` on 2026-08-31.
385	107	context	later	2026-09-14	2026-09-19	shipped with M-107 on 2026-08-04. Its own gate line had been corrected on 2026-08-15 and
385	198	context	later	2026-09-14	2026-09-19	- **A TLS proposal written the same evening** listed M-198 as needing client-side TLS, which
385	66	context	later	2026-09-14	2026-09-19	rewritten and now marks each old claim false, M-66's table no longer says listen and accept
385	99	context	later	2026-09-14	2026-09-19	M-99 still counted a compressor among things the tree has or is building, when nothing in the
385	258	context	later	2026-09-14	2026-09-19	tree compresses and M-258 (archive and compression) is `NOT-STARTED`. It is corrected in the
385	107	context	later	2026-09-14	2026-09-19	| M-66's gap table | **yes**, `M-107` and `M-64`, inside the stale region | **yes** |
385	64	context	later	2026-09-14	2026-09-19	| M-66's gap table | **yes**, `M-107` and `M-64`, inside the stale region | **yes** |
385	7	context	later	2026-09-14	2026-09-19	| `notes/why-not-general-purpose.md` | **no.** It cited M-7 and S-4, S-5, S-10, S-11, and none of 30, 33, 57 or 121 | **no** |
385	247	prerequisite	later	2026-09-14	2026-09-19	**What the other half wants is a sweep, not a gate**, and there is precedent: M-247 swept
385	275	context	later	2026-09-14	2026-09-19	**The closest built relative is M-275** (a gate that diffs `design/fatal-risks.md` against the
385	30	context	later	2026-09-14	2026-09-19	- **It cannot tell staleness from correctness.** A note saying *"M-30 built the net stack"*
385	383	context	at-creation	2026-09-19	2026-09-19	backticked path that does not resolve passes every other gate: M-383,
385	383	context	at-creation	2026-09-19	2026-09-19	`design/roadmap/383-a-backticked-path-that-does-not-resolve.md`, is the general fix, and it is
385	66	context	at-creation	2026-09-19	2026-09-19	no networking, no writable filesystem, no display and no SMP, five of six rows false; M-66's
385	107	context	at-creation	2026-09-19	2026-09-19	gap table said TCP listen and accept were absent from the contract a month after M-107
386	264	context	at-creation	2026-09-19	2026-09-19	**Status: NOT-STARTED.** Filed 2026-09-05 as an unnumbered proposal by M-264, whose largest
386	433	context	at-creation	2026-09-19	2026-09-19	2026-09-19 by M-433's drain of the proposal pile. **The premise has decayed and the block is
386	40	context	at-creation	2026-09-19	2026-09-19	`unclosed_fence` carries `Name: unrecorded. Provisional, minted by M-40's lane on
387	433	context	at-creation	2026-09-19	2026-09-19	whether a milestone covered OpenSSL; numbered 2026-09-19 by M-433's drain of the proposal
387	202	context	later	2026-09-05	2026-09-19	seam, `c_shim`, `c_confiner`, `c_swappable`, and M-202's 26 enumerated confinement claims
387	99	context	later	2026-09-05	2026-09-19	| **client** | M-99 (`git` on nife), for the `clone` half; M-174 (nife as a thin development client), reaching its build service | nothing ...
387	174	context	later	2026-09-05	2026-09-19	| **client** | M-99 (`git` on nife), for the `clone` half; M-174 (nife as a thin development client), reaching its build service | nothing ...
387	66	context	later	2026-09-05	2026-09-19	| **server** | M-66 (Vaultwarden) | 66's own concurrency gap: `ACCEPT` re-arms but the backlog is one connection deep |
387	198	context	later	2026-09-05	2026-09-19	An earlier version of the table above named M-198 (a package manager) as needing client-side
387	66	prerequisite	later	2026-09-05	2026-09-19	build system, and M-66 already says the smaller SQLite needs *"the S-31 seam plus real
387	99	context	at-creation	2026-09-19	2026-09-19	TLS are different milestones with different consumers: the client half has two (M-99's
387	174	context	at-creation	2026-09-19	2026-09-19	`clone`, M-174's build service) and is blocked on nothing, while the server half has one
387	66	context	at-creation	2026-09-19	2026-09-19	(M-66) and waits on 66's own one-deep accept backlog. M-198 was listed as a consumer
388	264	context	at-creation	2026-09-19	2026-09-19	**Status: NOT-STARTED.** Filed 2026-09-05 as an unnumbered proposal by M-264, which asked
388	433	context	at-creation	2026-09-19	2026-09-19	M-433's drain of the proposal pile. **Premise re-read against the tree on 2026-09-19.** The
388	265	context	later	2026-09-14	2026-09-19	**The two stem rulings were recorded and not performed**, deliberately, and M-265 performed
388	290	context	later	2026-09-14	2026-09-19	to: M-290 split it into `network_time_client`, `network_time_test_server` and
388	265	context	later	2026-09-14	2026-09-19	| ~~`ntp`, `ntp_proto`~~ | network time protocol | Expands into something more informative than itself, which is the deratified class. Against: it is the ...
388	290	context	later	2026-09-14	2026-09-19	| ~~`ntp`, `ntp_proto`~~ | network time protocol | Expands into something more informative than itself, which is the deratified class. Against: it is the ...
388	265	context	later	2026-09-14	2026-09-19	| ~~`mdns_proto`, `mdns_config`, `mdns_responder`~~ | multicast DNS | The expansion contains a second acronym. A full spelling runs to ...
388	265	context	later	2026-09-14	2026-09-19	line, and the reasoning is in M-265's block and in
388	298	context	later	2026-09-14	2026-09-19	on 2026-09-15 by M-298; the provenance is at commit `0652c981`).
388	264	context	at-creation	2026-09-19	2026-09-19	halves. The four names M-264 surfaced were all ruled by calef on 2026-09-13 and performed by
389	433	context	at-creation	2026-09-19	2026-09-19	milestone covered Tailscale; numbered 2026-09-19 by M-433's drain of the proposal pile.
389	257	context	at-creation	2026-09-19	2026-09-19	hazard, in `xtask/src/main.rs`, M-257's block, `notes/visionfive2.md` and
389	384	context	at-creation	2026-09-19	2026-09-19	resolver (M-384) and no TLS (M-387). *(Number provisional until the merge queue
389	387	context	at-creation	2026-09-19	2026-09-19	resolver (M-384) and no TLS (M-387). *(Number provisional until the merge queue
389	257	context	later	2026-09-05	2026-09-19	**A Tailscale default route makes "what is my own address" ambiguous, and it cost M-257 a
389	384	context	at-creation	2026-09-19	2026-09-19	| `/etc/resolv.conf`: any program resolves any name | a resolver grant that answers for one domain (M-384) |
389	387	context	at-creation	2026-09-19	2026-09-19	| `/etc/ssl/certs`: any program verifies against all ~150 authorities | a trust store granted as the roots one peer chains to (M-387) |
389	257	context	at-creation	2026-09-19	2026-09-19	on the bench LAN can reach, which cost M-257 a correct server discovery. And it carries the
390	111	context	at-creation	2026-09-19	2026-09-19	**Status: NOT-STARTED.** Filed 2026-09-05 as an unnumbered proposal by M-111's lane, which
390	433	context	at-creation	2026-09-19	2026-09-19	hit this and worked around it; numbered 2026-09-19 by M-433's drain of the proposal pile.
390	19	context	later	2026-09-05	2026-09-19	directs (M-19d), and this changes only what the kernel's own test-support spawn can express
390	111	context	at-creation	2026-09-19	2026-09-19	M-111's entropy endowment, and a fourth named slot inherits the gap for free. The shape is a
391	433	context	at-creation	2026-09-19	2026-09-19	while deciding how `swish` reaches a console on x86_64; numbered 2026-09-19 by M-433's drain
391	269	context	at-creation	2026-09-19	2026-09-19	it on the console's momentum, and M-269, which that refusal named as the consumer to decide
391	435	context	at-creation	2026-09-19	2026-09-19	here on 2026-09-19 by M-435's slice-c lane, which found this gate naming no section. S-149 is
391	268	context	later	2026-09-09	2026-09-19	M-268 prints at boot. Today there is **no way for a program to ask for any of them**, and the
391	193	context	later	2026-09-09	2026-09-19	than argued about, and M-193 only recently put `kernel/src` within reach of the prover.
391	268	context	at-creation	2026-09-19	2026-09-19	M-268 prints at boot) and no program can ask for any of them today. The obvious route is a
391	269	context	at-creation	2026-09-19	2026-09-19	consumer exists, and M-269 is that consumer.
392	433	context	at-creation	2026-09-19	2026-09-19	2026-09-19 by M-433's drain of the proposal pile. **Premise re-read against the tree on
392	145	context	later	2026-09-10	2026-09-19	declines to drive", and M-145's `None` path already means the first thing. So the choice is
393	278	context	at-creation	2026-09-19	2026-09-19	**Status: NOT-STARTED.** Filed 2026-09-12 as an unnumbered proposal from M-278's block,
393	433	context	at-creation	2026-09-19	2026-09-19	which touches all four lists and would have made it five; numbered 2026-09-19 by M-433's
393	244	context	later	2026-09-12	2026-09-19	widened to four consumers, which M-244 already did. The remaining defect is that four
393	278	context	later	2026-09-12	2026-09-19	M-278's argument is that the *boundary* is in the wrong place, not that the rule is wrong.
394	433	context	at-creation	2026-09-19	2026-09-19	existed to print for it running; numbered 2026-09-19 by M-433's drain of the proposal pile.
394	267	context	at-creation	2026-09-19	2026-09-19	`#[expect(dead_code, reason = "no client since the narrator went; see M-267's block")]` on
394	435	context	at-creation	2026-09-19	2026-09-19	2026-09-19 by M-435's slice-c lane because this gate named no section and the ask lived only
394	267	context	at-creation	2026-09-19	2026-09-19	`#[expect(dead_code)]`'s `reason` string names *M-267's block*, which forwards here, so the
394	266	context	later	2026-09-13	2026-09-19	M-266 landed first to make safe to open, and the three boot arms diverge there. That is not
395	175	context	at-creation	2026-09-19	2026-09-19	**Status: NOT-STARTED.** Filed 2026-09-13 as an unnumbered proposal by M-175's
395	433	context	at-creation	2026-09-19	2026-09-19	M-433's drain of the proposal pile. **Premise re-read against the tree on 2026-09-19. The
395	281	context	at-creation	2026-09-19	2026-09-19	this was filed. `watch` was cut by M-281, on calef's *"We can cut `ps` with the `watch` and simplify."*,
395	435	context	at-creation	2026-09-19	2026-09-19	by M-435's slice-c lane because this gate named no section.
395	175	context	later	2026-09-13	2026-09-19	## What M-175 found
395	175	context	later	2026-09-13	2026-09-19	**Doing it later costs the repoint twice.** That is M-175's own argument for performing the
395	175	context	later	2026-09-13	2026-09-19	Whether `net_transport` gets lifted into a crate (M-175's block leaves that open), and
395	39	context	at-creation	2026-09-19	2026-09-19	forced fit: M-39 defines a component as the shippable unit, a binary plus its manifest, and
396	287	context	at-creation	2026-09-19	2026-09-19	**Status: NOT-STARTED.** Filed 2026-09-13 as an unnumbered proposal by M-287, which found it
396	433	context	at-creation	2026-09-19	2026-09-19	stops short of the claim; numbered 2026-09-19 by M-433's drain of the proposal pile.
396	87	context	later	2026-09-13	2026-09-19	M-87's UEFI firmware, and Ubuntu 24.04 spells it `OVMF_CODE_4M.fd`. **Measured on the prefix
396	287	context	later	2026-09-13	2026-09-19	## Why M-287 did not do it
396	287	context	later	2026-09-13	2026-09-19	would be the shape M-287 exists to correct: a change that looks right and was never run
396	287	context	later	2026-09-13	2026-09-19	There is a second-order effect worth stating, because M-287 introduced it. `script/bootstrap`
397	286	context	at-creation	2026-09-19	2026-09-19	**Status: NOT-STARTED.** Filed 2026-09-13 as an unnumbered proposal by M-286's lane, out of
397	433	context	at-creation	2026-09-19	2026-09-19	a failure that milestone measured on its own container; numbered 2026-09-19 by M-433's drain
397	287	context	at-creation	2026-09-19	2026-09-19	`script/qemu-check`, which judges whether what is present is adequate. Weakened: M-287
397	435	context	at-creation	2026-09-19	2026-09-19	2026-09-19 by M-435's slice-c lane because this gate named no section. That section also
397	16	context	later	2026-09-13	2026-09-19	(M-16b, `DECISIONS S-20`). `script/bootstrap` installed nothing, broke nothing, found
397	286	context	at-creation	2026-09-19	2026-09-19	adequate are different questions that fail in different ways, and M-286 made the conflation
398	283	context	at-creation	2026-09-19	2026-09-19	**Status: NOT-STARTED.** Filed 2026-09-13 as an unnumbered proposal, found by M-283's gate
398	433	context	at-creation	2026-09-19	2026-09-19	firing on a record nobody knew was there; numbered 2026-09-19 by M-433's drain of the
398	175	context	at-creation	2026-09-19	2026-09-19	`fixtures/` rather than `user/src/` since M-175. **The cheap half this block asks for first
398	435	context	at-creation	2026-09-19	2026-09-19	2026-09-19 by M-435's slice-c lane because this gate named no section. What counts as a
398	283	context	later	2026-09-13	2026-09-19	2. **Where does its block live?** Not in the file's header, because M-283 reserved that
398	283	context	later	2026-09-13	2026-09-19	## What M-283 did in the meantime
398	283	context	at-creation	2026-09-19	2026-09-19	a Cargo package) and M-283's gate fired on a fifth that carries provenance at the thing
398	115	context	at-creation	2026-09-19	2026-09-19	exactly as M-115 asks, on a surface nothing has ever listed: `measured_boot`'s
399	266	context	at-creation	2026-09-19	2026-09-19	# 399. The six `init` roles in `hello`, which M-266's title says should not exist
399	405	context	at-creation	2026-09-19	2026-09-19	**Status: SUPERSEDED.** 2026-09-19, by M-405, which was filed one day after this one by a
399	266	context	at-creation	2026-09-19	2026-09-19	Filed 2026-09-13 as an unnumbered proposal by the lane that finished M-266's prose sweep;
399	433	context	at-creation	2026-09-19	2026-09-19	numbered and disposed of in one act on 2026-09-19 by M-433's drain of the proposal pile,
399	405	context	at-creation	2026-09-19	2026-09-19	`SUPERSEDED` rather than `NOT-STARTED` is M-405's own argument, which this block cannot
399	405	context	at-creation	2026-09-19	2026-09-19	**Gate: NONE.** Nothing gates this because nothing should start it: the work is M-405's, and
399	266	context	later	2026-09-13	2026-09-19	(27), and that is exactly the one M-266 moved out to `components/src/progenitor.rs`. What is
399	22	context	later	2026-09-13	2026-09-19	- **`SPAWNER_*` is refused** for the same reason one level over: `spawner` is M-22's
399	405	context	at-creation	2026-09-19	2026-09-19	M-405 rather than open, because 405 turns these six parents into programs with their own
400	198	context	at-creation	2026-09-19	2026-09-19	was `design/roadmap/proposals/the-shell-on-the-firmware-screen.md`, found by M-198's rungs
400	299	context	at-creation	2026-09-19	2026-09-19	M-299 the console is a userspace process that writes COM1 by port I/O and nothing else, so on
400	198	context	at-creation	2026-09-19	2026-09-19	never seen**. This is rung 1b of M-198's trivial install (DECISIONS S-157): the output half of
400	157	context	at-creation	2026-09-19	2026-09-19	for), and the driver is the one M-157 describes for the boards. S3 stays refused on S-121's
400	192	context	at-creation	2026-09-19	2026-09-19	**What the proposal assumed and the code did not support**: that S1 plugs into M-192's
400	159	context	at-creation	2026-09-19	2026-09-19	run would be new syscall surface, which is calef's. M-261's NVMe server and M-159's
400	230	context	at-creation	2026-09-19	2026-09-19	the defect M-230 found on the UART, with pixels in place of bytes. So:
400	177	context	at-creation	2026-09-19	2026-09-19	**The FLUSH hang M-177 recorded does not occur here.** `notes/framebuffer-contract.md`'s BUGS
400	157	context	at-creation	2026-09-19	2026-09-19	riscv64 lack is a screen the kernel console was told about, which is M-157's U-Boot
400	243	context	at-creation	2026-09-19	2026-09-19	of M-243's open xenon defect (below).
400	243	context	at-creation	2026-09-19	2026-09-19	**Reading the result against M-243's grid.** On 2026-09-04 and 2026-09-17 xenon's monitor
400	198	context	at-creation	2026-09-19	2026-09-19	- **Outstanding.** A second PC (M-198's rung 1d), which is the same stick on a fleet machine
400	243	context	at-creation	2026-09-19	2026-09-19	driver's BUGS; M-243's PAT entry).
400	299	context	at-creation	2026-09-19	2026-09-19	refuses x86 for a reason M-299 made stale), and this path takes the firmware screen as
400	299	context	at-creation	2026-09-19	2026-09-19	has no prompt, which M-299 made untrue. That is M-182's third leg, already
400	182	context	at-creation	2026-09-19	2026-09-19	has no prompt, which M-299 made untrue. That is M-182's third leg, already
400	433	context	at-creation	2026-09-19	2026-09-19	`one-screendump-decoder-not-two` when this block cited it and M-433's drain numbered it
400	151	prerequisite	at-creation	2026-09-19	2026-09-19	in `components/src/console.rs`; decoupling it needs a second thread or M-151's
400	182	context	at-creation	2026-09-19	2026-09-19	**Measured by M-182 (2026-09-19), and it is slow before it is ever wedged.** The x86_64
400	242	context	at-creation	2026-09-19	2026-09-19	it until M-242.
401	265	context	at-creation	2026-09-19	2026-09-19	**Status: NOT-STARTED.** Filed 2026-09-14 as an unnumbered proposal by M-265, which broke
401	433	context	at-creation	2026-09-19	2026-09-19	one and caught it by hand rather than by anything red; numbered 2026-09-19 by M-433's drain
401	265	context	at-creation	2026-09-19	2026-09-19	M-265 renamed every one of those crates to `_protocol`, the glob matched nothing, and the
402	290	context	at-creation	2026-09-19	2026-09-19	**Status: NOT-STARTED.** Filed 2026-09-14 as an unnumbered proposal by M-290, which hit one
402	433	context	at-creation	2026-09-19	2026-09-19	the problem; numbered 2026-09-19 by M-433's drain of the proposal pile. **Premise re-read
402	290	context	later	2026-09-14	2026-09-19	at `3c156f82`; fixed in `ntp_tests.rs` by M-290.
403	288	context	at-creation	2026-09-19	2026-09-19	**Status: NOT-STARTED.** Filed 2026-09-14 as an unnumbered proposal, left open by M-288,
403	433	context	at-creation	2026-09-19	2026-09-19	and could not stop a fifth; numbered 2026-09-19 by M-433's drain of the proposal pile.
403	435	context	at-creation	2026-09-19	2026-09-19	2026-09-19 by M-435's slice-c lane because this gate named no section. That section refuses
403	117	context	later	2026-09-14	2026-09-19	M-117's first run on a clean x86_64 checkout.
403	161	context	later	2026-09-14	2026-09-19	- `crates/elf` failed 20 of 25 host tests on x86_64 from at least M-161 until M-288,
403	288	context	later	2026-09-14	2026-09-19	- `crates/elf` failed 20 of 25 host tests on x86_64 from at least M-161 until M-288,
403	161	context	at-creation	2026-09-19	2026-09-19	tests on x86_64 from M-161 to M-288, with two milestones filing it as a proposal
403	288	context	at-creation	2026-09-19	2026-09-19	tests on x86_64 from M-161 to M-288, with two milestones filing it as a proposal
404	295	context	at-creation	2026-09-19	2026-09-19	**Status: NOT-STARTED.** Filed 2026-09-14 as an unnumbered proposal by M-295's lane, while
404	19	context	at-creation	2026-09-19	2026-09-19	M-19b stopped, `kernel::user::tests::a_process_can_build_start_and_run_a_child_thread` still
404	265	context	at-creation	2026-09-19	2026-09-19	M-265. **The gate token was `DESIGN`, which is not in the roadmap's gate vocabulary**; it is
404	435	context	at-creation	2026-09-19	2026-09-19	written up 2026-09-19 by M-435's slice-c lane because this gate named no section. (This
404	435	context	at-creation	2026-09-19	2026-09-19	vocabulary that points at nothing is the defect M-435 exists to sweep.)
404	406	context	at-creation	2026-09-19	2026-09-19	(M-406, `design/roadmap/406-nothing-in-ci-boots-the-riscv-tour.md`).
404	19	context	at-creation	2026-09-18	2026-09-19	`address_space_witness` stops where M-19b stopped. Nothing runs in the space it builds,
404	19	context	later	2026-09-14	2026-09-19	and names are calef's, and that M-19b's clean "nothing can run in the built space" reading is
404	206	context	later	2026-09-14	2026-09-19	291 milestones' worth of reasons to be careful about that (`design/roadmap/206-user-image-ceiling.md`).
404	295	context	later	2026-09-14	2026-09-19	Nothing. Recorded so that the risk M-295 accepted stays visible instead of becoming the kind
404	19	context	at-creation	2026-09-19	2026-09-19	where M-19b stopped: nothing runs in the space it builds. The remaining verbs are all
405	291	context	at-creation	2026-09-19	2026-09-19	**Status: NOT-STARTED.** Filed 2026-09-14 as an unnumbered proposal by M-291's lane, which
405	433	context	at-creation	2026-09-19	2026-09-19	nine on purpose; numbered 2026-09-19 by M-433's drain of the proposal pile. **Premise
405	268	context	at-creation	2026-09-19	2026-09-19	`MILESTONE 268` and **it is cleared**: M-268 (every architecture boots the same way) turned
405	399	context	at-creation	2026-09-19	2026-09-19	**This block also absorbs** M-399 (the six `init` roles in `hello`), which proposed
405	268	context	at-creation	2026-09-19	2026-09-19	**Gate: NONE.** *(Cleared 2026-09-19 by M-268's own lane, because `script/roadmap` refuses
405	166	context	at-creation	2026-09-19	2026-09-19	1. **`spawn_hello` always re-enters `HELLO_ENTRY`**, since M-166 moved the boot role's own
405	291	context	at-creation	2026-09-19	2026-09-19	and the interrupt child's reported word) join `capability_witness_protocol`, which M-291
405	399	context	at-creation	2026-09-19	2026-09-19	## What it inherits from M-399
406	289	prerequisite	at-creation	2026-09-19	2026-09-19	thing a reader needs. Filed 2026-09-14 as an unnumbered proposal by M-289's lane; numbered
406	433	context	at-creation	2026-09-19	2026-09-19	2026-09-19 by M-433's drain of the proposal pile, with the premise re-read the same day.
406	268	context	at-creation	2026-09-19	2026-09-19	M-268 on **2026-09-14**, sits in `script/ci-build`'s `local` tier (line 114) and runs on
406	286	context	at-creation	2026-09-19	2026-09-19	M-286, its work now being `script/ci-build`'s table, which is where `boot-check` went, and
406	297	context	at-creation	2026-09-19	2026-09-19	`script/soak` is `script/soak-test` since M-297.
406	435	context	at-creation	2026-09-19	2026-09-19	2026-09-19 by M-435's slice-c lane because this gate named no section. **That lane judged
406	232	context	at-creation	2026-09-19	2026-09-19	or a `script/cadence-check` entry. It boots a kernel and it is not free, and M-232's own refusal
406	268	context	at-creation	2026-09-19	2026-09-19	was written: M-268's `script/boot-check` boots the default kernel on all three
407	293	context	at-creation	2026-09-19	2026-09-19	**Status: NOT-STARTED.** Filed 2026-09-14 as an unnumbered proposal by M-293's lane, which
407	290	followon	at-creation	2026-09-19	2026-09-19	`components/src/ntp.rs` was split into three programs by M-290, so that row's program side
407	435	context	at-creation	2026-09-19	2026-09-19	provisional)*, written up 2026-09-19 by M-435's slice-c lane because this gate named no
408	291	context	at-creation	2026-09-19	2026-09-19	2026-09-14 by M-291's lane, which added seven of the nine copies and said so rather than
408	435	context	at-creation	2026-09-19	2026-09-19	2026-09-19 by M-435's slice-c lane because this gate named no section. The obvious home is
408	285	context	at-creation	2026-09-19	2026-09-19	And the crate called `crates/user_rt` below is `crates/user_mode_runtime` since M-285, which
408	291	context	later	2026-09-14	2026-09-19	Nine copies as of M-291: `components/src/block_driver.rs` (which panics instead, reaching
408	291	context	at-creation	2026-09-19	2026-09-19	them: seven arrived with M-291's split of `hello` into programs, and two of the nine already
409	268	context	at-creation	2026-09-19	2026-09-19	2026-09-14 by M-268's lane, which caused it: the machine description now prints on all three
409	267	context	later	2026-09-14	2026-09-19	nothing at all. On a board those are different instruments, and M-267's lint exists because
409	267	context	later	2026-09-14	2026-09-19	(M-267's lint guards its **body**, not its signature, so that is a decision rather than a
410	290	context	at-creation	2026-09-19	2026-09-19	filed 2026-09-14 by M-290, which added the sixth copy and said so rather than hiding it.
410	298	context	at-creation	2026-09-19	2026-09-19	`multicast_dns_responder` went at M-298 and the table below struck it out at the time. The
410	298	context	later	2026-09-14	2026-09-19	| ~~`components/src/multicast_dns_responder.rs`~~ | retired 2026-09-15 (M-298) | the socket contract's frame |
410	298	context	at-creation	2026-09-19	2026-09-19	offset the window bounds-checks; the retirement of `multicast_dns_responder` at M-298 left
411	268	context	at-creation	2026-09-19	2026-09-19	`the-machine-description-should-say-the-screen-geometry`, filed 2026-09-14 by M-268's lane
411	157	context	later	2026-09-14	2026-09-19	The other two architectures grow a display path at M-157, and this should be there for them
411	409	context	at-creation	2026-09-19	2026-09-19	M-409 (design/roadmap/409-one-machine-description-not-two.md) is about.
411	157	context	at-creation	2026-09-19	2026-09-19	two architectures grow a display path at M-157, so this wants doing once rather than twice.
412	294	context	at-creation	2026-09-19	2026-09-19	`the-uefi-boot-gate-asserts-two-cores-that-do-not-always-start`, filed 2026-09-14 by M-294's
412	316	context	at-creation	2026-09-19	2026-09-19	M-316 fixed that module's `BUGS` #3 (`boot_cpu_id` answering the wrong question) and left #1
412	294	context	later	2026-09-14	2026-09-19	**Found by M-294's lane, which had no business being anywhere near it.** That lane changed
412	294	context	at-creation	2026-09-19	2026-09-19	`cargo xtask uefi-boot` asserts `smp: 2 core(s) online` unconditionally, and M-294's lane
413	292	context	at-creation	2026-09-19	2026-09-19	2026-09-14 by the M-292 lane while naming the program that puts a file behind a byte sink,
413	435	context	at-creation	2026-09-19	2026-09-19	up 2026-09-19 by M-435's slice-c lane because this gate named no section. That section also
413	292	context	later	2026-09-14	2026-09-19	before M-292 removed the file:
413	292	context	later	2026-09-14	2026-09-19	## Why M-292 could not settle it
413	292	context	at-creation	2026-09-19	2026-09-19	`terminal_sink_caretaker`, a name calef ratified on 2026-08-03. M-292 needed the word for
414	288	context	at-creation	2026-09-19	2026-09-19	filed 2026-09-14 by M-288 while establishing that a red kernel leg was the environment
414	288	context	later	2026-09-14	2026-09-19	records three `scanout` failures on this box; M-288 saw them **pass** there and a different
415	435	context	at-creation	2026-09-19	2026-09-19	2026-09-19 by M-435's slice-c lane because this gate named no section. Items 2 and 3 change
415	300	context	later	2026-09-15	2026-09-19	*"It also folds in the same nightly-2026-09-15 drift the other two carry."* M-300 (decompose
415	237	context	later	2026-09-15	2026-09-19	This is the move M-237 (the cycle-counter grant costs 136 bytes of IPC fastpath) exists to
415	115	context	later	2026-09-15	2026-09-19	meets, which is M-115's shape. It also makes the wrong state visible rather than
415	139	context	later	2026-09-15	2026-09-19	goes stale for correct reasons.** M-139 (drive the unsafe count down) is a decided feature
415	302	context	at-creation	2026-09-19	2026-09-19	same pull request, or fail loudly? **He ruled on 2026-09-16 and it is M-302**, a baseline
415	300	context	later	2026-09-15	2026-09-19	That proposal's premise is that a new nightly's codegen invalidates the baselines. M-300
415	139	context	later	2026-09-15	2026-09-19	M-139's regression under a toolchain label**, which is exactly what `44890a8a` did by hand.
415	302	context	at-creation	2026-09-19	2026-09-19	- **M-302.** The toolchain-bump question this block's last section was written against.
415	302	context	at-creation	2026-09-19	2026-09-19	calef ruled on 2026-09-16 and the work is M-302, a baseline that records what it was saved
415	300	context	at-creation	2026-09-19	2026-09-19	regression into the floor on a toolchain attribution that M-300 later measured at ~0. Item
416	166	context	at-creation	2026-09-19	2026-09-19	filed 2026-09-15 by the lane that performed M-166's ratified
416	166	context	later	2026-09-15	2026-09-19	- **`riscv_shell_boot`** became `boot_progenitor` at M-166, when the per-architecture boot
416	166	context	later	2026-09-15	2026-09-19	## Why M-166's lane did not do it
416	166	context	later	2026-09-15	2026-09-19	Mechanical in the edits, and the judgment is the whole job. The same rules M-166's rename
416	166	context	later	2026-09-15	2026-09-19	`boot_progenitor` at M-166") so a reader does not grep for a vanished name.
416	166	context	at-creation	2026-09-19	2026-09-19	`riscv_shell_boot` became `boot_progenitor` when M-166 unified the per-architecture boot
417	305	context	at-creation	2026-09-19	2026-09-19	filed 2026-09-16 by M-305, which wrote the honest defect for
417	305	context	later	2026-09-16	2026-09-19	M-305 found once already on riscv64 and fixed. One instance is a bug; two is a pattern with a
417	202	context	later	2026-09-16	2026-09-19	M-202 solved the same shape for S-31 by adding `wait_for_report`, a bounded wait, so that a
418	307	context	at-creation	2026-09-19	2026-09-19	`did-the-mutation-census-already-know-about-row-12`, filed 2026-09-16 by M-307, which broke
418	326	context	at-creation	2026-09-19	2026-09-19	M-326's whole subject. So the first branch below, a census that surfaced something and
418	307	context	at-creation	2026-09-19	2026-09-19	its survivor list against M-307's per-row verdicts, because a census asks whether a change
418	307	context	later	2026-09-16	2026-09-19	M-307 found that row 12's proof stated all three of its assertions, and its `kani::assume`,
418	307	context	later	2026-09-16	2026-09-19	per-row verdicts M-307 recorded in `notes/confinement-claims.md`. The two instruments measure
418	307	context	at-creation	2026-09-19	2026-09-19	M-307 found that `paging::x86_64::no_vtd_entry_ever_sets_a_reserved_bit` stated all three of
418	307	context	at-creation	2026-09-19	2026-09-19	measure different things, the census over the crates carrying rows 1 to 18 against M-307's
419	168	context	at-creation	2026-09-19	2026-09-19	**Status: BUILT** 2026-09-19, by M-168's own lane, in a different session and on the same
419	168	context	at-creation	2026-09-19	2026-09-19	the whole sweep, and M-168 is still `PARTIAL` for the reason this block names: its status
419	168	context	later	2026-09-16	2026-09-19	**In brief.** M-168's sweep reports the **best of three** repeats per sweep point. At
419	168	context	later	2026-09-16	2026-09-19	4. **Do nothing and record `tasks=4` as a range.** Free, honest, and leaves M-168 `PARTIAL`
419	168	context	later	2026-09-16	2026-09-19	option 4, which is what M-168's block now does.
419	168	context	later	2026-09-16	2026-09-19	**Blocked until it is answered:** M-168 turning `BUILT`. Its own status line says it does
419	168	context	at-creation	2026-09-19	2026-09-19	- **M-168.** Where the work landed: *"What changed on 2026-09-19"*, with the resampling
419	168	context	at-creation	2026-09-19	2026-09-19	statistic changed from best-of-three to median-of-21. Recorded in M-168 and in
419	168	context	at-creation	2026-09-19	2026-09-19	M-168's sweep reports the best of three repeats per sweep point, and at `tasks=4` the
420	303	context	at-creation	2026-09-19	2026-09-19	2026-09-16 by the M-303 lane (x86_64's FS disk), which attached the RedoxFS image and
420	215	context	at-creation	2026-09-19	2026-09-19	deliberately stopped there so that one milestone proved one thing. M-215's block listed the
420	303	context	later	2026-09-16	2026-09-19	**Gate: NONE.** Every device named here is one QEMU emulates on `q35`, and M-303 removed the
420	161	context	later	2026-09-16	2026-09-19	which test. The display half in particular is not merely a `-device` line: M-161's own note
420	303	context	later	2026-09-16	2026-09-19	`design/roadmap/303-x86-64-fs-disk.md`'s `BUGS`, and
420	215	context	later	2026-09-16	2026-09-19	`design/roadmap/215-x86-64-pci-interrupt-routing.md`, which listed the set first.
420	303	context	at-creation	2026-09-19	2026-09-19	three disks, nothing else, because M-303 removed the structural obstacle:
420	161	context	at-creation	2026-09-19	2026-09-19	`-device` line, and M-161's note says what else it wants.
421	261	context	at-creation	2026-09-19	2026-09-19	filed 2026-09-17 by the M-261 lane (the EL0 NVMe server), which closed the question this was
421	261	context	at-creation	2026-09-19	2026-09-19	kind of question. S-86 routed both to him rather than to a lane, and M-261's own lane closed
421	261	context	later	2026-09-17	2026-09-19	**M-261 answered it.** A process owns the controller's data plane, it serves
421	261	context	later	2026-09-17	2026-09-19	## Why M-261's lane did not take it
421	261	context	at-creation	2026-09-19	2026-09-19	a holder may then ask for, and M-261 answered it by putting the data plane in a process that
422	311	context	at-creation	2026-09-19	2026-09-19	filed 2026-09-17 by M-311, which was minted to fix a path and found that the path was the
422	238	context	later	2026-09-17	2026-09-19	M-238's check asks **when a workflow last succeeded**, and reports one whose last success is
422	311	context	later	2026-09-17	2026-09-19	generates exactly the standing alarm that teaches a reader to stop looking. It caught M-311's
423	319	context	at-creation	2026-09-19	2026-09-19	filed 2026-09-17 by M-319, which proved the parsing half and so narrowed what the volatile
423	435	context	at-creation	2026-09-19	2026-09-19	written up 2026-09-19 by M-435's slice-c lane because this gate named no section. It is a
423	431	context	at-creation	2026-09-19	2026-09-19	**Premise re-checked 2026-09-19 and still true, and this block subsumes M-431.**
423	431	context	at-creation	2026-09-19	2026-09-19	**M-431 was filed a day later restating the pre-319 framing** (that the parsing half carries
423	319	superseded	at-creation	2026-09-19	2026-09-19	surviving claim is this block's. It is `SUPERSEDED` by this one and by M-319.
423	304	context	later	2026-09-17	2026-09-19	M-304's lane named `kernel/src/arch/x86_64/machine.rs`'s ACPI walk as its strongest
423	319	context	later	2026-09-17	2026-09-19	**M-319 changed the size of the question rather than answering it.** With
423	319	context	later	2026-09-17	2026-09-19	The parsers. They are proved (M-319, fifteen harnesses), and three defects came out of that;
423	304	context	at-creation	2026-09-19	2026-09-19	M-304 named `kernel/src/arch/x86_64/machine.rs`'s ACPI walk as its strongest remaining
423	319	context	at-creation	2026-09-19	2026-09-19	volatile half reads raw pointers into the direct map. M-319 changed the size of that
424	313	context	at-creation	2026-09-19	2026-09-19	`a-ring-0-that-provably-cannot-execute-ring-3-pages`, filed 2026-09-17 from M-313's security
424	313	context	later	2026-09-17	2026-09-19	M-313's audit found the claim "the kernel cannot execute a confined component's code"
425	313	context	at-creation	2026-09-19	2026-09-19	filed 2026-09-17 from M-313's security audit while gating (finding 7), outside its lens.
425	210	context	later	2026-09-17	2026-09-19	A filtered run is how a person reproduces one failure, and it is how M-210's `--test
426	319	context	at-creation	2026-09-19	2026-09-19	`a-sweep-for-specification-fields-that-are-one-less`, filed 2026-09-17 by M-319, which met
426	319	context	at-creation	2026-09-19	2026-09-19	M-319's own two sites account for four of them and are settled. The rest have not been read
426	319	context	later	2026-09-17	2026-09-19	M-319 found both spellings within one crate:
426	319	context	later	2026-09-17	2026-09-19	Add a harness where the value crosses a trust boundary, which is the rule M-319 already
426	319	context	at-creation	2026-09-19	2026-09-19	panics. M-319 found both spellings inside one crate, `parse_dmar` reading `body[0] + 1` into
427	311	context	at-creation	2026-09-19	2026-09-19	`the-documentation-sweep-the-worklist-already-ranks`, filed 2026-09-17 by M-311 alongside
427	313	context	at-creation	2026-09-19	2026-09-19	audited on 2026-09-17 by M-313, so `documentation` is the only standing example rather than
427	284	context	later	2026-09-17	2026-09-19	16/16 72 2026-09-14 design/roadmap/284-finish-the-progenitor-rename.md
427	158	context	later	2026-09-17	2026-09-19	14/19 53 2026-09-14 design/roadmap/158-kernel-object-rename-build.md
427	175	context	later	2026-09-17	2026-09-19	M-311 swept for paths that M-175's `user/` split moved, and found the sweep is
427	311	context	later	2026-09-17	2026-09-19	M-311 swept for paths that M-175's `user/` split moved, and found the sweep is
427	383	context	at-creation	2026-09-19	2026-09-19	`design/roadmap/383-a-backticked-path-that-does-not-resolve.md` is the standing proposal for
427	311	context	at-creation	2026-09-19	2026-09-19	at all. One measured scope to start from is M-311's finding that eight distinct
428	310	context	at-creation	2026-09-19	2026-09-19	2026-09-17 by the M-310 lane on the first measurement of a run that actually finished. The
428	310	context	later	2026-09-17	2026-09-19	three. Nothing is blocked meanwhile: the job is green as of M-310 and finishes inside its
428	310	context	later	2026-09-17	2026-09-19	happened, for the reason M-310 fixed: the job had never once succeeded, so nothing had ever
428	310	context	later	2026-09-17	2026-09-19	Nothing. The job is green as of M-310 and the 240-minute budget accommodates the measured
428	310	context	at-creation	2026-09-19	2026-09-19	which nothing had ever done, because the job had never once succeeded. M-310 fixed that and
429	310	context	at-creation	2026-09-19	2026-09-19	2026-09-18 by the maintainer when M-310's lane reported "ready for review, all gates green"
429	310	context	at-creation	2026-09-18	2026-09-19	M-310's lane ran for 18 hours. Almost all of it was blocked, by instruction, inside two
429	310	context	at-creation	2026-09-18	2026-09-19	against it. The lane's second run was its own call and the right one: M-310 existed because
429	428	context	at-creation	2026-09-19	2026-09-19	M-428 (design/roadmap/428-what-the-weekly-miri-run-should-cost.md).
429	310	context	at-creation	2026-09-19	2026-09-19	M-310's lane ran for 18 hours, roughly 17 of them blocked inside two three-hour Miri runs.
430	115	context	at-creation	2026-09-18	2026-09-19	read by a human, and is **invisible to the tool**. M-115's whole purpose is that a refused
430	115	context	at-creation	2026-09-18	2026-09-19	so nothing about the record looks wrong. What breaks is precisely the query M-115 exists to
430	115	context	at-creation	2026-09-19	2026-09-19	them. That defeats the one query M-115 exists to serve, has this name been refused before,
431	423	superseded	at-creation	2026-09-19	2026-09-19	**Status: SUPERSEDED.** 2026-09-19, by M-319 and M-423. Promoted from the proposal
431	319	superseded	at-creation	2026-09-19	2026-09-19	**Status: SUPERSEDED.** 2026-09-19, by M-319 and M-423. Promoted from the proposal
431	304	context	at-creation	2026-09-19	2026-09-19	`the-acpi-walk-is-reachable-and-unproved`, filed 2026-09-18, split out of M-304's
431	319	context	at-creation	2026-09-19	2026-09-19	proves". **M-319 proved it on 2026-09-17**: that crate now carries 21 Kani harnesses across
431	423	context	at-creation	2026-09-19	2026-09-19	**What survives is the volatile half, and it already has a block.** M-423, filed 2026-09-17
431	319	context	at-creation	2026-09-19	2026-09-19	by M-319's own lane, states the same remaining work with the post-319 framing: the seam this
431	433	context	at-creation	2026-09-19	2026-09-19	that word is for. The number is spent either way, per M-433's own `BUGS`.
431	304	context	at-creation	2026-09-18	2026-09-19	**In brief.** M-304 put `kernel/src/arch/x86_64/` in front of the prover for the first time.
431	304	context	at-creation	2026-09-19	2026-09-19	M-304 put `kernel/src/arch/x86_64/` in front of the prover for the first time and its
431	319	context	at-creation	2026-09-19	2026-09-19	day stale: M-319 proved that crate on 2026-09-17 with fifteen harnesses, three of them false
431	423	superseded	at-creation	2026-09-19	2026-09-19	M-423 states it with the narrower framing 319 made possible. Promoted and superseded in one
432	322	context	at-creation	2026-09-19	2026-09-19	2026-09-18 from M-322's confirmation pass, which went looking for an unexercised IOMMU
432	433	context	at-creation	2026-09-19	2026-09-19	and bit constants are not proved and cannot be. This is the newest block in M-433's promotion
433	434	superseded	at-creation	2026-09-19	2026-09-19	this milestone's ruling as a case against the directory and retired it (M-434), which calef
433	250	context	at-creation	2026-09-19	2026-09-19	(354 by M-250 on the day it was filed, 361 by M-188's re-measurement, 362 and 364
433	188	context	at-creation	2026-09-19	2026-09-19	(354 by M-250 on the day it was filed, 361 by M-188's re-measurement, 362 and 364
433	303	context	at-creation	2026-09-19	2026-09-19	by M-303 and the newer x86_64 fixture block), two `BUILT` (375 by the radon bench session
433	290	context	at-creation	2026-09-19	2026-09-19	defects found that predate the pass: M-290 carried two adjacent `**Proposed.**` bullets
433	265	context	at-creation	2026-09-19	2026-09-19	with the prose on the wrong one, and M-265's `**Proposed.**` bullet for the unswept
433	423	context	at-creation	2026-09-19	2026-09-19	premise M-319 had falsified the day before and restating work M-423 already
433	319	context	at-creation	2026-09-19	2026-09-19	premise M-319 had falsified the day before and restating work M-423 already
433	302	context	at-creation	2026-09-19	2026-09-19	as M-302. The other 22 are `NOT-STARTED` and each says what was checked. Three counts
433	290	context	at-creation	2026-09-19	2026-09-19	bullet describes. M-290 carried a bullet whose prose belonged to the bullet above it, and
433	265	context	at-creation	2026-09-19	2026-09-19	M-265 carried one naming a proposal about a different subject. Both passed every build for
433	247	context	at-creation	2026-09-19	2026-09-19	section above. A gate that could tell would have to read prose, which is the thing M-247
433	326	context	at-creation	2026-09-19	2026-09-19	- **M-326.** The two mutation-testing proposals in the pile (354 and 418) were both checked
433	326	context	at-creation	2026-09-19	2026-09-19	against M-326's live triage rather than assumed either way, and neither is covered by it:
434	433	context	at-creation	2026-09-19	2026-09-19	what M-433 did to all 106 of them.
434	433	context	at-creation	2026-09-19	2026-09-19	calef ruled on 2026-09-19 that `design/roadmap/proposals/` should not exist, M-433 drained
434	247	context	at-creation	2026-09-19	2026-09-19	account of that hole is still true. Three lanes on M-247's sweep found work a block had
434	236	context	at-creation	2026-09-19	2026-09-19	M-236's rule (a derivation two scripts copy will drift while both look authoritative) no
434	436	context	at-creation	2026-09-19	2026-09-19	notes, two audit reports and one shell script. They are untouched here and are M-436:
434	436	context	at-creation	2026-09-19	2026-09-19	- **M-436.** About forty citations of `design/roadmap/proposals/<slug>.md` still dangle,
434	433	context	at-creation	2026-09-19	2026-09-19	M-433's last lane merged, and no gate in this tree can tell a stale paragraph from a
434	433	context	at-creation	2026-09-19	2026-09-19	`design/roadmap/proposals/` directory on 2026-09-19, M-433 drained all 106 files out of it,
435	421	context	at-creation	2026-09-19	2026-09-19	calef ruled M-421's gate from `NONE` to `DECISION` on 2026-09-19, then asked: *"Does the
435	433	context	at-creation	2026-09-19	2026-09-19	M-433's drain of the proposal pile. Promotion carried each block's gate token across
435	105	context	at-creation	2026-09-19	2026-09-19	- **M-105's first fork was decided six days before the block was minted.**
435	142	context	at-creation	2026-09-19	2026-09-19	- **M-142's gate names a decision half of which S-104 took on 2026-08-20.**
435	147	context	at-creation	2026-09-19	2026-09-19	- **M-147's gate defers to M-75, whose question S-139 answered on 2026-09-02.**
435	335	context	at-creation	2026-09-19	2026-09-19	nothing for the removed flush. M-335 already measured exactly that on the riscv64 twin.
435	433	context	at-creation	2026-09-19	2026-09-19	about M-433's drain rather than about these blocks. Of the four numbered under 327, **three
435	241	context	at-creation	2026-09-19	2026-09-19	booted since 2026-09-05, so half of M-241's trigger has fired, and M-330 cited a
435	330	context	at-creation	2026-09-19	2026-09-19	booted since 2026-09-05, so half of M-241's trigger has fired, and M-330 cited a
435	433	context	at-creation	2026-09-19	2026-09-19	`milestone/435-slice-c`. Fifteen blocks, all of them promoted hours earlier by M-433, which
435	391	context	at-creation	2026-09-19	2026-09-19	merge, which is the renumber slice B's last paragraph predicted). **Zero tokens were wrong.** One, M-391, was the
435	269	context	at-creation	2026-09-19	2026-09-19	narrow one's momentum and said to answer it when M-269 gives it a consumer. So 391 gets a
435	406	context	at-creation	2026-09-19	2026-09-19	**Two blocks arrived with a problem already recorded, and both readings held.** M-406's
435	415	context	at-creation	2026-09-19	2026-09-19	retitling to calef. M-415 was suspected of carrying a token that had gone too strong, and
435	406	context	at-creation	2026-09-19	2026-09-19	- **Recorded.** *M-406's title is false by its own first sentence*, found by slice c's lane,
435	421	context	at-creation	2026-09-19	2026-09-19	found it by asking whether M-421's freshly corrected gate had a decision behind it; it did
435	433	context	at-creation	2026-09-19	2026-09-19	evening from M-433's drain, which carried each proposal's gate token across unchanged. The work is a
436	434	context	at-creation	2026-09-19	2026-09-19	**Status: NOT-STARTED.** Minted 2026-09-19 by M-434's lane, which found the citations while
436	433	context	at-creation	2026-09-19	2026-09-19	`design/roadmap/proposals/` was drained by M-433 and no longer exists. About **forty**
436	276	context	at-creation	2026-09-19	2026-09-19	smaller defect of the same family: M-276's block says `script/roadmap --proposed` "already
436	301	context	at-creation	2026-09-19	2026-09-19	computes" a number, and M-301's says `scripts/roadmap_proposals.py` "matches PROPOSED and
436	433	context	at-creation	2026-09-19	2026-09-19	**They are readable, which is why this is a milestone and not an emergency.** M-433 chose
436	303	context	at-creation	2026-09-19	2026-09-19	`design/roadmap/303-x86-64-fs-disk.md` cites
436	325	followon	at-creation	2026-09-19	2026-09-19	`## Follow-on` section already names M-325 for the same item, so the body is simply behind
436	433	context	at-creation	2026-09-19	2026-09-19	**The ones whose slug has no numbered file are the work.** M-433 recorded about thirty
436	433	context	at-creation	2026-09-19	2026-09-19	M-433 drained `design/roadmap/proposals/` and kept each proposal's slug on the numbered
437	326	context	at-creation	2026-09-19	2026-09-19	**Status: NOT-STARTED.** Filed 2026-09-19 by M-326's lane while triaging the 2026-09-14
437	433	context	at-creation	2026-09-19	2026-09-19	evening (M-433, decision S-140), and could not know. The integrator numbered it at merge,
438	512	context	at-creation	2026-09-20	2026-09-19	proposed in `design/roadmap/512-the-census-blamed-a-pull-request-that-added-four.md`; this
438	326	context	at-creation	2026-09-19	2026-09-19	**The second pair is a defect in the instrument**, the same family as M-326's `proofs.rs`
438	492	context	at-creation	2026-09-20	2026-09-19	in `design/roadmap/492-a-const-in-a-proof-module-escapes-its-exclusion.md`.
438	319	context	at-creation	2026-09-19	2026-09-19	[#927](https://github.com/crickertech/nife/pull/927) (merge `aa6a50b`, M-319, 2026-09-17), in
438	340	context	at-creation	2026-09-19	2026-09-19	grows silently"*; `image-permissions` is the seventh check sitting in that state and M-340 is
438	512	context	at-creation	2026-09-20	2026-09-19	- **M-512.** M-512 (the census blamed one pull request for), `design/roadmap/512-the-census-blamed-a-pull-request-that-added-four.md`, ...
438	492	context	at-creation	2026-09-20	2026-09-19	- **M-492.** M-492 (a const inside a proof module is), `design/roadmap/492-a-const-in-a-proof-module-escapes-its-exclusion.md`, the
438	479	context	at-creation	2026-09-20	2026-09-19	This refusal is M-479 (design/roadmap/479-a-blocking-mutation-gate-on-the-diff.md), which
438	326	context	at-creation	2026-09-19	2026-09-19	`aa6a50b`, which is the honest replay and is **not** today's file: M-326 added
438	319	context	at-creation	2026-09-19	2026-09-19	Measured and refused. Replaying `cargo mutants --in-diff` against M-319's pull request
439	324	context	at-creation	2026-09-19	2026-09-19	**Status: NOT-STARTED.** Minted 2026-09-19 by the integrator, from M-324's parts 2 and 3
439	324	context	at-creation	2026-09-19	2026-09-19	`crates/board_console` can tell a finished job-mix sweep from a wedged one, since M-324's
439	168	context	at-creation	2026-09-19	2026-09-19	seconds and a ratio of twenty to one, taken from a capture made hours earlier. M-168's lane
439	324	context	at-creation	2026-09-19	2026-09-19	**It is a kernel change**, which is why M-324's lane recorded it rather than taking it: the
439	324	context	at-creation	2026-09-19	2026-09-19	threshold's justification, not the vocabulary. M-324's lane deliberately added no status and
439	168	context	at-creation	2026-09-19	2026-09-19	read, and 2026-09-19 is the day that cost got paid once already: M-168's lane changed those
439	324	context	at-creation	2026-09-19	2026-09-19	fields on `main` while M-324's lane wrote a parser for the old ones, and every gate stayed
439	324	context	at-creation	2026-09-19	2026-09-19	- **M-324.** Where the measurement comes from, and where the ratio was corrected from twenty
439	168	context	at-creation	2026-09-19	2026-09-19	twenty to one until M-168 took the sweep to 21 repeats of a seven-kind mix, which spent a
440	286	context	at-creation	2026-09-19	2026-09-19	**Status: NOT-STARTED.** Filed 2026-09-13 as an unnumbered proposal by M-286's lane, out of
440	433	context	at-creation	2026-09-19	2026-09-19	the milestone calef minted the same day; numbered 2026-09-19 by M-433's drain of the
440	435	context	at-creation	2026-09-19	2026-09-19	M-435's slice-c lane because this gate named no section.
440	286	context	at-creation	2026-09-19	2026-09-19	M-286 collapsed two enumerations of "the checks that gate a pull
440	400	context	at-creation	2026-09-19	2026-09-19	session landed its own M-400 (the shell on the firmware screen) while this branch waited in
440	400	context	at-creation	2026-09-19	2026-09-19	the queue, so both meanings of "M-400" existed in the tree at once and the citations had to
440	286	context	later	2026-09-13	2026-09-19	and in M-286's block. A `**Proposed.**` bullet in that block points here.
441	436	context	at-creation	2026-09-19	2026-09-19	which is M-436's class and is left to it. **Built and proved under QEMU and on file-backed
441	127	context	at-creation	2026-09-19	2026-09-19	(`0x4008_0000`) and argon's starts at `0x8000_0000`; that is M-127's port, for `booti` as
441	127	context	at-creation	2026-09-19	2026-09-19	- **M-127.** argon cannot take the aarch64 payload because the kernel is linked at QEMU
441	436	context	at-creation	2026-09-19	2026-09-19	- **M-436.** Deleting the proposal leaves DECISIONS S-157 citing a path that resolves to
442	501	context	at-creation	2026-09-20	2026-09-19	- **M-501.** A client that speaks TLS 1.3 to one peer, holding that peer's root or pinned key as
442	501	context	at-creation	2026-09-20	2026-09-19	M-501 (a TLS client that speaks to one), `design/roadmap/501-a-tls-client-that-speaks-to-one-pinned-peer.md`.
442	496	context	at-creation	2026-09-20	2026-09-19	- **M-496.** That a program which aborts is never heard, so its panic message and every line
442	496	context	at-creation	2026-09-20	2026-09-19	M-496 (a dying program's last words reach nobody), `design/roadmap/496-a-dying-programs-last-words-reach-nobody.md`. This lane's own wrong
443	439	context	at-creation	2026-09-19	2026-09-19	and M-439 in one day, and `script/lint` fails on a gap, so whoever lands second
443	294	context	at-creation	2026-09-19	2026-09-19	M-294 had already made the index derived and, deliberately, made a stale row a **report**
443	177	context	at-creation	2026-09-19	2026-09-19	M-177, which turned `BUILT` on 2026-09-19. That is not a finding this milestone created: the
443	128	prerequisite	at-creation	2026-09-19	2026-09-19	workflow is **a bot writing to `main`, which this tree has never done**, and it needs M-128's
443	510	context	at-creation	2026-09-20	2026-09-19	rather than built: `design/roadmap/510-nothing-regenerates-the-roadmap-index.md`.
443	365	context	at-creation	2026-09-19	2026-09-19	- It does not make two lanes safe in the same source file. That is M-365
443	128	prerequisite	at-creation	2026-09-19	2026-09-19	It needs an identity (M-128) and a rule about what else such a commit may touch. Not
443	510	context	at-creation	2026-09-20	2026-09-19	- **M-510.** Post-merge regeneration of `design/roadmap/README.md`, with the bot-identity
443	510	prerequisite	at-creation	2026-09-20	2026-09-19	question it depends on, in M-510 (regenerating the index is nobody's job), `design/roadmap/510-nothing-regenerates-the-roadmap-index.md`.
443	513	context	at-creation	2026-09-20	2026-09-19	- **M-513.** `design/decisions/README.md` is hand-maintained and is now the tree's remaining
443	513	context	at-creation	2026-09-20	2026-09-19	index hotspot, in M-513 (the decision index is still hand-maintained), `design/roadmap/513-the-decision-index-is-still-hand-maintained.md`.
445	243	context	at-creation	2026-09-20	2026-09-20	`cargo xtask uefi-boot` asserts the claim of M-243 (a machine with no serial port has no
445	243	context	at-creation	2026-09-20	2026-09-20	`boot_ladder::BANNER`, the tour's *first* line, moved there hours earlier by M-243's second
445	157	context	at-creation	2026-09-20	2026-09-20	That changes when M-157 (real display output on the board) gives those two a firmware
445	157	context	at-creation	2026-09-20	2026-09-20	M-157 as what makes the other two architectures need the knob.
445	243	context	at-creation	2026-09-20	2026-09-20	`cargo xtask uefi-boot` asserted M-243's claim by sampling a window that closes in guest
446	442	context	at-creation	2026-09-20	2026-09-20	A lane on M-442 (a crypto provider `rustls` can use on all three bare-metal targets)
446	115	context	at-creation	2026-09-20	2026-09-20	- **Zero of the 9 paragraphs records a refusal.** The claim of M-115 (the names that were
447	164	context	at-creation	2026-09-20	2026-09-20	M-164 (x86_64 userspace can't build `aes`: no SSE, no scalar fallback), whose
447	184	context	at-creation	2026-09-20	2026-09-20	- M-184 (extend the `std` port to x86_64), in [its own block](184-std-x86-64.md), calls
447	124	context	at-creation	2026-09-20	2026-09-20	through one more frame on the way. M-124 (a thread is born where it
447	442	context	at-creation	2026-09-20	2026-09-20	- **The second failure class of M-442 (a crypto provider `rustls` can use on all three
447	534	context	at-creation	2026-09-21	2026-09-20	- **M-534.** M-534 (the soft-float targets could now be flipped),
447	534	context	at-creation	2026-09-21	2026-09-20	`design/roadmap/534-the-soft-float-targets-could-now-be-flipped.md`: the target flip, what it
447	534	context	at-creation	2026-09-21	2026-09-20	- **M-534.** First on that same file's list, in
447	124	context	at-creation	2026-09-20	2026-09-20	frame well below the 3552 bytes it has carried since M-124 (a thread is born where it
447	164	context	at-creation	2026-09-20	2026-09-20	M-164's refused Route 2, reopened by calef. The kernel saved no FP or vector state anywhere,
448	164	context	at-creation	2026-09-20	2026-09-20	**The cost arrived on 2026-09-20 and it is concrete.** M-164 (x86_64 userspace can't build
448	442	context	at-creation	2026-09-20	2026-09-20	nothing needed FP state to compile `aes`. The reason eroded quietly afterwards. M-442 (a
448	164	context	at-creation	2026-09-20	2026-09-20	not hold: M-164's refusal stated its condition **perfectly** ("The number is owed when an
448	461	context	at-creation	2026-09-20	2026-09-20	**The stale refusal this lane was asked to look for was already known**, and it is M-461 (an
448	460	context	at-creation	2026-09-20	2026-09-20	2026-09-20. No second one turned up. Two came close enough to name: M-460 (a riscv64 arm for
448	463	context	at-creation	2026-09-20	2026-09-20	likely to erode without anyone noticing, and M-463 (an MCFG whose first bus is not zero) is
449	448	context	at-creation	2026-09-20	2026-09-20	M-448 (design/roadmap/448-a-refusal-gets-a-number.md), which gave a refusal that names work a number, a
450	104	context	at-creation	2026-09-20	2026-09-20	**Status: REFUSED.** Refused by M-104 (design/roadmap/104-init-measures-what-init-loads.md),
450	448	context	at-creation	2026-09-20	2026-09-20	M-448 (design/roadmap/448-a-refusal-gets-a-number.md), which gave a refusal that names work a number, a
450	104	context	at-creation	2026-09-20	2026-09-20	> -- design/roadmap/104-init-measures-what-init-loads.md
451	109	context	at-creation	2026-09-20	2026-09-20	**Status: REFUSED.** Refused by M-109 (design/roadmap/109-xargs-at-the-grant-bound.md), and
451	448	context	at-creation	2026-09-20	2026-09-20	M-448 (design/roadmap/448-a-refusal-gets-a-number.md), which gave a refusal that names work a number, a
451	109	context	at-creation	2026-09-20	2026-09-20	> -- design/roadmap/109-xargs-at-the-grant-bound.md
452	110	context	at-creation	2026-09-20	2026-09-20	**Status: REFUSED.** Refused by M-110 (design/roadmap/110-recovery-from-a-partition.md), and
452	448	context	at-creation	2026-09-20	2026-09-20	M-448 (design/roadmap/448-a-refusal-gets-a-number.md), which gave a refusal that names work a number, a
452	110	context	at-creation	2026-09-20	2026-09-20	> -- design/roadmap/110-recovery-from-a-partition.md
453	112	context	at-creation	2026-09-20	2026-09-20	**Status: REFUSED.** Refused by M-112 (design/roadmap/112-safety-comments-that-bind.md), and
453	448	context	at-creation	2026-09-20	2026-09-20	M-448 (design/roadmap/448-a-refusal-gets-a-number.md), which gave a refusal that names work a number, a
453	112	context	at-creation	2026-09-20	2026-09-20	> -- design/roadmap/112-safety-comments-that-bind.md
454	124	context	at-creation	2026-09-20	2026-09-20	M-124 (design/roadmap/124-a-thread-is-born-where-it-lives.md),
454	448	context	at-creation	2026-09-20	2026-09-20	2026-09-20 by M-448 (design/roadmap/448-a-refusal-gets-a-number.md), which gave a refusal
454	124	context	at-creation	2026-09-20	2026-09-20	> -- design/roadmap/124-a-thread-is-born-where-it-lives.md
454	124	context	at-creation	2026-09-20	2026-09-20	harder to see. M-124's block says it plainly: growing the stack remains an independent
455	126	context	at-creation	2026-09-20	2026-09-20	**Status: REFUSED.** Refused by M-126 (design/roadmap/126-who-else-is-running.md), and
455	448	context	at-creation	2026-09-20	2026-09-20	M-448 (design/roadmap/448-a-refusal-gets-a-number.md), which gave a refusal that names work a number, a
455	126	context	at-creation	2026-09-20	2026-09-20	> -- design/roadmap/126-who-else-is-running.md
456	448	context	at-creation	2026-09-20	2026-09-20	2026-09-20 by M-448 (design/roadmap/448-a-refusal-gets-a-number.md), which gave a refusal
457	448	context	at-creation	2026-09-20	2026-09-20	M-448 (design/roadmap/448-a-refusal-gets-a-number.md), which gave a refusal that names work a number, a
458	448	context	at-creation	2026-09-20	2026-09-20	M-448 (design/roadmap/448-a-refusal-gets-a-number.md), which gave a refusal that names work a number, a
459	161	context	at-creation	2026-09-20	2026-09-20	**Status: REFUSED.** Refused by M-161 (design/roadmap/161-x86-64-kernel-port.md), milestone
459	215	context	at-creation	2026-09-20	2026-09-20	215 (design/roadmap/215-x86-64-pci-interrupt-routing.md), and recorded there on 2026-09-03.
459	448	context	at-creation	2026-09-20	2026-09-20	Backfilled here on 2026-09-20 by M-448 (design/roadmap/448-a-refusal-gets-a-number.md),
459	161	context	at-creation	2026-09-20	2026-09-20	> -- design/roadmap/161-x86-64-kernel-port.md
459	215	context	at-creation	2026-09-20	2026-09-20	> -- design/roadmap/215-x86-64-pci-interrupt-routing.md
459	215	context	at-creation	2026-09-20	2026-09-20	might fail on xenon. Two blocks refused it with the same reasoning: M-161 (the x86_64 kernel port) deferred it, and M-215 (a PCI function's ...
459	161	context	at-creation	2026-09-20	2026-09-20	might fail on xenon. Two blocks refused it with the same reasoning: M-161 (the x86_64 kernel port) deferred it, and M-215 (a PCI function's ...
459	215	context	at-creation	2026-09-20	2026-09-20	at a null modem, which M-215's block calls this project's most expensive place to discover
460	162	context	at-creation	2026-09-20	2026-09-20	**Status: REFUSED.** Refused by M-162 (design/roadmap/162-cpu-instruction-entropy.md), and
460	448	context	at-creation	2026-09-20	2026-09-20	M-448 (design/roadmap/448-a-refusal-gets-a-number.md), which gave a refusal that names work a number, a
460	159	context	at-creation	2026-09-20	2026-09-20	> instruction to wrap; M-159's JH7110 TRNG is the real hardware source there, through its
460	162	context	at-creation	2026-09-20	2026-09-20	> -- design/roadmap/162-cpu-instruction-entropy.md
460	159	context	at-creation	2026-09-20	2026-09-20	behind it, and the real hardware source on that architecture is M-159 (a real hardware entropy source: the JH7110's TRNG), through its own ...
461	164	context	at-creation	2026-09-20	2026-09-20	**Status: REFUSED.** Refused by M-164 (design/roadmap/164-x86-64-fs-server-aes.md), and
461	448	context	at-creation	2026-09-20	2026-09-20	M-448 (design/roadmap/448-a-refusal-gets-a-number.md), which gave a refusal that names work a number, a
461	164	context	at-creation	2026-09-20	2026-09-20	> -- design/roadmap/164-x86-64-fs-server-aes.md
461	448	context	at-creation	2026-09-20	2026-09-20	This is the refusal that prompted M-448, and it is worth being exact about why it is a good
461	442	context	at-creation	2026-09-20	2026-09-20	**What has happened since is calef's, reported on 2026-09-20.** M-442 (a crypto provider `rustls` can use on all three
462	164	context	at-creation	2026-09-20	2026-09-20	**Status: REFUSED.** Refused by M-164 (design/roadmap/164-x86-64-fs-server-aes.md), and
462	448	context	at-creation	2026-09-20	2026-09-20	M-448 (design/roadmap/448-a-refusal-gets-a-number.md), which gave a refusal that names work a number, a
462	164	context	at-creation	2026-09-20	2026-09-20	> -- design/roadmap/164-x86-64-fs-server-aes.md
462	461	context	at-creation	2026-09-20	2026-09-20	M-461 (design/roadmap/461-an-sse-enabled-x86-64-userspace-target.md), so the two move together.
463	165	context	at-creation	2026-09-20	2026-09-20	**Status: REFUSED.** Refused by M-165 (design/roadmap/165-x86-64-pci-acpi-mcfg.md), and
463	448	context	at-creation	2026-09-20	2026-09-20	M-448 (design/roadmap/448-a-refusal-gets-a-number.md), which gave a refusal that names work a number, a
463	165	context	at-creation	2026-09-20	2026-09-20	> -- design/roadmap/165-x86-64-pci-acpi-mcfg.md
464	168	context	at-creation	2026-09-20	2026-09-20	**Status: REFUSED.** Refused by M-168 (design/roadmap/168-multitasking-benchmark.md), and
464	448	context	at-creation	2026-09-20	2026-09-20	M-448 (design/roadmap/448-a-refusal-gets-a-number.md), which gave a refusal that names work a number, a
464	168	context	at-creation	2026-09-20	2026-09-20	> -- design/roadmap/168-multitasking-benchmark.md
465	175	context	at-creation	2026-09-20	2026-09-20	M-175 (design/roadmap/175-user-components-fixtures-split.md), and recorded there on 2026-09-13. Backfilled
465	448	context	at-creation	2026-09-20	2026-09-20	here on 2026-09-20 by M-448 (design/roadmap/448-a-refusal-gets-a-number.md), which gave a
465	175	context	at-creation	2026-09-20	2026-09-20	> -- design/roadmap/175-user-components-fixtures-split.md
466	448	context	at-creation	2026-09-20	2026-09-20	M-448 (design/roadmap/448-a-refusal-gets-a-number.md), which gave a refusal that names work a number, a
467	188	context	at-creation	2026-09-20	2026-09-20	**Status: REFUSED.** Refused by M-188 (design/roadmap/188-ipc-fastpath.md), and recorded
467	448	context	at-creation	2026-09-20	2026-09-20	M-448 (design/roadmap/448-a-refusal-gets-a-number.md), which gave a refusal that names work a number, a
467	188	context	at-creation	2026-09-20	2026-09-20	> -- design/roadmap/188-ipc-fastpath.md
468	197	context	at-creation	2026-09-20	2026-09-20	**Status: REFUSED.** Refused by M-197 (design/roadmap/197-user-and-xtask-proofs.md), and
468	448	context	at-creation	2026-09-20	2026-09-20	M-448 (design/roadmap/448-a-refusal-gets-a-number.md), which gave a refusal that names work a number, a
468	197	context	at-creation	2026-09-20	2026-09-20	> -- design/roadmap/197-user-and-xtask-proofs.md
469	203	context	at-creation	2026-09-20	2026-09-20	**Status: REFUSED.** Refused by M-203 (design/roadmap/203-vendored-engine-upgrades.md), and
469	448	context	at-creation	2026-09-20	2026-09-20	M-448 (design/roadmap/448-a-refusal-gets-a-number.md), which gave a refusal that names work a number, a
469	203	context	at-creation	2026-09-20	2026-09-20	> -- design/roadmap/203-vendored-engine-upgrades.md
470	211	context	at-creation	2026-09-20	2026-09-20	**Status: REFUSED.** Refused by M-211 (design/roadmap/211-self-referential-harnesses.md),
470	213	context	at-creation	2026-09-20	2026-09-20	M-213 (design/roadmap/213-harnesses-that-duplicate-the-implementation.md), and recorded
470	448	context	at-creation	2026-09-20	2026-09-20	M-448 (design/roadmap/448-a-refusal-gets-a-number.md), which gave a refusal that names work a number, a
470	211	context	at-creation	2026-09-20	2026-09-20	> -- design/roadmap/211-self-referential-harnesses.md
470	213	context	at-creation	2026-09-20	2026-09-20	> -- design/roadmap/213-harnesses-that-duplicate-the-implementation.md
471	214	context	at-creation	2026-09-20	2026-09-20	**Status: REFUSED.** Refused by M-214 (design/roadmap/214-print-and-return-skips.md), and
471	448	context	at-creation	2026-09-20	2026-09-20	M-448 (design/roadmap/448-a-refusal-gets-a-number.md), which gave a refusal that names work a number, a
471	214	context	at-creation	2026-09-20	2026-09-20	> -- design/roadmap/214-print-and-return-skips.md
472	216	context	at-creation	2026-09-20	2026-09-20	**Status: REFUSED.** Refused by M-216 (design/roadmap/216-board-console.md), and recorded
472	448	context	at-creation	2026-09-20	2026-09-20	M-448 (design/roadmap/448-a-refusal-gets-a-number.md), which gave a refusal that names work a number, a
472	216	context	at-creation	2026-09-20	2026-09-20	> -- design/roadmap/216-board-console.md
473	219	context	at-creation	2026-09-20	2026-09-20	**Status: REFUSED.** Refused by M-219 (design/roadmap/219-a-workload-that-does-not-stop.md),
473	448	context	at-creation	2026-09-20	2026-09-20	M-448 (design/roadmap/448-a-refusal-gets-a-number.md), which gave a refusal that names work a number, a
473	219	context	at-creation	2026-09-20	2026-09-20	> -- design/roadmap/219-a-workload-that-does-not-stop.md
474	220	context	at-creation	2026-09-20	2026-09-20	**Status: REFUSED.** Refused by M-220 (design/roadmap/220-jh7110-clock-and-reset.md), and
474	448	context	at-creation	2026-09-20	2026-09-20	M-448 (design/roadmap/448-a-refusal-gets-a-number.md), which gave a refusal that names work a number, a
474	220	context	at-creation	2026-09-20	2026-09-20	> -- design/roadmap/220-jh7110-clock-and-reset.md
475	222	context	at-creation	2026-09-20	2026-09-20	**Status: REFUSED.** Refused by M-222 (design/roadmap/222-hvf-leg-fails-silently.md), and
475	448	context	at-creation	2026-09-20	2026-09-20	M-448 (design/roadmap/448-a-refusal-gets-a-number.md), which gave a refusal that names work a number, a
475	222	context	at-creation	2026-09-20	2026-09-20	> -- design/roadmap/222-hvf-leg-fails-silently.md
476	226	context	at-creation	2026-09-20	2026-09-20	**Status: REFUSED.** Refused by M-226 (design/roadmap/226-qemu-bounded-orphans.md), and
476	448	context	at-creation	2026-09-20	2026-09-20	M-448 (design/roadmap/448-a-refusal-gets-a-number.md), which gave a refusal that names work a number, a
476	226	context	at-creation	2026-09-20	2026-09-20	> -- design/roadmap/226-qemu-bounded-orphans.md
476	473	context	at-creation	2026-09-20	2026-09-20	condition M-473 (design/roadmap/473-a-soak-leg-in-script-test.md) states for the same
477	249	context	at-creation	2026-09-20	2026-09-20	M-249 (design/roadmap/249-the-boot-lottery-is-sampled-by-a-person-walking-to-the-board.md), and recorded
477	448	context	at-creation	2026-09-20	2026-09-20	M-448 (design/roadmap/448-a-refusal-gets-a-number.md), which gave a refusal that names work a number, a
477	249	context	at-creation	2026-09-20	2026-09-20	> -- design/roadmap/249-the-boot-lottery-is-sampled-by-a-person-walking-to-the-board.md
478	448	context	at-creation	2026-09-20	2026-09-20	M-448 (design/roadmap/448-a-refusal-gets-a-number.md), which gave a refusal that names work a number, a
479	438	context	at-creation	2026-09-20	2026-09-20	**Status: REFUSED.** Refused by M-438 (design/roadmap/438-a-mutation-gate-on-the-diff.md),
479	448	context	at-creation	2026-09-20	2026-09-20	M-448 (design/roadmap/448-a-refusal-gets-a-number.md), which gave a refusal that names work a number, a
479	438	context	at-creation	2026-09-20	2026-09-20	> -- design/roadmap/438-a-mutation-gate-on-the-diff.md
479	517	context	at-creation	2026-09-20	2026-09-20	M-517 (what fraction of survivor growth arrives on lines a pull request touched) ran
479	438	context	at-creation	2026-09-20	2026-09-20	hand. The evidential objection this condition named is answered; the other two that M-438
479	517	context	at-creation	2026-09-20	2026-09-20	tree's risk is smallest. M-517 (what fraction of survivor growth arrives on lines a pull
479	438	context	at-creation	2026-09-20	2026-09-20	**And it has no rule for an artifact of the exclusion mechanism.** In M-438 (would a
480	448	context	at-creation	2026-09-20	2026-09-20	M-448 (design/roadmap/448-a-refusal-gets-a-number.md), which gave a refusal that names work a number, a
481	448	context	at-creation	2026-09-20	2026-09-20	M-448 (design/roadmap/448-a-refusal-gets-a-number.md), which gave a refusal that names work a number, a
482	448	context	at-creation	2026-09-20	2026-09-20	M-448 (design/roadmap/448-a-refusal-gets-a-number.md), which gave a refusal that names work a number, a
483	448	context	at-creation	2026-09-20	2026-09-20	M-448 (design/roadmap/448-a-refusal-gets-a-number.md), which gave a refusal that names work a number, a
484	448	context	at-creation	2026-09-20	2026-09-20	M-448 (design/roadmap/448-a-refusal-gets-a-number.md), which gave a refusal that names work a number, a
485	448	context	at-creation	2026-09-20	2026-09-20	M-448 (design/roadmap/448-a-refusal-gets-a-number.md), which gave a refusal that names work a number, a
486	448	context	at-creation	2026-09-20	2026-09-20	M-448 (design/roadmap/448-a-refusal-gets-a-number.md), which gave a refusal that names work a number, a
487	448	context	at-creation	2026-09-20	2026-09-20	M-448 (design/roadmap/448-a-refusal-gets-a-number.md), which gave a refusal that names work a number, a
488	119	context	at-creation	2026-09-20	2026-09-20	**Status: REFUSED.** Refused by M-119 (design/roadmap/119-merge-throughput.md),
488	448	context	at-creation	2026-09-20	2026-09-20	M-448 (design/roadmap/448-a-refusal-gets-a-number.md), which gave a refusal that names work
488	119	context	at-creation	2026-09-20	2026-09-20	> -- design/roadmap/119-merge-throughput.md
489	448	context	at-creation	2026-09-20	2026-09-20	M-448 (design/roadmap/448-a-refusal-gets-a-number.md), which gave a refusal that names work a number, a
490	448	context	at-creation	2026-09-20	2026-09-20	M-448 (design/roadmap/448-a-refusal-gets-a-number.md), which gave a refusal that names work a number, a
491	326	context	at-creation	2026-09-20	2026-09-20	it. Found by M-326 (nobody has been assigned to turn a)'s `machine_discovery` lane while regenerating a fixture for an unrelated
492	438	context	at-creation	2026-09-20	2026-09-20	improve it. Found by M-438 (would a diff-scoped mutation check have caught) while replaying `cargo mutants --in-diff` against M-319 (the crate ...
492	319	context	at-creation	2026-09-20	2026-09-20	improve it. Found by M-438 (would a diff-scoped mutation check have caught) while replaying `cargo mutants --in-diff` against M-319 (the crate ...
492	326	context	at-creation	2026-09-19	2026-09-20	shape M-326 already used for `**/src/proofs.rs`. Nothing has to build or boot first.
492	244	context	at-creation	2026-09-19	2026-09-20	M-244 found `system_initializer` scored 191-mutants-0-caught because `--exclude` does not
492	280	context	at-creation	2026-09-19	2026-09-20	remove a package from the dependency graph; M-280 found `uefi_loader`'s `[[bin]]` half
492	326	context	at-creation	2026-09-19	2026-09-20	scored on a file nothing compiles; M-326 found 36 of `timetable`'s 48 survivors were its own
492	244	context	at-creation	2026-09-19	2026-09-20	cannot rot). The second is what M-244's bare-metal gate already does one level over:
493	168	context	at-creation	2026-09-20	2026-09-20	not the moment to improve it. Written by M-168 (a multi-tasking workload benchmark)'s lane, which was asked to add AIM7's disk-
493	168	context	at-creation	2026-09-19	2026-09-20	**In brief.** M-168's mix now covers AIM7's compute, user-memory, pipe, page-mapping and process-creation
493	145	context	at-creation	2026-09-19	2026-09-20	because only QEMU attaches a controller (`notes/visionfive2.md`, the M-145 section). No SD
493	168	context	at-creation	2026-09-19	2026-09-20	result** for this instrument (M-168's gate). It would be a job whose only output is fiction.
493	168	context	at-creation	2026-09-19	2026-09-20	`design/fatal-risks.md`'s risk 4 is decided by M-168's sweep on radon. Two of the three jobs
493	168	context	at-creation	2026-09-19	2026-09-20	flat curve without it is still evidence**, weaker than a flat curve with it, and M-168's
493	168	context	at-creation	2026-09-19	2026-09-20	- Nothing else. M-168's first bench evening runs the seven-job mix without a disk.
493	168	context	at-creation	2026-09-20	2026-09-20	M-168's mix now covers AIM7's compute, user-memory, pipe, page-mapping and process-creation
494	198	context	at-creation	2026-09-20	2026-09-20	improve it. Written by M-198 (a package manager, and the trivial install)'s rungs lane (`milestone/198-rungs-to-a-trivial-install`) for
494	261	prerequisite	at-creation	2026-09-19	2026-09-20	The bench half needs xenon powered, which is the same attended boot M-261 needs.
494	260	context	at-creation	2026-09-19	2026-09-20	**Two records in the tree say otherwise, and neither cites anything.** M-260's `BUGS` and
494	242	context	at-creation	2026-09-19	2026-09-20	Ethernet adapter is the plausible bridge for such a laptop, and it rides on M-242's host
494	261	context	at-creation	2026-09-19	2026-09-20	- **The EL0 NVMe server** (M-261, DECISIONS S-86 option 2a) is the precedent for a real
494	261	context	at-creation	2026-09-19	2026-09-20	M-261's own load-bearing unknown (whether xenon's DMAR scope covers the function) applied to
494	299	context	at-creation	2026-09-19	2026-09-20	- **Interrupts**: x86 does not yet route a device line to a userspace waiter (M-299's scope
494	261	context	at-creation	2026-09-19	2026-09-20	- **xenon's DMAR scope for the NIC is unread**, the same unknown M-261 carries for the NVMe.
495	117	context	at-creation	2026-09-20	2026-09-20	by M-117 (the stranger test)'s run 6 lane, from what the run showed about the cadence that was supposed to have
496	442	context	at-creation	2026-09-20	2026-09-20	it. Written by the lane for M-442 (a crypto provider `rustls` can use on all three bare-
497	121	context	at-creation	2026-09-19	2026-09-20	**What is blocked**: nothing hard. M-121's `rg --sort modified` would order nife-written files
498	150	context	at-creation	2026-09-20	2026-09-20	improve it. Raised by M-150 (eight hand-maintained lists), item 3 of its design questions.
498	150	context	at-creation	2026-09-19	2026-09-20	**Gate: NONE.** Nothing is blocked on it. M-150 closed the mechanical half, so either answer
498	150	context	at-creation	2026-09-19	2026-09-20	M-150 taught that sweep to supply every operand the manifest asks for, so **adding such a
498	117	context	at-creation	2026-09-19	2026-09-20	M-117's fifth stranger picked the combination deliberately, as the one manifest shape nothing
498	150	context	at-creation	2026-09-19	2026-09-20	`grant_plan` (about twenty lines, beside the one M-150 added for file-plus-input) fails on
498	150	context	at-creation	2026-09-19	2026-09-20	and since M-150 is checked by `no_program_declares_both_a_file_and_an_input` rather than
500	198	context	at-creation	2026-09-20	2026-09-20	it. Found by M-198 (a package manager, and the trivial install)'s rungs lane (`milestone/198-rungs-to-a-trivial-install`) while mapping
500	104	context	at-creation	2026-09-19	2026-09-20	The measured-boot chain (M-104, DECISIONS S-26) chose a hash over a signature for exactly
501	442	context	at-creation	2026-09-20	2026-09-20	it. Written by the lane for M-442 (a crypto provider `rustls` can use on all three bare-
502	326	context	at-creation	2026-09-20	2026-09-20	it. Found by M-326 (nobody has been assigned to turn a) while triaging the 2026-09-14 mutation census. It is not that milestone's
503	134	context	at-creation	2026-09-20	2026-09-20	# 503. An event-counter driver, so M-134 (the register of measures)'s M6 to M8 have an instrument
503	134	context	at-creation	2026-09-20	2026-09-20	it. Written by M-134's per-IPC stack-depth lane, which re-checked tier B against the tree
503	134	context	at-creation	2026-09-19	2026-09-20	**In brief.** M-134's M6 (I-cache misses per IPC), M7 (D-cache misses, and whether they fall
503	147	context	at-creation	2026-09-19	2026-09-20	these three measures are that consumer. M-147's profiler would be a third.
503	134	context	at-creation	2026-09-19	2026-09-20	Cortex-A57 actually count, and whether they count them correctly. M-134's own BUGS expects
503	134	context	at-creation	2026-09-20	2026-09-20	M-134's M6 (I-cache misses per IPC), M7 (D-cache misses, and whether they fall in the stack
504	121	context	at-creation	2026-09-19	2026-09-20	**What is blocked until it is answered**: nothing on the customer path. M-121 (`ripgrep`)
505	182	context	at-creation	2026-09-20	2026-09-20	not the moment to improve it. Found by M-182 (x86_64's own interactive-boot entry point)'s lane while building `script/shell-check`'s
505	299	context	at-creation	2026-09-19	2026-09-20	x86_64 leg. M-299 recorded x86_64's polling input driver as a latency and CPU limitation;
505	299	followon	at-creation	2026-09-19	2026-09-20	input driver's interrupt-driven arm all exist on aarch64 and riscv64, and M-299's follow-on
505	231	context	at-creation	2026-09-19	2026-09-20	- **The capability-slot gauge** (`kernel::cap::report_peak`, M-231). It prints the mark at
505	182	context	at-creation	2026-09-19	2026-09-20	- `script/shell-check`'s BUGS entry and M-182's two BUGS entries on this are closed.
506	134	superseded	at-creation	2026-09-20	2026-09-20	it. Written by M-134 (the register of measures)'s per-IPC stack-depth lane, from the measurement that retired E1's
506	134	context	at-creation	2026-09-19	2026-09-20	M-134's and 168's evenings anyway (notes/footprint-perturbation.md, "The next radon
507	198	context	at-creation	2026-09-20	2026-09-20	it. Written by M-198 (a package manager, and the trivial install)'s scoping lane (`milestone/198-package-manager-scoping`). Shaped as a
507	150	context	at-creation	2026-09-19	2026-09-20	`boot`). M-150, in flight as PR #968, generates that table from one declaration, which
507	233	prerequisite	at-creation	2026-09-19	2026-09-20	progenitor hands it "a copy of exactly the one program it needs instead, as a blob" (M-233).
507	104	context	at-creation	2026-09-19	2026-09-20	runs nothing it cannot vouch for" (M-104). An installed package is, by construction, not in
507	150	context	at-creation	2026-09-19	2026-09-20	story nobody has: M-150's block notes removal "has no page at all today" even in-tree.
507	150	context	at-creation	2026-09-19	2026-09-20	No one has installed a nife package. **But M-150 is changing the program namespace's
507	198	superseded	at-creation	2026-09-19	2026-09-20	answer for a customer who wants `git` without rebuilding their system. *(2026-09-19: that first slice is superseded by DECISIONS S-157; see M-198's ...
508	243	context	at-creation	2026-09-20	2026-09-20	it. Found by M-243's lane, which re-applied its loader banner after a rebase, watched
508	441	context	at-creation	2026-09-19	2026-09-20	that a stick boots and that M-441's stick program writes. The five mentions of `uefi` in the
508	400	context	at-creation	2026-09-19	2026-09-20	Three things landed on 2026-09-19 that all run through that binary. M-400 (the shell on the
508	441	context	at-creation	2026-09-19	2026-09-20	firmware screen) put a terminal on it. M-441 (the program that makes the stick) has a host
508	243	context	at-creation	2026-09-19	2026-09-20	program write that one file to a stick, per architecture. M-243 (a machine with no serial
510	443	context	at-creation	2026-09-20	2026-09-20	it. Filed by M-443 (lanes wait on each other for three)'s lane, which took every gate off the generated index and found the last
510	294	context	at-creation	2026-09-20	2026-09-20	`design/roadmap/README.md` is generated from the per-milestone blocks (M-294 (design/roadmap/README.md's index is generated, not hand-maintained)) and ...
510	177	context	at-creation	2026-09-19	2026-09-20	not cosmetic. M-177 turned BUILT on 2026-09-19 and its row still read `PARTIAL` with no
510	128	context	at-creation	2026-09-19	2026-09-20	problem, and M-128's App is the mechanism that answers it. Until then the bot's commits
510	294	context	at-creation	2026-09-19	2026-09-20	one file M-294 removed it from, which is the hotspot coming straight back. That trade was
511	243	context	at-creation	2026-09-20	2026-09-20	M-243's lane while closing that block's two Outstanding items, and filed because milestone
511	243	context	at-creation	2026-09-19	2026-09-20	**In brief.** M-243 (a machine with no serial port) gave aarch64 and riscv64 a screen
511	243	context	at-creation	2026-09-19	2026-09-20	gives those boards the same bounded window M-243 gave x86_64. **Small, and it is the
511	157	context	at-creation	2026-09-19	2026-09-20	is *the same node* M-157 (real display output on the board) will read from U-Boot on
511	243	context	at-creation	2026-09-19	2026-09-20	- **`ramfb` is QEMU's.** No board has one, so the screen M-243 proved on aarch64 and
511	441	context	at-creation	2026-09-19	2026-09-20	from M-441's stick is a real machine's screen.
511	243	context	at-creation	2026-09-19	2026-09-20	is a third spelling beside UEFI's enum and DRM's `fourcc`. M-243 already carries the
511	157	context	at-creation	2026-09-19	2026-09-20	- **Whose milestone is it?** It is most of M-157's discovery half, arriving through a
511	157	context	at-creation	2026-09-19	2026-09-20	- `design/roadmap/157-uboot-framebuffer-handoff.md`: the milestone this most likely belongs to.
511	441	context	at-creation	2026-09-19	2026-09-20	`uefi_loader` gained aarch64 and riscv64 boot files in M-441 (the program that makes the
511	157	context	at-creation	2026-09-19	2026-09-20	`simple-framebuffer` node M-157 will read from U-Boot, retiring the `ramfb`'s 1.9 MB of
512	438	context	at-creation	2026-09-20	2026-09-20	not the moment to improve it. Found by M-438 (would a diff-scoped mutation check have caught), whose first measurement was a replay of the
512	438	context	at-creation	2026-09-19	2026-09-20	**Gate: NONE.** It is a correction to one paragraph of `design/fatal-risks.md` and to M-438's
512	438	context	at-creation	2026-09-19	2026-09-20	are in M-438's block with the commands that produced them.
512	319	context	at-creation	2026-09-19	2026-09-20	**77**, at 86.2% ... It is the crate M-319 proved on 2026-09-17: the proofs landed, the
512	438	context	at-creation	2026-09-19	2026-09-20	Risk 3 stays amber either way. What changes is what would turn it green, and M-438 refused a
513	443	context	at-creation	2026-09-20	2026-09-20	it. Filed by M-443 (lanes wait on each other for three)'s lane, which took the gates off the generated roadmap index and found
513	294	context	at-creation	2026-09-19	2026-09-20	**Gate: NONE.** It is M-294's shape applied to `design/decisions/`, over files already in
513	294	context	at-creation	2026-09-19	2026-09-20	Eight conflicts in a single session on 2026-09-14. M-294 derived the row from the block and
513	510	context	at-creation	2026-09-20	2026-09-20	`design/roadmap/510-nothing-regenerates-the-roadmap-index.md` is that question and this would
514	227	context	at-creation	2026-09-20	2026-09-20	it. Found by M-227 (a GICv3 driver, because GICv2 boots and)'s lane (a GICv3 driver), on the first two full `script/test --hvf` runs
514	222	context	at-creation	2026-09-20	2026-09-20	this machine could make since M-222 (the one command a person runs before).
515	198	context	at-creation	2026-09-20	2026-09-20	not the moment to improve it. Written by M-198 (a package manager, and the trivial install)'s rungs lane (`milestone/198-rungs-to-a-
515	261	prerequisite	at-creation	2026-09-19	2026-09-20	only). The mechanism is reversible and is recommended. The bench half also needs M-261's
515	140	context	at-creation	2026-09-19	2026-09-20	| 3. Put `BOOTX64.EFI` on the EFI system partition | Nothing: there is no FAT writer (M-140's FAT32 stratum is `NOT-STARTED` and read-first) | Both the ...
515	233	context	at-creation	2026-09-19	2026-09-20	| **R1. The loader hands its own file over** | Before `ExitBootServices`, `uefi_loader` opens its own file through the firmware (the loaded-image protocol ...
515	140	context	at-creation	2026-09-19	2026-09-20	| R2. nife reads the stick itself | USB mass storage over M-242's host controller, then M-140's FAT32 reader | 242 is "months" by its own ...
515	242	context	at-creation	2026-09-19	2026-09-20	| R2. nife reads the stick itself | USB mass storage over M-242's host controller, then M-140's FAT32 reader | 242 is "months" by its own ...
515	140	context	at-creation	2026-09-19	2026-09-20	M-140's FAT32 write half and should say so at the call site.
515	243	context	at-creation	2026-09-19	2026-09-20	**Recommendation: B1 first and measure it**, on xenon and on one machine from M-243's fleet;
515	261	context	at-creation	2026-09-19	2026-09-20	firmware), which M-261 already names as the reason xenon's AHCI setting mattered.
515	261	context	at-creation	2026-09-19	2026-09-20	2. **On xenon**, the same with a photograph, after M-261's wipe and bench boot.
515	243	context	at-creation	2026-09-19	2026-09-20	3. **On one machine that is not xenon**, from M-243's fleet, which is what makes it a claim
515	261	prerequisite	at-creation	2026-09-19	2026-09-20	gate. The bench half is M-261's remaining step plus one boot. **It depends on**
515	261	context	at-creation	2026-09-21	2026-09-20	M-261 (the NVMe driver leaves the kernel)'s bench step, and no longer on `a-block-roster-that-can-name-an-nvme-disk.md`, which
515	242	context	at-creation	2026-09-19	2026-09-20	on the network, on packages, or on M-242: an installer that asks for confirmation over the
515	140	context	at-creation	2026-09-19	2026-09-20	resizing a filesystem nife cannot read, which is M-140's territory and a different order of
515	140	context	at-creation	2026-09-19	2026-09-20	clusters breaks the scheme silently unless the host tool refuses it. M-140's FAT32 write
516	117	context	at-creation	2026-09-20	2026-09-20	it. Written by M-117 (the stranger test)'s run 6 lane, from the stranger's red `script/test` and the operator's
516	215	context	at-creation	2026-09-19	2026-09-20	same VT-d fault lines, which M-215 established are the escape test's own expected faults,
517	438	context	at-creation	2026-09-20	2026-09-20	number M-438 (would a diff-scoped mutation check have caught the 55) named as his to ask
517	479	context	at-creation	2026-09-20	2026-09-20	numbers and a proposed wording. M-479 (a blocking `--in-diff` mutation gate) carries the
517	438	context	at-creation	2026-09-20	2026-09-20	M-438's own `BUGS` said the experiment needed pull requests its clone did not contain, and
517	142	context	at-creation	2026-09-20	2026-09-20	| [#545](https://github.com/crickertech/nife/pull/545) | M-142 (a text display good enough that people use it instead of a GUI), with UTF-8 decoding ...
517	129	context	at-creation	2026-09-20	2026-09-20	| [#326](https://github.com/crickertech/nife/pull/326) | M-129 (scheduled execution: a cron whose every entry is a grant), the `timetable` crate | 48 ...
517	161	context	at-creation	2026-09-20	2026-09-20	| [#451](https://github.com/crickertech/nife/pull/451) | M-161 (the x86_64 kernel port), ACPI parsing included | 42 |
517	438	context	at-creation	2026-09-20	2026-09-20	the commit, tool pinned at 27.1.0, the same shape M-438 used. The question is not how many
517	231	context	at-creation	2026-09-20	2026-09-20	| M-231 (nothing counts how many capability slots a boot actually uses) | `34b52ac3` | 5 | **5** (of 22) | 32 in 18s |
517	438	context	at-creation	2026-09-20	2026-09-20	This is M-438's third objection and the one that decides whether an inflow gate can carry
517	438	context	at-creation	2026-09-20	2026-09-20	the host corpus, timeouts are already the dominant cost of the one parser change M-438
517	479	context	at-creation	2026-09-20	2026-09-20	risk hostage to a decision M-479 refused on evidence that has not changed. The measurement
517	326	context	at-creation	2026-09-20	2026-09-20	which is the argument M-326 (nobody has been assigned to turn a mutation score upward) makes;
517	479	context	at-creation	2026-09-20	2026-09-20	- **M-479.** M-479 (a blocking `--in-diff` mutation gate), `design/roadmap/479-a-blocking-mutation-gate-on-the-diff.md`,
517	326	context	at-creation	2026-09-20	2026-09-20	which M-326's part-3 lane owns; this lane does not edit that file and the maintainer
517	438	context	at-creation	2026-09-20	2026-09-20	- **A replay is not a live run**, M-438's own caveat and it still holds: `--in-diff` against
517	438	context	at-creation	2026-09-20	2026-09-20	M-438 ended at the measurement that refused a diff-scoped gate and named the one nobody had:
518	512	context	at-creation	2026-09-20	2026-09-20	The mistake it refers to is M-512 (the census blamed one pull request for 55 survivors it did not write): `script/mutation --report`'s `(baseline ...
518	512	context	at-creation	2026-09-20	2026-09-20	which is 103 viable mutants at 100%. That is the same trap one level down from M-512's:
518	326	context	at-creation	2026-09-20	2026-09-20	lane does not rewrite that file: that is M-326 (turn a mutation score upward)'s part 4, held until its survivors are
518	532	context	at-creation	2026-09-21	2026-09-20	- **M-532.** M-532 (the mutation census should write its own row),
518	532	context	at-creation	2026-09-21	2026-09-20	`design/roadmap/532-the-census-writes-its-own-row.md`: have `mutation.yml`
518	326	context	at-creation	2026-09-20	2026-09-20	`notes/mutation-census.md`'s `BUGS`; the fix is M-326's part 4, held on purpose.
518	512	context	at-creation	2026-09-20	2026-09-20	- **M-512.** The correction this lane's finding owes `design/fatal-risks.md` belongs with
519	127	context	at-creation	2026-09-21	2026-09-21	| Hardware | **$89.99** for argon, the Jetson TX1 | M-127 (the seL4 machine: a Jetson TX1)'s own record |
521	447	context	at-creation	2026-09-21	2026-09-21	- M-447 (a thread's vector registers are its own)'s stack-frame regression, where a 544-byte
521	191	context	at-creation	2026-09-21	2026-09-21	- **M-191 (did the proofs catch the bugs?)** is the retrospective-against-a-corpus shape, and
522	175	context	at-creation	2026-09-21	2026-09-21	`components` or `fixtures` (the two packages holding every EL0 program, M-175 (split
522	134	context	at-creation	2026-09-21	2026-09-21	times (M-134 (the register of measures: every number this kernel owes itself)), and that
523	268	context	at-creation	2026-09-21	2026-09-21	The reason is one `cfg` and it is not a bug in the seal at all. Since M-268 (every architecture boots the same way: describe the machine, test ...
523	229	context	at-creation	2026-09-21	2026-09-21	**The supervisor does not need the cycle-counter grant of M-229 (build the cycle-counter grant DECISIONS 139 decided)**, and the question does not ...
523	228	context	at-creation	2026-09-21	2026-09-21	The cycle counter is the *other* counter: `PMCCNTR_EL0` and the `cycle` CSR, which M-228 (the cycle counters are closed by assumption, and on two ...
523	126	context	at-creation	2026-09-21	2026-09-21	M-126 (the `procps` package: who else is running, and who is allowed to ask)
523	281	context	at-creation	2026-09-21	2026-09-21	and M-281 (`watch` holds exactly what `ps` holds, so it is nothing). Of the thirteen programs the shell can run
523	240	context	at-creation	2026-09-21	2026-09-21	M-240 (the soak reports what happened and not where, so an eightfold difference cannot be explained) found that placement decides throughput on radon ...
523	282	context	at-creation	2026-09-21	2026-09-21	the idea of a fourth `SURVEY` word for scheduled CPU *time* (M-282 (a thread's CPU time, and the `top` it makes possible), DECISIONS S-150 (how does a ...
523	375	context	at-creation	2026-09-21	2026-09-21	cannot read it"*. **Radon's is 4 MHz** (`design/roadmap/375-e3-on-radon-with-real-cycles.md:7`,
523	167	context	at-creation	2026-09-21	2026-09-21	x86_64 to riscv64. It does not work here, and the reason is already on the roadmap: M-167
523	167	prerequisite	at-creation	2026-09-21	2026-09-21	that way. **So blocker 5 is gated on M-167 before it is gated on anything else.**
523	324	context	at-creation	2026-09-21	2026-09-21	M-324 (the bench console cannot speak to any of the three boards) already
523	167	prerequisite	at-creation	2026-09-21	2026-09-21	because of it, and closing it properly is gated on M-167 (handing a computed page to a
523	168	context	at-creation	2026-09-21	2026-09-21	and M-168 (a multi-tasking workload benchmark: the number that would decide the event-kernel question) still takes its number through
523	240	context	at-creation	2026-09-21	2026-09-21	M-240's census dies, and three options for fixing that are priced here), and on riscv64
523	167	prerequisite	at-creation	2026-09-21	2026-09-21	itself gated on M-167.
524	161	context	at-creation	2026-09-21	2026-09-21	## Where this leaves M-161
524	161	context	at-creation	2026-09-21	2026-09-21	M-161 (the x86_64 kernel port) is BUILT, so `isa.rs`'s `BUGS` was pointing at finished
525	198	context	at-creation	2026-09-21	2026-09-21	This is the design half of rung 2b of M-198 (a package manager, and the trivial install that
525	198	context	at-creation	2026-09-21	2026-09-21	M-198 rung 2a put nife on a disk. A machine with one copy of its boot image has a property
525	198	context	at-creation	2026-09-21	2026-09-21	M-198 (a package manager, and the trivial install that makes a second customer possible)'s
525	198	prerequisite	at-creation	2026-09-21	2026-09-21	- **M-198.** The bench boot, which is rung 2b's other half: the sequence on xenon's own disk,
525	261	prerequisite	at-creation	2026-09-21	2026-09-21	photographed, gated on M-261 (the NVMe driver leaves the kernel, on the machine that can finally confine it)'s
526	322	context	at-creation	2026-09-20	2026-09-21	M-322 (one machine matrix for three architectures).
526	322	context	at-creation	2026-09-20	2026-09-21	3. **M-322's seam is the reason this is cheap.** The machine matrix already exists and
526	143	context	at-creation	2026-09-20	2026-09-21	**The IOMMU line on the same slide.** That is M-143 (silicon IOMMU: carrying 16b's driver to
527	282	context	at-creation	2026-09-21	2026-09-21	irreversible one, to be overturned before M-282 (a thread's CPU time, and the `top` it makes
527	282	context	at-creation	2026-09-21	2026-09-21	what M-282's figure means. Only how it reaches a reader moved.
527	240	context	at-creation	2026-09-21	2026-09-21	M-240 (the soak reports what happened and not where) as a **return value**, which is only
527	132	context	at-creation	2026-09-21	2026-09-21	6120 bytes), over M-132 (the fast path's footprint, and a gate)'s 5% bound, with
527	282	context	at-creation	2026-09-21	2026-09-21	## What M-282 adds, which is the point of building it this way
527	282	context	at-creation	2026-09-21	2026-09-21	one, and it belongs with M-282 (a thread's CPU time, and the `top` it makes possible)'s
527	240	context	at-creation	2026-09-21	2026-09-21	put on at start, a fact `spawn_reporting_placement` has held since M-240 with no path out;
527	282	context	at-creation	2026-09-21	2026-09-21	real silicon. M-282 now adds one constant and one match arm instead of a fourth register.
530	198	context	at-creation	2026-09-21	2026-09-21	exist.** Every external customer is therefore blocked on M-198 (the package manager) and
530	198	context	at-creation	2026-09-21	2026-09-21	work that unblocks the customer path **is** the customer path, and M-198 inherits the
530	198	context	at-creation	2026-09-21	2026-09-21	- **M-198 and S-157 landing**, at which point a third party becomes acceptable and this
531	191	context	at-creation	2026-09-21	2026-09-21	M-191 (did the proofs catch the bugs? a retrospective of every real defect against the
531	214	context	at-creation	2026-09-21	2026-09-21	defect in twelve places: M-214 (a test that prints "skipping" and returns is counted as
531	233	context	at-creation	2026-09-21	2026-09-21	up, green on three images and red on the pre-fix x86_64 one; M-233 (`login` dies on every
531	233	context	at-creation	2026-09-21	2026-09-21	prospectively, the class `notes/check-inventory.md` closes on: *"M-233's `login` was found by
531	191	context	at-creation	2026-09-21	2026-09-21	spot, which is what M-191's survivorship finding says about proofs and says equally here. It
531	311	context	at-creation	2026-09-21	2026-09-21	as a case it cannot tell apart, and M-311 (the audit cadence tripwire, and the month of
531	128	context	at-creation	2026-09-21	2026-09-21	mechanism is rung four until M-128 (the automation gets its own identity, and the agents get
531	275	context	at-creation	2026-09-21	2026-09-21	that the arguments still hold. M-275 (a gate that diffs `design/fatal-risks.md` against the
532	518	context	at-creation	2026-09-21	2026-09-21	**Status: NOT-STARTED.** *(Number provisional until the merge queue lands it.)* Promoted from the proposal `the-census-writes-its-own-row`, filed 2026-09-20, ...
533	120	context	at-creation	2026-09-20	2026-09-21	experiment. M-120 (the rename: the OS becomes `nife`) moved the repository from the `calef`
533	247	followon	at-creation	2026-09-20	2026-09-21	M-247 (follow-on work named by a finished milestone goes nowhere) has its own
533	444	context	at-creation	2026-09-20	2026-09-21	M-444 (a citation says what it cites) shipped it as `script/citations --ratchet`, wired
533	247	context	later	2026-09-19	2026-09-21	integrator who happens to look. M-247 argued a due-date gate would be routed around, and
534	447	context	at-creation	2026-09-21	2026-09-21	**Status: NOT-STARTED.** *(Number provisional until the merge queue lands it.)* Promoted from the proposal `the-soft-float-targets-could-now-be-flipped`, filed ...
534	184	context	at-creation	2026-09-20	2026-09-21	in the words of M-184 (extend the `std` port to x86_64), because `kernel/src/arch/x86_64/`
534	447	context	at-creation	2026-09-20	2026-09-21	M-447 built the save, on all three, so the feature strings are now a **choice**.
534	442	context	at-creation	2026-09-20	2026-09-21	within the hour: M-442 (a crypto provider `rustls` can use on all three bare-metal
536	193	context	at-creation	2026-09-20	2026-09-21	- **M-193 (put `kernel/src` within reach of the prover, because today the proofs cannot see it)**,
536	255	context	at-creation	2026-09-20	2026-09-21	- **M-255 (a quarter of `kernel/src/arch/` has no assembly in it, and none of it is proved)**,
536	304	context	at-creation	2026-09-20	2026-09-21	- **M-304 (`cargo kani -p kernel` only ever compiled one architecture, and it was the runner's)**,
538	447	context	at-creation	2026-09-21	2026-09-21	**Status: NOT-STARTED.** *(Number provisional until the merge queue lands it.)* Promoted from the proposal `what-else-assumes-arch-init-runs-on-every-core`, ...
540	448	context	at-creation	2026-09-20	2026-09-21	meets the feature. That rule works. M-448 (a refusal gets a number, a status, and a
540	447	context	at-creation	2026-09-20	2026-09-21	- M-447 (a thread's vector registers are its own) found that RISC-V's boot hart never calls
540	517	context	at-creation	2026-09-20	2026-09-21	M-517 (what fraction of survivor growth arrives on touched lines) found
541	415	prerequisite	at-creation	2026-09-21	2026-09-21	M-415 (sub-tripwire drift accumulates across baseline saves) requires that of any save.
542	115	context	at-creation	2026-09-21	2026-09-21	M-115 (the names that were refused) already takes for names. Every baseline in the tree carries it
542	370	context	at-creation	2026-09-21	2026-09-21	value nobody can measure, because M-370 (a layout control) exists precisely to say that
542	132	context	at-creation	2026-09-21	2026-09-21	belongs with M-132 (the fast path's footprint) and M-188 (the IPC fastpath), and
542	188	context	at-creation	2026-09-21	2026-09-21	belongs with M-132 (the fast path's footprint) and M-188 (the IPC fastpath), and
542	370	context	at-creation	2026-09-21	2026-09-21	M-370 (a layout control), with M-132 (the fast path's footprint) and
542	132	context	at-creation	2026-09-21	2026-09-21	M-370 (a layout control), with M-132 (the fast path's footprint) and
542	188	context	at-creation	2026-09-21	2026-09-21	M-188 (the IPC fastpath) owning the question.
554	525	followon	at-creation	2026-09-21	2026-09-21	oversight: retiring it means editing M-525's block, whose `**Proposed.**` follow-on row and
554	525	context	at-creation	2026-09-21	2026-09-21	`design/roadmap/proposals/nothing-marks-a-trial-boot-successful.md`, and change M-525 (a bad upgrade cannot brick the machine: two boot slots, tries ...
554	198	prerequisite	at-creation	2026-09-21	2026-09-21	This is the other half of rung 2b of M-198 (a package manager, and the trivial install that
554	198	context	at-creation	2026-09-21	2026-09-21	- **M-198.** The upgrader: the program that writes the spare slot and puts it on trial. It
555	442	context	later	2026-09-20	2026-09-22	`vector 6 (invalid opcode)` **before printing anything**. M-442 (a crypto provider `rustls`
555	447	context	later	2026-09-20	2026-09-22	**It is not a bug in the kernel and the fault is correct.** M-447 (a thread's vector
555	447	context	later	2026-09-20	2026-09-22	M-447 also established the trap in reasoning about this: **the target flip does not retire
555	447	context	later	2026-09-20	2026-09-22	is the syscall surface's neighbourhood. It costs what M-447 measured for the narrow state
557	132	context	at-creation	2026-09-21	2026-09-22	`ipc_fastpath` on aarch64, over the 5% bound of M-132 (the fast path's footprint). That
